ISO-10303-21;
HEADER;
/* Generated by software containing ST-Developer
 * from STEP Tools, Inc. (www.steptools.com) 
 */
/* OPTION: using custom renumber hook */

FILE_DESCRIPTION(
/* description */ ('STEP AP203'),
/* implementation_level */ '2;1');

FILE_NAME(
/* name */ 'FFSD-05-S-01.00-01-N',
/* time_stamp */ '2026-04-23T12:45:29+02:00',
/* author */ ('License CC BY-ND 4.0'),
/* organization */ ('CADENAS'),
/* preprocessor_version */ 'ST-DEVELOPER v20',
/* originating_system */ 'PARTsolutions',
/* authorisation */ '  ');

FILE_SCHEMA (('CONFIG_CONTROL_DESIGN'));
ENDSEC;

DATA;
#10=PROPERTY_DEFINITION_REPRESENTATION(#14,#12);
#11=PROPERTY_DEFINITION_REPRESENTATION(#15,#13);
#12=REPRESENTATION('',(#16),#14703);
#13=REPRESENTATION('',(#17),#14703);
#14=PROPERTY_DEFINITION('pmi validation property','',#14717);
#15=PROPERTY_DEFINITION('pmi validation property','',#14717);
#16=VALUE_REPRESENTATION_ITEM('number of annotations',COUNT_MEASURE(0.));
#17=VALUE_REPRESENTATION_ITEM('number of views',COUNT_MEASURE(0.));
#18=CYLINDRICAL_SURFACE('',#9556,0.0202);
#19=CYLINDRICAL_SURFACE('',#9557,0.0202);
#20=CYLINDRICAL_SURFACE('',#9558,0.0202);
#21=CYLINDRICAL_SURFACE('',#9559,0.0202);
#22=CYLINDRICAL_SURFACE('',#9560,0.0202);
#23=CYLINDRICAL_SURFACE('',#9561,0.0202);
#24=CYLINDRICAL_SURFACE('',#9562,0.0202);
#25=CYLINDRICAL_SURFACE('',#9563,0.0202);
#26=CYLINDRICAL_SURFACE('',#9564,0.0202);
#27=CYLINDRICAL_SURFACE('',#9565,0.0202);
#28=CYLINDRICAL_SURFACE('',#9566,0.0202);
#29=CYLINDRICAL_SURFACE('',#9567,0.0202);
#30=CYLINDRICAL_SURFACE('',#9568,0.0202);
#31=CYLINDRICAL_SURFACE('',#9569,0.0202);
#32=CYLINDRICAL_SURFACE('',#9570,0.0202);
#33=CYLINDRICAL_SURFACE('',#9571,0.0202);
#34=CYLINDRICAL_SURFACE('',#9573,0.0202);
#35=CYLINDRICAL_SURFACE('',#9574,0.0202);
#36=CYLINDRICAL_SURFACE('',#9575,0.0201999999999998);
#37=CYLINDRICAL_SURFACE('',#9576,0.0201999999999998);
#38=CYLINDRICAL_SURFACE('',#9578,0.0121);
#39=CYLINDRICAL_SURFACE('',#9582,0.0121);
#40=CYLINDRICAL_SURFACE('',#9586,0.0121);
#41=CYLINDRICAL_SURFACE('',#9590,0.0121);
#42=CYLINDRICAL_SURFACE('',#9594,0.0121);
#43=CYLINDRICAL_SURFACE('',#9598,0.0121);
#44=CYLINDRICAL_SURFACE('',#9602,0.0121);
#45=CYLINDRICAL_SURFACE('',#9606,0.0121);
#46=CYLINDRICAL_SURFACE('',#9610,0.0121);
#47=CYLINDRICAL_SURFACE('',#9614,0.0121);
#48=CYLINDRICAL_SURFACE('',#9618,0.0121);
#49=CYLINDRICAL_SURFACE('',#9622,0.0121);
#50=CYLINDRICAL_SURFACE('',#9626,0.0121);
#51=CYLINDRICAL_SURFACE('',#9630,0.0121);
#52=CYLINDRICAL_SURFACE('',#9634,0.0121);
#53=CYLINDRICAL_SURFACE('',#9638,0.0121);
#54=CYLINDRICAL_SURFACE('',#9642,0.0121);
#55=CYLINDRICAL_SURFACE('',#9646,0.0121);
#56=CYLINDRICAL_SURFACE('',#9679,0.00299999409600095);
#57=CYLINDRICAL_SURFACE('',#9695,0.00299999409600094);
#58=CYLINDRICAL_SURFACE('',#9711,0.00299999409600092);
#59=CYLINDRICAL_SURFACE('',#9727,0.00299999409600093);
#60=CYLINDRICAL_SURFACE('',#9743,0.00299999409600093);
#61=CIRCLE('',#9380,0.0121);
#62=CIRCLE('',#9381,0.0121);
#63=CIRCLE('',#9382,0.0121);
#64=CIRCLE('',#9383,0.0121);
#65=CIRCLE('',#9384,0.0121);
#66=CIRCLE('',#9385,0.0121);
#67=CIRCLE('',#9386,0.0121);
#68=CIRCLE('',#9387,0.0121);
#69=CIRCLE('',#9388,0.0121);
#70=CIRCLE('',#9389,0.0121);
#71=CIRCLE('',#9391,0.0202);
#72=CIRCLE('',#9392,0.0202);
#73=CIRCLE('',#9394,0.0202);
#74=CIRCLE('',#9395,0.0202);
#75=CIRCLE('',#9396,0.0202);
#76=CIRCLE('',#9398,0.0202);
#77=CIRCLE('',#9399,0.0202);
#78=CIRCLE('',#9400,0.0202);
#79=CIRCLE('',#9402,0.0202);
#80=CIRCLE('',#9403,0.0202);
#81=CIRCLE('',#9404,0.0202);
#82=CIRCLE('',#9408,0.0121);
#83=CIRCLE('',#9409,0.0121);
#84=CIRCLE('',#9410,0.0121);
#85=CIRCLE('',#9411,0.0121);
#86=CIRCLE('',#9412,0.0121);
#87=CIRCLE('',#9413,0.0121);
#88=CIRCLE('',#9414,0.0121);
#89=CIRCLE('',#9415,0.0121);
#90=CIRCLE('',#9416,0.0121);
#91=CIRCLE('',#9417,0.0121);
#92=CIRCLE('',#9419,0.0202);
#93=CIRCLE('',#9420,0.0202);
#94=CIRCLE('',#9421,0.0202);
#95=CIRCLE('',#9423,0.0202);
#96=CIRCLE('',#9424,0.0202);
#97=CIRCLE('',#9425,0.0202);
#98=CIRCLE('',#9427,0.0202);
#99=CIRCLE('',#9428,0.0202);
#100=CIRCLE('',#9429,0.0202);
#101=CIRCLE('',#9431,0.0202);
#102=CIRCLE('',#9432,0.0202);
#103=CIRCLE('',#9433,0.0202);
#104=CIRCLE('',#9449,0.0121);
#105=CIRCLE('',#9450,0.0202000000000001);
#106=CIRCLE('',#9451,0.0202);
#107=CIRCLE('',#9452,0.0202);
#108=CIRCLE('',#9453,0.0202);
#109=CIRCLE('',#9454,0.0202);
#110=CIRCLE('',#9455,0.0202);
#111=CIRCLE('',#9456,0.0202);
#112=CIRCLE('',#9457,0.0202);
#113=CIRCLE('',#9458,0.0202);
#114=CIRCLE('',#9459,0.0202000000000001);
#115=CIRCLE('',#9460,0.0121);
#116=CIRCLE('',#9461,0.0121);
#117=CIRCLE('',#9462,0.0121);
#118=CIRCLE('',#9463,0.0121);
#119=CIRCLE('',#9464,0.0121);
#120=CIRCLE('',#9465,0.0121);
#121=CIRCLE('',#9466,0.0121);
#122=CIRCLE('',#9467,0.0121);
#123=CIRCLE('',#9468,0.0121);
#124=CIRCLE('',#9471,0.0202);
#125=CIRCLE('',#9472,0.0202);
#126=CIRCLE('',#9474,0.0202);
#127=CIRCLE('',#9475,0.0202);
#128=CIRCLE('',#9476,0.0202);
#129=CIRCLE('',#9478,0.0202);
#130=CIRCLE('',#9479,0.0202);
#131=CIRCLE('',#9480,0.0202);
#132=CIRCLE('',#9482,0.0202);
#133=CIRCLE('',#9483,0.0202);
#134=CIRCLE('',#9484,0.0202);
#135=CIRCLE('',#9486,0.0202);
#136=CIRCLE('',#9487,0.0202);
#137=CIRCLE('',#9488,0.0202);
#138=CIRCLE('',#9490,0.0202);
#139=CIRCLE('',#9491,0.0202);
#140=CIRCLE('',#9492,0.0202);
#141=CIRCLE('',#9494,0.0202);
#142=CIRCLE('',#9495,0.0202);
#143=CIRCLE('',#9496,0.0202);
#144=CIRCLE('',#9498,0.0202);
#145=CIRCLE('',#9499,0.0202);
#146=CIRCLE('',#9500,0.0202);
#147=CIRCLE('',#9502,0.0202);
#148=CIRCLE('',#9503,0.0202);
#149=CIRCLE('',#9504,0.0201999999999998);
#150=CIRCLE('',#9506,0.0202);
#151=CIRCLE('',#9507,0.0202);
#152=CIRCLE('',#9508,0.0201999999999998);
#153=CIRCLE('',#9510,0.0201999999999998);
#154=CIRCLE('',#9511,0.0202);
#155=CIRCLE('',#9513,0.0201999999999998);
#156=CIRCLE('',#9514,0.0202);
#157=CIRCLE('',#9516,0.0121);
#158=CIRCLE('',#9517,0.0121);
#159=CIRCLE('',#9518,0.0121);
#160=CIRCLE('',#9519,0.0121);
#161=CIRCLE('',#9520,0.0121);
#162=CIRCLE('',#9521,0.0121);
#163=CIRCLE('',#9522,0.0121);
#164=CIRCLE('',#9523,0.0121);
#165=CIRCLE('',#9524,0.0121);
#166=CIRCLE('',#9525,0.0121);
#167=CIRCLE('',#9526,0.0202000000000001);
#168=CIRCLE('',#9527,0.0202);
#169=CIRCLE('',#9528,0.0202);
#170=CIRCLE('',#9529,0.0202);
#171=CIRCLE('',#9530,0.0202);
#172=CIRCLE('',#9531,0.0202);
#173=CIRCLE('',#9532,0.0202);
#174=CIRCLE('',#9533,0.0202);
#175=CIRCLE('',#9534,0.0202);
#176=CIRCLE('',#9535,0.0202000000000001);
#177=CIRCLE('',#9579,0.0121);
#178=CIRCLE('',#9580,0.0121);
#179=CIRCLE('',#9583,0.0121);
#180=CIRCLE('',#9584,0.0121);
#181=CIRCLE('',#9587,0.0121);
#182=CIRCLE('',#9588,0.0121);
#183=CIRCLE('',#9591,0.0121);
#184=CIRCLE('',#9592,0.0121);
#185=CIRCLE('',#9595,0.0121);
#186=CIRCLE('',#9596,0.0121);
#187=CIRCLE('',#9599,0.0121);
#188=CIRCLE('',#9600,0.0121);
#189=CIRCLE('',#9603,0.0121);
#190=CIRCLE('',#9604,0.0121);
#191=CIRCLE('',#9607,0.0121);
#192=CIRCLE('',#9608,0.0121);
#193=CIRCLE('',#9611,0.0121);
#194=CIRCLE('',#9612,0.0121);
#195=CIRCLE('',#9615,0.0121);
#196=CIRCLE('',#9616,0.0121);
#197=CIRCLE('',#9619,0.0121);
#198=CIRCLE('',#9620,0.0121);
#199=CIRCLE('',#9623,0.0121);
#200=CIRCLE('',#9624,0.0121);
#201=CIRCLE('',#9627,0.0121);
#202=CIRCLE('',#9628,0.0121);
#203=CIRCLE('',#9631,0.0121);
#204=CIRCLE('',#9632,0.0121);
#205=CIRCLE('',#9635,0.0121);
#206=CIRCLE('',#9636,0.0121);
#207=CIRCLE('',#9639,0.0121);
#208=CIRCLE('',#9640,0.0121);
#209=CIRCLE('',#9643,0.0121);
#210=CIRCLE('',#9644,0.0121);
#211=CIRCLE('',#9647,0.0121);
#212=CIRCLE('',#9648,0.0121);
#213=CIRCLE('',#9680,0.00299999409600095);
#214=CIRCLE('',#9681,0.00299999409600095);
#215=CIRCLE('',#9696,0.00299999409600094);
#216=CIRCLE('',#9697,0.00299999409600094);
#217=CIRCLE('',#9712,0.00299999409600092);
#218=CIRCLE('',#9713,0.00299999409600092);
#219=CIRCLE('',#9728,0.00299999409600093);
#220=CIRCLE('',#9729,0.00299999409600093);
#221=CIRCLE('',#9744,0.00299999409600093);
#222=CIRCLE('',#9745,0.00299999409600093);
#223=CONTEXT_DEPENDENT_SHAPE_REPRESENTATION(#231,#14719);
#224=CONTEXT_DEPENDENT_SHAPE_REPRESENTATION(#232,#14721);
#225=CONTEXT_DEPENDENT_SHAPE_REPRESENTATION(#233,#14723);
#226=CONTEXT_DEPENDENT_SHAPE_REPRESENTATION(#234,#14724);
#227=NEXT_ASSEMBLY_USAGE_OCCURRENCE('NAUO1','FFSD-050LB','FFSD-050LB',#14725,
#14726,'');
#228=NEXT_ASSEMBLY_USAGE_OCCURRENCE('NAUO2','FFSD-05()ub','FFSD-05()ub',
#14725,#14727,'');
#229=NEXT_ASSEMBLY_USAGE_OCCURRENCE('NAUO3','FFSD-05pin','FFSD-05pin',#14725,
#14728,'');
#230=NEXT_ASSEMBLY_USAGE_OCCURRENCE('NAUO4','FFSD-05pin','FFSD-05pin',#14725,
#14728,'');
#231=(
REPRESENTATION_RELATIONSHIP(' ',' ',#9148,#9147)
REPRESENTATION_RELATIONSHIP_WITH_TRANSFORMATION(#235)
SHAPE_REPRESENTATION_RELATIONSHIP()
);
#232=(
REPRESENTATION_RELATIONSHIP(' ',' ',#9149,#9147)
REPRESENTATION_RELATIONSHIP_WITH_TRANSFORMATION(#236)
SHAPE_REPRESENTATION_RELATIONSHIP()
);
#233=(
REPRESENTATION_RELATIONSHIP(' ',' ',#9150,#9147)
REPRESENTATION_RELATIONSHIP_WITH_TRANSFORMATION(#237)
SHAPE_REPRESENTATION_RELATIONSHIP()
);
#234=(
REPRESENTATION_RELATIONSHIP(' ',' ',#9150,#9147)
REPRESENTATION_RELATIONSHIP_WITH_TRANSFORMATION(#238)
SHAPE_REPRESENTATION_RELATIONSHIP()
);
#235=ITEM_DEFINED_TRANSFORMATION(' ',' ',#9151,#9350);
#236=ITEM_DEFINED_TRANSFORMATION(' ',' ',#9151,#9651);
#237=ITEM_DEFINED_TRANSFORMATION(' ',' ',#9151,#9750);
#238=ITEM_DEFINED_TRANSFORMATION(' ',' ',#9151,#9751);
#239=SHAPE_REPRESENTATION_RELATIONSHIP('','',#9148,#242);
#240=SHAPE_REPRESENTATION_RELATIONSHIP('','',#9149,#243);
#241=SHAPE_REPRESENTATION_RELATIONSHIP('','',#9150,#244);
#242=ADVANCED_BREP_SHAPE_REPRESENTATION('',(#9140),#14704);
#243=ADVANCED_BREP_SHAPE_REPRESENTATION('',(#9141),#14705);
#244=ADVANCED_BREP_SHAPE_REPRESENTATION('',(#9142),#14706);
#245=ORIENTED_EDGE('',*,*,#2859,.F.);
#246=ORIENTED_EDGE('',*,*,#2860,.F.);
#247=ORIENTED_EDGE('',*,*,#2861,.F.);
#248=ORIENTED_EDGE('',*,*,#2862,.F.);
#249=ORIENTED_EDGE('',*,*,#2863,.F.);
#250=ORIENTED_EDGE('',*,*,#2864,.F.);
#251=ORIENTED_EDGE('',*,*,#2865,.F.);
#252=ORIENTED_EDGE('',*,*,#2866,.F.);
#253=ORIENTED_EDGE('',*,*,#2867,.F.);
#254=ORIENTED_EDGE('',*,*,#2868,.F.);
#255=ORIENTED_EDGE('',*,*,#2869,.F.);
#256=ORIENTED_EDGE('',*,*,#2870,.F.);
#257=ORIENTED_EDGE('',*,*,#2871,.T.);
#258=ORIENTED_EDGE('',*,*,#2872,.F.);
#259=ORIENTED_EDGE('',*,*,#2873,.F.);
#260=ORIENTED_EDGE('',*,*,#2874,.T.);
#261=ORIENTED_EDGE('',*,*,#2875,.F.);
#262=ORIENTED_EDGE('',*,*,#2876,.F.);
#263=ORIENTED_EDGE('',*,*,#2877,.F.);
#264=ORIENTED_EDGE('',*,*,#2878,.F.);
#265=ORIENTED_EDGE('',*,*,#2879,.F.);
#266=ORIENTED_EDGE('',*,*,#2880,.F.);
#267=ORIENTED_EDGE('',*,*,#2881,.F.);
#268=ORIENTED_EDGE('',*,*,#2882,.F.);
#269=ORIENTED_EDGE('',*,*,#2883,.F.);
#270=ORIENTED_EDGE('',*,*,#2884,.F.);
#271=ORIENTED_EDGE('',*,*,#2885,.T.);
#272=ORIENTED_EDGE('',*,*,#2886,.T.);
#273=ORIENTED_EDGE('',*,*,#2887,.F.);
#274=ORIENTED_EDGE('',*,*,#2888,.F.);
#275=ORIENTED_EDGE('',*,*,#2889,.T.);
#276=ORIENTED_EDGE('',*,*,#2890,.F.);
#277=ORIENTED_EDGE('',*,*,#2891,.T.);
#278=ORIENTED_EDGE('',*,*,#2892,.T.);
#279=ORIENTED_EDGE('',*,*,#2893,.T.);
#280=ORIENTED_EDGE('',*,*,#2894,.F.);
#281=ORIENTED_EDGE('',*,*,#2895,.T.);
#282=ORIENTED_EDGE('',*,*,#2896,.T.);
#283=ORIENTED_EDGE('',*,*,#2897,.T.);
#284=ORIENTED_EDGE('',*,*,#2898,.F.);
#285=ORIENTED_EDGE('',*,*,#2899,.F.);
#286=ORIENTED_EDGE('',*,*,#2900,.F.);
#287=ORIENTED_EDGE('',*,*,#2901,.T.);
#288=ORIENTED_EDGE('',*,*,#2902,.T.);
#289=ORIENTED_EDGE('',*,*,#2903,.T.);
#290=ORIENTED_EDGE('',*,*,#2904,.F.);
#291=ORIENTED_EDGE('',*,*,#2905,.F.);
#292=ORIENTED_EDGE('',*,*,#2906,.F.);
#293=ORIENTED_EDGE('',*,*,#2907,.T.);
#294=ORIENTED_EDGE('',*,*,#2908,.F.);
#295=ORIENTED_EDGE('',*,*,#2909,.T.);
#296=ORIENTED_EDGE('',*,*,#2910,.T.);
#297=ORIENTED_EDGE('',*,*,#2911,.T.);
#298=ORIENTED_EDGE('',*,*,#2912,.F.);
#299=ORIENTED_EDGE('',*,*,#2913,.T.);
#300=ORIENTED_EDGE('',*,*,#2914,.F.);
#301=ORIENTED_EDGE('',*,*,#2915,.F.);
#302=ORIENTED_EDGE('',*,*,#2916,.F.);
#303=ORIENTED_EDGE('',*,*,#2917,.F.);
#304=ORIENTED_EDGE('',*,*,#2918,.T.);
#305=ORIENTED_EDGE('',*,*,#2919,.T.);
#306=ORIENTED_EDGE('',*,*,#2920,.T.);
#307=ORIENTED_EDGE('',*,*,#2921,.T.);
#308=ORIENTED_EDGE('',*,*,#2922,.F.);
#309=ORIENTED_EDGE('',*,*,#2923,.F.);
#310=ORIENTED_EDGE('',*,*,#2924,.F.);
#311=ORIENTED_EDGE('',*,*,#2925,.F.);
#312=ORIENTED_EDGE('',*,*,#2926,.T.);
#313=ORIENTED_EDGE('',*,*,#2927,.T.);
#314=ORIENTED_EDGE('',*,*,#2928,.T.);
#315=ORIENTED_EDGE('',*,*,#2929,.T.);
#316=ORIENTED_EDGE('',*,*,#2930,.F.);
#317=ORIENTED_EDGE('',*,*,#2931,.F.);
#318=ORIENTED_EDGE('',*,*,#2932,.F.);
#319=ORIENTED_EDGE('',*,*,#2933,.F.);
#320=ORIENTED_EDGE('',*,*,#2934,.T.);
#321=ORIENTED_EDGE('',*,*,#2935,.T.);
#322=ORIENTED_EDGE('',*,*,#2936,.T.);
#323=ORIENTED_EDGE('',*,*,#2937,.T.);
#324=ORIENTED_EDGE('',*,*,#2938,.F.);
#325=ORIENTED_EDGE('',*,*,#2939,.F.);
#326=ORIENTED_EDGE('',*,*,#2940,.F.);
#327=ORIENTED_EDGE('',*,*,#2941,.F.);
#328=ORIENTED_EDGE('',*,*,#2942,.T.);
#329=ORIENTED_EDGE('',*,*,#2943,.T.);
#330=ORIENTED_EDGE('',*,*,#2944,.T.);
#331=ORIENTED_EDGE('',*,*,#2945,.T.);
#332=ORIENTED_EDGE('',*,*,#2946,.F.);
#333=ORIENTED_EDGE('',*,*,#2947,.F.);
#334=ORIENTED_EDGE('',*,*,#2948,.F.);
#335=ORIENTED_EDGE('',*,*,#2949,.F.);
#336=ORIENTED_EDGE('',*,*,#2950,.T.);
#337=ORIENTED_EDGE('',*,*,#2951,.T.);
#338=ORIENTED_EDGE('',*,*,#2952,.T.);
#339=ORIENTED_EDGE('',*,*,#2953,.T.);
#340=ORIENTED_EDGE('',*,*,#2954,.F.);
#341=ORIENTED_EDGE('',*,*,#2955,.F.);
#342=ORIENTED_EDGE('',*,*,#2956,.F.);
#343=ORIENTED_EDGE('',*,*,#2957,.F.);
#344=ORIENTED_EDGE('',*,*,#2958,.T.);
#345=ORIENTED_EDGE('',*,*,#2959,.T.);
#346=ORIENTED_EDGE('',*,*,#2960,.T.);
#347=ORIENTED_EDGE('',*,*,#2961,.T.);
#348=ORIENTED_EDGE('',*,*,#2962,.F.);
#349=ORIENTED_EDGE('',*,*,#2963,.F.);
#350=ORIENTED_EDGE('',*,*,#2964,.F.);
#351=ORIENTED_EDGE('',*,*,#2965,.F.);
#352=ORIENTED_EDGE('',*,*,#2904,.T.);
#353=ORIENTED_EDGE('',*,*,#2966,.T.);
#354=ORIENTED_EDGE('',*,*,#2967,.T.);
#355=ORIENTED_EDGE('',*,*,#2968,.T.);
#356=ORIENTED_EDGE('',*,*,#2969,.F.);
#357=ORIENTED_EDGE('',*,*,#2970,.F.);
#358=ORIENTED_EDGE('',*,*,#2971,.F.);
#359=ORIENTED_EDGE('',*,*,#2972,.F.);
#360=ORIENTED_EDGE('',*,*,#2973,.T.);
#361=ORIENTED_EDGE('',*,*,#2974,.T.);
#362=ORIENTED_EDGE('',*,*,#2908,.T.);
#363=ORIENTED_EDGE('',*,*,#2975,.T.);
#364=ORIENTED_EDGE('',*,*,#2976,.F.);
#365=ORIENTED_EDGE('',*,*,#2977,.F.);
#366=ORIENTED_EDGE('',*,*,#2978,.F.);
#367=ORIENTED_EDGE('',*,*,#2979,.F.);
#368=ORIENTED_EDGE('',*,*,#2980,.T.);
#369=ORIENTED_EDGE('',*,*,#2981,.T.);
#370=ORIENTED_EDGE('',*,*,#2890,.T.);
#371=ORIENTED_EDGE('',*,*,#2982,.T.);
#372=ORIENTED_EDGE('',*,*,#2983,.F.);
#373=ORIENTED_EDGE('',*,*,#2984,.F.);
#374=ORIENTED_EDGE('',*,*,#2985,.F.);
#375=ORIENTED_EDGE('',*,*,#2986,.F.);
#376=ORIENTED_EDGE('',*,*,#2898,.T.);
#377=ORIENTED_EDGE('',*,*,#2987,.T.);
#378=ORIENTED_EDGE('',*,*,#2988,.T.);
#379=ORIENTED_EDGE('',*,*,#2989,.T.);
#380=ORIENTED_EDGE('',*,*,#2990,.F.);
#381=ORIENTED_EDGE('',*,*,#2980,.F.);
#382=ORIENTED_EDGE('',*,*,#2991,.F.);
#383=ORIENTED_EDGE('',*,*,#2992,.T.);
#384=ORIENTED_EDGE('',*,*,#2993,.F.);
#385=ORIENTED_EDGE('',*,*,#2994,.F.);
#386=ORIENTED_EDGE('',*,*,#2995,.F.);
#387=ORIENTED_EDGE('',*,*,#2996,.T.);
#388=ORIENTED_EDGE('',*,*,#2997,.F.);
#389=ORIENTED_EDGE('',*,*,#2988,.F.);
#390=ORIENTED_EDGE('',*,*,#2998,.F.);
#391=ORIENTED_EDGE('',*,*,#2999,.F.);
#392=ORIENTED_EDGE('',*,*,#3000,.F.);
#393=ORIENTED_EDGE('',*,*,#3001,.F.);
#394=ORIENTED_EDGE('',*,*,#2920,.F.);
#395=ORIENTED_EDGE('',*,*,#3002,.F.);
#396=ORIENTED_EDGE('',*,*,#2926,.F.);
#397=ORIENTED_EDGE('',*,*,#3003,.F.);
#398=ORIENTED_EDGE('',*,*,#3004,.F.);
#399=ORIENTED_EDGE('',*,*,#3005,.F.);
#400=ORIENTED_EDGE('',*,*,#3006,.F.);
#401=ORIENTED_EDGE('',*,*,#2950,.F.);
#402=ORIENTED_EDGE('',*,*,#3007,.F.);
#403=ORIENTED_EDGE('',*,*,#3008,.T.);
#404=ORIENTED_EDGE('',*,*,#3009,.F.);
#405=ORIENTED_EDGE('',*,*,#3010,.F.);
#406=ORIENTED_EDGE('',*,*,#3011,.F.);
#407=ORIENTED_EDGE('',*,*,#3012,.T.);
#408=ORIENTED_EDGE('',*,*,#3013,.F.);
#409=ORIENTED_EDGE('',*,*,#2960,.F.);
#410=ORIENTED_EDGE('',*,*,#3014,.F.);
#411=ORIENTED_EDGE('',*,*,#3015,.F.);
#412=ORIENTED_EDGE('',*,*,#3016,.F.);
#413=ORIENTED_EDGE('',*,*,#3017,.F.);
#414=ORIENTED_EDGE('',*,*,#2967,.F.);
#415=ORIENTED_EDGE('',*,*,#3018,.F.);
#416=ORIENTED_EDGE('',*,*,#2973,.F.);
#417=ORIENTED_EDGE('',*,*,#3019,.F.);
#418=ORIENTED_EDGE('',*,*,#3020,.F.);
#419=ORIENTED_EDGE('',*,*,#3021,.F.);
#420=ORIENTED_EDGE('',*,*,#3022,.F.);
#421=ORIENTED_EDGE('',*,*,#2934,.F.);
#422=ORIENTED_EDGE('',*,*,#3023,.F.);
#423=ORIENTED_EDGE('',*,*,#3024,.T.);
#424=ORIENTED_EDGE('',*,*,#3025,.F.);
#425=ORIENTED_EDGE('',*,*,#3026,.F.);
#426=ORIENTED_EDGE('',*,*,#3027,.F.);
#427=ORIENTED_EDGE('',*,*,#3028,.T.);
#428=ORIENTED_EDGE('',*,*,#3029,.F.);
#429=ORIENTED_EDGE('',*,*,#2944,.F.);
#430=ORIENTED_EDGE('',*,*,#3030,.F.);
#431=ORIENTED_EDGE('',*,*,#3031,.F.);
#432=ORIENTED_EDGE('',*,*,#3032,.F.);
#433=ORIENTED_EDGE('',*,*,#3033,.F.);
#434=ORIENTED_EDGE('',*,*,#2952,.F.);
#435=ORIENTED_EDGE('',*,*,#3034,.F.);
#436=ORIENTED_EDGE('',*,*,#2958,.F.);
#437=ORIENTED_EDGE('',*,*,#3035,.F.);
#438=ORIENTED_EDGE('',*,*,#3036,.F.);
#439=ORIENTED_EDGE('',*,*,#3037,.F.);
#440=ORIENTED_EDGE('',*,*,#3038,.F.);
#441=ORIENTED_EDGE('',*,*,#2918,.F.);
#442=ORIENTED_EDGE('',*,*,#3039,.F.);
#443=ORIENTED_EDGE('',*,*,#3040,.T.);
#444=ORIENTED_EDGE('',*,*,#3041,.F.);
#445=ORIENTED_EDGE('',*,*,#3042,.F.);
#446=ORIENTED_EDGE('',*,*,#3043,.F.);
#447=ORIENTED_EDGE('',*,*,#3044,.T.);
#448=ORIENTED_EDGE('',*,*,#3045,.F.);
#449=ORIENTED_EDGE('',*,*,#2928,.F.);
#450=ORIENTED_EDGE('',*,*,#3046,.F.);
#451=ORIENTED_EDGE('',*,*,#3047,.F.);
#452=ORIENTED_EDGE('',*,*,#3048,.F.);
#453=ORIENTED_EDGE('',*,*,#3049,.F.);
#454=ORIENTED_EDGE('',*,*,#2936,.F.);
#455=ORIENTED_EDGE('',*,*,#3050,.F.);
#456=ORIENTED_EDGE('',*,*,#2942,.F.);
#457=ORIENTED_EDGE('',*,*,#3051,.F.);
#458=ORIENTED_EDGE('',*,*,#3052,.F.);
#459=ORIENTED_EDGE('',*,*,#3053,.F.);
#460=ORIENTED_EDGE('',*,*,#3047,.T.);
#461=ORIENTED_EDGE('',*,*,#3054,.T.);
#462=ORIENTED_EDGE('',*,*,#3041,.T.);
#463=ORIENTED_EDGE('',*,*,#3055,.T.);
#464=ORIENTED_EDGE('',*,*,#3043,.T.);
#465=ORIENTED_EDGE('',*,*,#3056,.T.);
#466=ORIENTED_EDGE('',*,*,#3053,.T.);
#467=ORIENTED_EDGE('',*,*,#3057,.T.);
#468=ORIENTED_EDGE('',*,*,#3031,.T.);
#469=ORIENTED_EDGE('',*,*,#3058,.T.);
#470=ORIENTED_EDGE('',*,*,#3025,.T.);
#471=ORIENTED_EDGE('',*,*,#3059,.T.);
#472=ORIENTED_EDGE('',*,*,#3027,.T.);
#473=ORIENTED_EDGE('',*,*,#3060,.T.);
#474=ORIENTED_EDGE('',*,*,#3037,.T.);
#475=ORIENTED_EDGE('',*,*,#3061,.T.);
#476=ORIENTED_EDGE('',*,*,#3015,.T.);
#477=ORIENTED_EDGE('',*,*,#3062,.T.);
#478=ORIENTED_EDGE('',*,*,#3009,.T.);
#479=ORIENTED_EDGE('',*,*,#3063,.T.);
#480=ORIENTED_EDGE('',*,*,#3011,.T.);
#481=ORIENTED_EDGE('',*,*,#3064,.T.);
#482=ORIENTED_EDGE('',*,*,#3021,.T.);
#483=ORIENTED_EDGE('',*,*,#3065,.T.);
#484=ORIENTED_EDGE('',*,*,#2999,.T.);
#485=ORIENTED_EDGE('',*,*,#3066,.T.);
#486=ORIENTED_EDGE('',*,*,#2993,.T.);
#487=ORIENTED_EDGE('',*,*,#3067,.T.);
#488=ORIENTED_EDGE('',*,*,#2995,.T.);
#489=ORIENTED_EDGE('',*,*,#3068,.T.);
#490=ORIENTED_EDGE('',*,*,#3005,.T.);
#491=ORIENTED_EDGE('',*,*,#3069,.T.);
#492=ORIENTED_EDGE('',*,*,#3070,.T.);
#493=ORIENTED_EDGE('',*,*,#3071,.T.);
#494=ORIENTED_EDGE('',*,*,#2902,.F.);
#495=ORIENTED_EDGE('',*,*,#3072,.T.);
#496=ORIENTED_EDGE('',*,*,#2910,.F.);
#497=ORIENTED_EDGE('',*,*,#3073,.T.);
#498=ORIENTED_EDGE('',*,*,#3074,.T.);
#499=ORIENTED_EDGE('',*,*,#3075,.T.);
#500=ORIENTED_EDGE('',*,*,#3076,.F.);
#501=ORIENTED_EDGE('',*,*,#3077,.T.);
#502=ORIENTED_EDGE('',*,*,#3070,.F.);
#503=ORIENTED_EDGE('',*,*,#3078,.F.);
#504=ORIENTED_EDGE('',*,*,#3074,.F.);
#505=ORIENTED_EDGE('',*,*,#3079,.T.);
#506=ORIENTED_EDGE('',*,*,#3080,.F.);
#507=ORIENTED_EDGE('',*,*,#3081,.T.);
#508=ORIENTED_EDGE('',*,*,#2892,.F.);
#509=ORIENTED_EDGE('',*,*,#3082,.T.);
#510=ORIENTED_EDGE('',*,*,#3083,.T.);
#511=ORIENTED_EDGE('',*,*,#3084,.T.);
#512=ORIENTED_EDGE('',*,*,#3085,.T.);
#513=ORIENTED_EDGE('',*,*,#3086,.T.);
#514=ORIENTED_EDGE('',*,*,#2896,.F.);
#515=ORIENTED_EDGE('',*,*,#3087,.T.);
#516=ORIENTED_EDGE('',*,*,#3083,.F.);
#517=ORIENTED_EDGE('',*,*,#3088,.F.);
#518=ORIENTED_EDGE('',*,*,#3089,.F.);
#519=ORIENTED_EDGE('',*,*,#3090,.T.);
#520=ORIENTED_EDGE('',*,*,#3091,.F.);
#521=ORIENTED_EDGE('',*,*,#3092,.T.);
#522=ORIENTED_EDGE('',*,*,#3085,.F.);
#523=ORIENTED_EDGE('',*,*,#3093,.F.);
#524=ORIENTED_EDGE('',*,*,#3094,.F.);
#525=ORIENTED_EDGE('',*,*,#3095,.T.);
#526=ORIENTED_EDGE('',*,*,#3096,.T.);
#527=ORIENTED_EDGE('',*,*,#3097,.F.);
#528=ORIENTED_EDGE('',*,*,#3098,.F.);
#529=ORIENTED_EDGE('',*,*,#2886,.F.);
#530=ORIENTED_EDGE('',*,*,#3099,.F.);
#531=ORIENTED_EDGE('',*,*,#3100,.F.);
#532=ORIENTED_EDGE('',*,*,#3101,.F.);
#533=ORIENTED_EDGE('',*,*,#3096,.F.);
#534=ORIENTED_EDGE('',*,*,#3102,.F.);
#535=ORIENTED_EDGE('',*,*,#2871,.F.);
#536=ORIENTED_EDGE('',*,*,#3103,.F.);
#537=ORIENTED_EDGE('',*,*,#2889,.F.);
#538=ORIENTED_EDGE('',*,*,#3104,.F.);
#539=ORIENTED_EDGE('',*,*,#3105,.F.);
#540=ORIENTED_EDGE('',*,*,#3106,.T.);
#541=ORIENTED_EDGE('',*,*,#3107,.T.);
#542=ORIENTED_EDGE('',*,*,#3108,.T.);
#543=ORIENTED_EDGE('',*,*,#3109,.T.);
#544=ORIENTED_EDGE('',*,*,#3110,.T.);
#545=ORIENTED_EDGE('',*,*,#3111,.T.);
#546=ORIENTED_EDGE('',*,*,#3112,.T.);
#547=ORIENTED_EDGE('',*,*,#3113,.T.);
#548=ORIENTED_EDGE('',*,*,#3114,.T.);
#549=ORIENTED_EDGE('',*,*,#3115,.T.);
#550=ORIENTED_EDGE('',*,*,#3116,.T.);
#551=ORIENTED_EDGE('',*,*,#3117,.T.);
#552=ORIENTED_EDGE('',*,*,#3118,.T.);
#553=ORIENTED_EDGE('',*,*,#3119,.T.);
#554=ORIENTED_EDGE('',*,*,#3120,.T.);
#555=ORIENTED_EDGE('',*,*,#3121,.T.);
#556=ORIENTED_EDGE('',*,*,#3122,.T.);
#557=ORIENTED_EDGE('',*,*,#3123,.T.);
#558=ORIENTED_EDGE('',*,*,#3124,.T.);
#559=ORIENTED_EDGE('',*,*,#3125,.T.);
#560=ORIENTED_EDGE('',*,*,#3126,.T.);
#561=ORIENTED_EDGE('',*,*,#3127,.T.);
#562=ORIENTED_EDGE('',*,*,#3128,.T.);
#563=ORIENTED_EDGE('',*,*,#3129,.T.);
#564=ORIENTED_EDGE('',*,*,#3130,.T.);
#565=ORIENTED_EDGE('',*,*,#3131,.T.);
#566=ORIENTED_EDGE('',*,*,#3132,.T.);
#567=ORIENTED_EDGE('',*,*,#3133,.T.);
#568=ORIENTED_EDGE('',*,*,#3134,.T.);
#569=ORIENTED_EDGE('',*,*,#3135,.T.);
#570=ORIENTED_EDGE('',*,*,#3136,.T.);
#571=ORIENTED_EDGE('',*,*,#3137,.T.);
#572=ORIENTED_EDGE('',*,*,#3138,.T.);
#573=ORIENTED_EDGE('',*,*,#3139,.T.);
#574=ORIENTED_EDGE('',*,*,#3140,.T.);
#575=ORIENTED_EDGE('',*,*,#3141,.T.);
#576=ORIENTED_EDGE('',*,*,#3142,.T.);
#577=ORIENTED_EDGE('',*,*,#3143,.T.);
#578=ORIENTED_EDGE('',*,*,#3144,.T.);
#579=ORIENTED_EDGE('',*,*,#3145,.T.);
#580=ORIENTED_EDGE('',*,*,#3146,.T.);
#581=ORIENTED_EDGE('',*,*,#3147,.T.);
#582=ORIENTED_EDGE('',*,*,#3148,.T.);
#583=ORIENTED_EDGE('',*,*,#3149,.T.);
#584=ORIENTED_EDGE('',*,*,#3150,.T.);
#585=ORIENTED_EDGE('',*,*,#3151,.T.);
#586=ORIENTED_EDGE('',*,*,#3152,.T.);
#587=ORIENTED_EDGE('',*,*,#3153,.T.);
#588=ORIENTED_EDGE('',*,*,#3154,.T.);
#589=ORIENTED_EDGE('',*,*,#2884,.T.);
#590=ORIENTED_EDGE('',*,*,#3155,.T.);
#591=ORIENTED_EDGE('',*,*,#2873,.T.);
#592=ORIENTED_EDGE('',*,*,#3156,.T.);
#593=ORIENTED_EDGE('',*,*,#3094,.T.);
#594=ORIENTED_EDGE('',*,*,#3157,.T.);
#595=ORIENTED_EDGE('',*,*,#3158,.T.);
#596=ORIENTED_EDGE('',*,*,#3159,.F.);
#597=ORIENTED_EDGE('',*,*,#3160,.F.);
#598=ORIENTED_EDGE('',*,*,#3161,.F.);
#599=ORIENTED_EDGE('',*,*,#3162,.F.);
#600=ORIENTED_EDGE('',*,*,#3163,.F.);
#601=ORIENTED_EDGE('',*,*,#3164,.F.);
#602=ORIENTED_EDGE('',*,*,#3165,.F.);
#603=ORIENTED_EDGE('',*,*,#3166,.F.);
#604=ORIENTED_EDGE('',*,*,#3089,.T.);
#605=ORIENTED_EDGE('',*,*,#3167,.T.);
#606=ORIENTED_EDGE('',*,*,#3091,.T.);
#607=ORIENTED_EDGE('',*,*,#3168,.T.);
#608=ORIENTED_EDGE('',*,*,#2900,.T.);
#609=ORIENTED_EDGE('',*,*,#3169,.T.);
#610=ORIENTED_EDGE('',*,*,#3170,.T.);
#611=ORIENTED_EDGE('',*,*,#3171,.T.);
#612=ORIENTED_EDGE('',*,*,#3172,.T.);
#613=ORIENTED_EDGE('',*,*,#3173,.T.);
#614=ORIENTED_EDGE('',*,*,#2912,.T.);
#615=ORIENTED_EDGE('',*,*,#3174,.T.);
#616=ORIENTED_EDGE('',*,*,#3080,.T.);
#617=ORIENTED_EDGE('',*,*,#3175,.T.);
#618=ORIENTED_EDGE('',*,*,#3076,.T.);
#619=ORIENTED_EDGE('',*,*,#3176,.T.);
#620=ORIENTED_EDGE('',*,*,#2906,.T.);
#621=ORIENTED_EDGE('',*,*,#3177,.T.);
#622=ORIENTED_EDGE('',*,*,#3178,.T.);
#623=ORIENTED_EDGE('',*,*,#3179,.T.);
#624=ORIENTED_EDGE('',*,*,#3180,.T.);
#625=ORIENTED_EDGE('',*,*,#3181,.T.);
#626=ORIENTED_EDGE('',*,*,#2894,.T.);
#627=ORIENTED_EDGE('',*,*,#3182,.T.);
#628=ORIENTED_EDGE('',*,*,#3183,.F.);
#629=ORIENTED_EDGE('',*,*,#3184,.T.);
#630=ORIENTED_EDGE('',*,*,#3185,.F.);
#631=ORIENTED_EDGE('',*,*,#2996,.F.);
#632=ORIENTED_EDGE('',*,*,#3186,.F.);
#633=ORIENTED_EDGE('',*,*,#2992,.F.);
#634=ORIENTED_EDGE('',*,*,#3187,.F.);
#635=ORIENTED_EDGE('',*,*,#3188,.T.);
#636=ORIENTED_EDGE('',*,*,#3189,.F.);
#637=ORIENTED_EDGE('',*,*,#3004,.T.);
#638=ORIENTED_EDGE('',*,*,#3190,.F.);
#639=ORIENTED_EDGE('',*,*,#3184,.F.);
#640=ORIENTED_EDGE('',*,*,#3191,.F.);
#641=ORIENTED_EDGE('',*,*,#3188,.F.);
#642=ORIENTED_EDGE('',*,*,#3192,.F.);
#643=ORIENTED_EDGE('',*,*,#3000,.T.);
#644=ORIENTED_EDGE('',*,*,#3193,.F.);
#645=ORIENTED_EDGE('',*,*,#3194,.T.);
#646=ORIENTED_EDGE('',*,*,#3195,.F.);
#647=ORIENTED_EDGE('',*,*,#3012,.F.);
#648=ORIENTED_EDGE('',*,*,#3196,.F.);
#649=ORIENTED_EDGE('',*,*,#3008,.F.);
#650=ORIENTED_EDGE('',*,*,#3197,.F.);
#651=ORIENTED_EDGE('',*,*,#3198,.T.);
#652=ORIENTED_EDGE('',*,*,#3199,.F.);
#653=ORIENTED_EDGE('',*,*,#3020,.T.);
#654=ORIENTED_EDGE('',*,*,#3200,.F.);
#655=ORIENTED_EDGE('',*,*,#3194,.F.);
#656=ORIENTED_EDGE('',*,*,#3201,.F.);
#657=ORIENTED_EDGE('',*,*,#3198,.F.);
#658=ORIENTED_EDGE('',*,*,#3202,.F.);
#659=ORIENTED_EDGE('',*,*,#3016,.T.);
#660=ORIENTED_EDGE('',*,*,#3203,.F.);
#661=ORIENTED_EDGE('',*,*,#3204,.T.);
#662=ORIENTED_EDGE('',*,*,#3205,.F.);
#663=ORIENTED_EDGE('',*,*,#3028,.F.);
#664=ORIENTED_EDGE('',*,*,#3206,.F.);
#665=ORIENTED_EDGE('',*,*,#3024,.F.);
#666=ORIENTED_EDGE('',*,*,#3207,.F.);
#667=ORIENTED_EDGE('',*,*,#3208,.T.);
#668=ORIENTED_EDGE('',*,*,#3209,.F.);
#669=ORIENTED_EDGE('',*,*,#3036,.T.);
#670=ORIENTED_EDGE('',*,*,#3210,.F.);
#671=ORIENTED_EDGE('',*,*,#3204,.F.);
#672=ORIENTED_EDGE('',*,*,#3211,.F.);
#673=ORIENTED_EDGE('',*,*,#3208,.F.);
#674=ORIENTED_EDGE('',*,*,#3212,.F.);
#675=ORIENTED_EDGE('',*,*,#3032,.T.);
#676=ORIENTED_EDGE('',*,*,#3213,.F.);
#677=ORIENTED_EDGE('',*,*,#3214,.T.);
#678=ORIENTED_EDGE('',*,*,#3215,.F.);
#679=ORIENTED_EDGE('',*,*,#3044,.F.);
#680=ORIENTED_EDGE('',*,*,#3216,.F.);
#681=ORIENTED_EDGE('',*,*,#3040,.F.);
#682=ORIENTED_EDGE('',*,*,#3217,.F.);
#683=ORIENTED_EDGE('',*,*,#3218,.T.);
#684=ORIENTED_EDGE('',*,*,#3219,.F.);
#685=ORIENTED_EDGE('',*,*,#3052,.T.);
#686=ORIENTED_EDGE('',*,*,#3220,.F.);
#687=ORIENTED_EDGE('',*,*,#3214,.F.);
#688=ORIENTED_EDGE('',*,*,#3221,.F.);
#689=ORIENTED_EDGE('',*,*,#3218,.F.);
#690=ORIENTED_EDGE('',*,*,#3222,.F.);
#691=ORIENTED_EDGE('',*,*,#3048,.T.);
#692=ORIENTED_EDGE('',*,*,#2929,.F.);
#693=ORIENTED_EDGE('',*,*,#3045,.T.);
#694=ORIENTED_EDGE('',*,*,#3215,.T.);
#695=ORIENTED_EDGE('',*,*,#3170,.F.);
#696=ORIENTED_EDGE('',*,*,#3190,.T.);
#697=ORIENTED_EDGE('',*,*,#3003,.T.);
#698=ORIENTED_EDGE('',*,*,#3220,.T.);
#699=ORIENTED_EDGE('',*,*,#3051,.T.);
#700=ORIENTED_EDGE('',*,*,#2945,.F.);
#701=ORIENTED_EDGE('',*,*,#3029,.T.);
#702=ORIENTED_EDGE('',*,*,#3205,.T.);
#703=ORIENTED_EDGE('',*,*,#3171,.F.);
#704=ORIENTED_EDGE('',*,*,#3210,.T.);
#705=ORIENTED_EDGE('',*,*,#3035,.T.);
#706=ORIENTED_EDGE('',*,*,#2961,.F.);
#707=ORIENTED_EDGE('',*,*,#3013,.T.);
#708=ORIENTED_EDGE('',*,*,#3195,.T.);
#709=ORIENTED_EDGE('',*,*,#3172,.F.);
#710=ORIENTED_EDGE('',*,*,#3200,.T.);
#711=ORIENTED_EDGE('',*,*,#3019,.T.);
#712=ORIENTED_EDGE('',*,*,#2975,.F.);
#713=ORIENTED_EDGE('',*,*,#2913,.F.);
#714=ORIENTED_EDGE('',*,*,#3173,.F.);
#715=ORIENTED_EDGE('',*,*,#3217,.T.);
#716=ORIENTED_EDGE('',*,*,#3039,.T.);
#717=ORIENTED_EDGE('',*,*,#2921,.F.);
#718=ORIENTED_EDGE('',*,*,#3001,.T.);
#719=ORIENTED_EDGE('',*,*,#3192,.T.);
#720=ORIENTED_EDGE('',*,*,#3180,.F.);
#721=ORIENTED_EDGE('',*,*,#2937,.F.);
#722=ORIENTED_EDGE('',*,*,#3049,.T.);
#723=ORIENTED_EDGE('',*,*,#3222,.T.);
#724=ORIENTED_EDGE('',*,*,#3179,.F.);
#725=ORIENTED_EDGE('',*,*,#3207,.T.);
#726=ORIENTED_EDGE('',*,*,#3023,.T.);
#727=ORIENTED_EDGE('',*,*,#2953,.F.);
#728=ORIENTED_EDGE('',*,*,#3033,.T.);
#729=ORIENTED_EDGE('',*,*,#3212,.T.);
#730=ORIENTED_EDGE('',*,*,#3178,.F.);
#731=ORIENTED_EDGE('',*,*,#3197,.T.);
#732=ORIENTED_EDGE('',*,*,#3007,.T.);
#733=ORIENTED_EDGE('',*,*,#2968,.F.);
#734=ORIENTED_EDGE('',*,*,#3017,.T.);
#735=ORIENTED_EDGE('',*,*,#3202,.T.);
#736=ORIENTED_EDGE('',*,*,#3177,.F.);
#737=ORIENTED_EDGE('',*,*,#2905,.T.);
#738=ORIENTED_EDGE('',*,*,#2989,.F.);
#739=ORIENTED_EDGE('',*,*,#2997,.T.);
#740=ORIENTED_EDGE('',*,*,#3185,.T.);
#741=ORIENTED_EDGE('',*,*,#3169,.F.);
#742=ORIENTED_EDGE('',*,*,#2899,.T.);
#743=ORIENTED_EDGE('',*,*,#3187,.T.);
#744=ORIENTED_EDGE('',*,*,#2991,.T.);
#745=ORIENTED_EDGE('',*,*,#2982,.F.);
#746=ORIENTED_EDGE('',*,*,#2895,.F.);
#747=ORIENTED_EDGE('',*,*,#3181,.F.);
#748=ORIENTED_EDGE('',*,*,#3223,.F.);
#749=ORIENTED_EDGE('',*,*,#2965,.T.);
#750=ORIENTED_EDGE('',*,*,#3224,.T.);
#751=ORIENTED_EDGE('',*,*,#3149,.F.);
#752=ORIENTED_EDGE('',*,*,#3225,.F.);
#753=ORIENTED_EDGE('',*,*,#2962,.T.);
#754=ORIENTED_EDGE('',*,*,#3223,.T.);
#755=ORIENTED_EDGE('',*,*,#3148,.F.);
#756=ORIENTED_EDGE('',*,*,#3226,.F.);
#757=ORIENTED_EDGE('',*,*,#2949,.T.);
#758=ORIENTED_EDGE('',*,*,#3227,.T.);
#759=ORIENTED_EDGE('',*,*,#3141,.F.);
#760=ORIENTED_EDGE('',*,*,#3228,.F.);
#761=ORIENTED_EDGE('',*,*,#2946,.T.);
#762=ORIENTED_EDGE('',*,*,#3226,.T.);
#763=ORIENTED_EDGE('',*,*,#3140,.F.);
#764=ORIENTED_EDGE('',*,*,#3229,.F.);
#765=ORIENTED_EDGE('',*,*,#2933,.T.);
#766=ORIENTED_EDGE('',*,*,#3230,.T.);
#767=ORIENTED_EDGE('',*,*,#3133,.F.);
#768=ORIENTED_EDGE('',*,*,#3231,.F.);
#769=ORIENTED_EDGE('',*,*,#2930,.T.);
#770=ORIENTED_EDGE('',*,*,#3229,.T.);
#771=ORIENTED_EDGE('',*,*,#3132,.F.);
#772=ORIENTED_EDGE('',*,*,#3232,.F.);
#773=ORIENTED_EDGE('',*,*,#2917,.T.);
#774=ORIENTED_EDGE('',*,*,#3233,.T.);
#775=ORIENTED_EDGE('',*,*,#3125,.F.);
#776=ORIENTED_EDGE('',*,*,#3234,.F.);
#777=ORIENTED_EDGE('',*,*,#2914,.T.);
#778=ORIENTED_EDGE('',*,*,#3232,.T.);
#779=ORIENTED_EDGE('',*,*,#3124,.F.);
#780=ORIENTED_EDGE('',*,*,#3235,.F.);
#781=ORIENTED_EDGE('',*,*,#2979,.T.);
#782=ORIENTED_EDGE('',*,*,#3236,.T.);
#783=ORIENTED_EDGE('',*,*,#3117,.F.);
#784=ORIENTED_EDGE('',*,*,#3237,.F.);
#785=ORIENTED_EDGE('',*,*,#2976,.T.);
#786=ORIENTED_EDGE('',*,*,#3235,.T.);
#787=ORIENTED_EDGE('',*,*,#3116,.F.);
#788=ORIENTED_EDGE('',*,*,#3238,.F.);
#789=ORIENTED_EDGE('',*,*,#2963,.T.);
#790=ORIENTED_EDGE('',*,*,#3225,.T.);
#791=ORIENTED_EDGE('',*,*,#3147,.F.);
#792=ORIENTED_EDGE('',*,*,#3239,.F.);
#793=ORIENTED_EDGE('',*,*,#2947,.T.);
#794=ORIENTED_EDGE('',*,*,#3228,.T.);
#795=ORIENTED_EDGE('',*,*,#3139,.F.);
#796=ORIENTED_EDGE('',*,*,#3240,.F.);
#797=ORIENTED_EDGE('',*,*,#2931,.T.);
#798=ORIENTED_EDGE('',*,*,#3231,.T.);
#799=ORIENTED_EDGE('',*,*,#3131,.F.);
#800=ORIENTED_EDGE('',*,*,#3241,.F.);
#801=ORIENTED_EDGE('',*,*,#2915,.T.);
#802=ORIENTED_EDGE('',*,*,#3234,.T.);
#803=ORIENTED_EDGE('',*,*,#3123,.F.);
#804=ORIENTED_EDGE('',*,*,#3242,.F.);
#805=ORIENTED_EDGE('',*,*,#2977,.T.);
#806=ORIENTED_EDGE('',*,*,#3237,.T.);
#807=ORIENTED_EDGE('',*,*,#3115,.F.);
#808=ORIENTED_EDGE('',*,*,#3243,.F.);
#809=ORIENTED_EDGE('',*,*,#2972,.T.);
#810=ORIENTED_EDGE('',*,*,#3244,.T.);
#811=ORIENTED_EDGE('',*,*,#3142,.F.);
#812=ORIENTED_EDGE('',*,*,#3245,.F.);
#813=ORIENTED_EDGE('',*,*,#2969,.T.);
#814=ORIENTED_EDGE('',*,*,#3243,.T.);
#815=ORIENTED_EDGE('',*,*,#3145,.F.);
#816=ORIENTED_EDGE('',*,*,#3246,.F.);
#817=ORIENTED_EDGE('',*,*,#2957,.T.);
#818=ORIENTED_EDGE('',*,*,#3247,.T.);
#819=ORIENTED_EDGE('',*,*,#3134,.F.);
#820=ORIENTED_EDGE('',*,*,#3248,.F.);
#821=ORIENTED_EDGE('',*,*,#2954,.T.);
#822=ORIENTED_EDGE('',*,*,#3246,.T.);
#823=ORIENTED_EDGE('',*,*,#3137,.F.);
#824=ORIENTED_EDGE('',*,*,#3249,.F.);
#825=ORIENTED_EDGE('',*,*,#2941,.T.);
#826=ORIENTED_EDGE('',*,*,#3250,.T.);
#827=ORIENTED_EDGE('',*,*,#3126,.F.);
#828=ORIENTED_EDGE('',*,*,#3251,.F.);
#829=ORIENTED_EDGE('',*,*,#2938,.T.);
#830=ORIENTED_EDGE('',*,*,#3249,.T.);
#831=ORIENTED_EDGE('',*,*,#3129,.F.);
#832=ORIENTED_EDGE('',*,*,#3252,.F.);
#833=ORIENTED_EDGE('',*,*,#2925,.T.);
#834=ORIENTED_EDGE('',*,*,#3253,.T.);
#835=ORIENTED_EDGE('',*,*,#3118,.F.);
#836=ORIENTED_EDGE('',*,*,#3254,.F.);
#837=ORIENTED_EDGE('',*,*,#2922,.T.);
#838=ORIENTED_EDGE('',*,*,#3252,.T.);
#839=ORIENTED_EDGE('',*,*,#3121,.F.);
#840=ORIENTED_EDGE('',*,*,#3255,.F.);
#841=ORIENTED_EDGE('',*,*,#2986,.T.);
#842=ORIENTED_EDGE('',*,*,#3256,.T.);
#843=ORIENTED_EDGE('',*,*,#3110,.F.);
#844=ORIENTED_EDGE('',*,*,#3257,.F.);
#845=ORIENTED_EDGE('',*,*,#2983,.T.);
#846=ORIENTED_EDGE('',*,*,#3255,.T.);
#847=ORIENTED_EDGE('',*,*,#3113,.F.);
#848=ORIENTED_EDGE('',*,*,#3244,.F.);
#849=ORIENTED_EDGE('',*,*,#2971,.T.);
#850=ORIENTED_EDGE('',*,*,#3258,.T.);
#851=ORIENTED_EDGE('',*,*,#3143,.F.);
#852=ORIENTED_EDGE('',*,*,#3247,.F.);
#853=ORIENTED_EDGE('',*,*,#2956,.T.);
#854=ORIENTED_EDGE('',*,*,#3259,.T.);
#855=ORIENTED_EDGE('',*,*,#3135,.F.);
#856=ORIENTED_EDGE('',*,*,#3250,.F.);
#857=ORIENTED_EDGE('',*,*,#2940,.T.);
#858=ORIENTED_EDGE('',*,*,#3260,.T.);
#859=ORIENTED_EDGE('',*,*,#3127,.F.);
#860=ORIENTED_EDGE('',*,*,#3253,.F.);
#861=ORIENTED_EDGE('',*,*,#2924,.T.);
#862=ORIENTED_EDGE('',*,*,#3261,.T.);
#863=ORIENTED_EDGE('',*,*,#3119,.F.);
#864=ORIENTED_EDGE('',*,*,#3256,.F.);
#865=ORIENTED_EDGE('',*,*,#2985,.T.);
#866=ORIENTED_EDGE('',*,*,#3262,.T.);
#867=ORIENTED_EDGE('',*,*,#3111,.F.);
#868=ORIENTED_EDGE('',*,*,#3224,.F.);
#869=ORIENTED_EDGE('',*,*,#2964,.T.);
#870=ORIENTED_EDGE('',*,*,#3238,.T.);
#871=ORIENTED_EDGE('',*,*,#3146,.F.);
#872=ORIENTED_EDGE('',*,*,#3258,.F.);
#873=ORIENTED_EDGE('',*,*,#2970,.T.);
#874=ORIENTED_EDGE('',*,*,#3245,.T.);
#875=ORIENTED_EDGE('',*,*,#3144,.F.);
#876=ORIENTED_EDGE('',*,*,#3227,.F.);
#877=ORIENTED_EDGE('',*,*,#2948,.T.);
#878=ORIENTED_EDGE('',*,*,#3239,.T.);
#879=ORIENTED_EDGE('',*,*,#3138,.F.);
#880=ORIENTED_EDGE('',*,*,#3259,.F.);
#881=ORIENTED_EDGE('',*,*,#2955,.T.);
#882=ORIENTED_EDGE('',*,*,#3248,.T.);
#883=ORIENTED_EDGE('',*,*,#3136,.F.);
#884=ORIENTED_EDGE('',*,*,#3230,.F.);
#885=ORIENTED_EDGE('',*,*,#2932,.T.);
#886=ORIENTED_EDGE('',*,*,#3240,.T.);
#887=ORIENTED_EDGE('',*,*,#3130,.F.);
#888=ORIENTED_EDGE('',*,*,#3260,.F.);
#889=ORIENTED_EDGE('',*,*,#2939,.T.);
#890=ORIENTED_EDGE('',*,*,#3251,.T.);
#891=ORIENTED_EDGE('',*,*,#3128,.F.);
#892=ORIENTED_EDGE('',*,*,#3233,.F.);
#893=ORIENTED_EDGE('',*,*,#2916,.T.);
#894=ORIENTED_EDGE('',*,*,#3241,.T.);
#895=ORIENTED_EDGE('',*,*,#3122,.F.);
#896=ORIENTED_EDGE('',*,*,#3261,.F.);
#897=ORIENTED_EDGE('',*,*,#2923,.T.);
#898=ORIENTED_EDGE('',*,*,#3254,.T.);
#899=ORIENTED_EDGE('',*,*,#3120,.F.);
#900=ORIENTED_EDGE('',*,*,#3236,.F.);
#901=ORIENTED_EDGE('',*,*,#2978,.T.);
#902=ORIENTED_EDGE('',*,*,#3242,.T.);
#903=ORIENTED_EDGE('',*,*,#3114,.F.);
#904=ORIENTED_EDGE('',*,*,#3262,.F.);
#905=ORIENTED_EDGE('',*,*,#2984,.T.);
#906=ORIENTED_EDGE('',*,*,#3257,.T.);
#907=ORIENTED_EDGE('',*,*,#3112,.F.);
#908=ORIENTED_EDGE('',*,*,#3263,.F.);
#909=ORIENTED_EDGE('',*,*,#3264,.T.);
#910=ORIENTED_EDGE('',*,*,#3265,.T.);
#911=ORIENTED_EDGE('',*,*,#3266,.T.);
#912=ORIENTED_EDGE('',*,*,#3267,.T.);
#913=ORIENTED_EDGE('',*,*,#3268,.T.);
#914=ORIENTED_EDGE('',*,*,#3269,.T.);
#915=ORIENTED_EDGE('',*,*,#3150,.F.);
#916=ORIENTED_EDGE('',*,*,#3270,.F.);
#917=ORIENTED_EDGE('',*,*,#3271,.T.);
#918=ORIENTED_EDGE('',*,*,#3272,.F.);
#919=ORIENTED_EDGE('',*,*,#3273,.T.);
#920=ORIENTED_EDGE('',*,*,#3274,.F.);
#921=ORIENTED_EDGE('',*,*,#3159,.T.);
#922=ORIENTED_EDGE('',*,*,#3275,.T.);
#923=ORIENTED_EDGE('',*,*,#3276,.T.);
#924=ORIENTED_EDGE('',*,*,#3277,.F.);
#925=ORIENTED_EDGE('',*,*,#3278,.T.);
#926=ORIENTED_EDGE('',*,*,#3279,.T.);
#927=ORIENTED_EDGE('',*,*,#3280,.F.);
#928=ORIENTED_EDGE('',*,*,#3281,.F.);
#929=ORIENTED_EDGE('',*,*,#3282,.T.);
#930=ORIENTED_EDGE('',*,*,#3283,.T.);
#931=ORIENTED_EDGE('',*,*,#3284,.F.);
#932=ORIENTED_EDGE('',*,*,#3285,.F.);
#933=ORIENTED_EDGE('',*,*,#3164,.T.);
#934=ORIENTED_EDGE('',*,*,#3286,.T.);
#935=ORIENTED_EDGE('',*,*,#3287,.F.);
#936=ORIENTED_EDGE('',*,*,#3288,.F.);
#937=ORIENTED_EDGE('',*,*,#3289,.T.);
#938=ORIENTED_EDGE('',*,*,#3290,.T.);
#939=ORIENTED_EDGE('',*,*,#3109,.F.);
#940=ORIENTED_EDGE('',*,*,#3285,.T.);
#941=ORIENTED_EDGE('',*,*,#3291,.T.);
#942=ORIENTED_EDGE('',*,*,#3292,.T.);
#943=ORIENTED_EDGE('',*,*,#3293,.T.);
#944=ORIENTED_EDGE('',*,*,#3281,.T.);
#945=ORIENTED_EDGE('',*,*,#3108,.F.);
#946=ORIENTED_EDGE('',*,*,#3294,.F.);
#947=ORIENTED_EDGE('',*,*,#3165,.T.);
#948=ORIENTED_EDGE('',*,*,#3269,.F.);
#949=ORIENTED_EDGE('',*,*,#3295,.T.);
#950=ORIENTED_EDGE('',*,*,#3296,.T.);
#951=ORIENTED_EDGE('',*,*,#3297,.T.);
#952=ORIENTED_EDGE('',*,*,#3275,.F.);
#953=ORIENTED_EDGE('',*,*,#3162,.T.);
#954=ORIENTED_EDGE('',*,*,#3298,.T.);
#955=ORIENTED_EDGE('',*,*,#3151,.F.);
#956=ORIENTED_EDGE('',*,*,#3299,.F.);
#957=ORIENTED_EDGE('',*,*,#3300,.F.);
#958=ORIENTED_EDGE('',*,*,#3270,.T.);
#959=ORIENTED_EDGE('',*,*,#3153,.F.);
#960=ORIENTED_EDGE('',*,*,#3301,.F.);
#961=ORIENTED_EDGE('',*,*,#3160,.T.);
#962=ORIENTED_EDGE('',*,*,#3274,.T.);
#963=ORIENTED_EDGE('',*,*,#3302,.F.);
#964=ORIENTED_EDGE('',*,*,#3303,.F.);
#965=ORIENTED_EDGE('',*,*,#3304,.F.);
#966=ORIENTED_EDGE('',*,*,#3286,.F.);
#967=ORIENTED_EDGE('',*,*,#3163,.T.);
#968=ORIENTED_EDGE('',*,*,#3305,.T.);
#969=ORIENTED_EDGE('',*,*,#3106,.F.);
#970=ORIENTED_EDGE('',*,*,#3290,.F.);
#971=ORIENTED_EDGE('',*,*,#3306,.F.);
#972=ORIENTED_EDGE('',*,*,#3099,.T.);
#973=ORIENTED_EDGE('',*,*,#2885,.F.);
#974=ORIENTED_EDGE('',*,*,#3154,.F.);
#975=ORIENTED_EDGE('',*,*,#3307,.T.);
#976=ORIENTED_EDGE('',*,*,#3101,.T.);
#977=ORIENTED_EDGE('',*,*,#3308,.F.);
#978=ORIENTED_EDGE('',*,*,#3157,.F.);
#979=ORIENTED_EDGE('',*,*,#3097,.T.);
#980=ORIENTED_EDGE('',*,*,#3152,.F.);
#981=ORIENTED_EDGE('',*,*,#3298,.F.);
#982=ORIENTED_EDGE('',*,*,#3161,.T.);
#983=ORIENTED_EDGE('',*,*,#3301,.T.);
#984=ORIENTED_EDGE('',*,*,#3107,.F.);
#985=ORIENTED_EDGE('',*,*,#3305,.F.);
#986=ORIENTED_EDGE('',*,*,#3166,.T.);
#987=ORIENTED_EDGE('',*,*,#3294,.T.);
#988=ORIENTED_EDGE('',*,*,#3100,.T.);
#989=ORIENTED_EDGE('',*,*,#3307,.F.);
#990=ORIENTED_EDGE('',*,*,#3158,.F.);
#991=ORIENTED_EDGE('',*,*,#3308,.T.);
#992=ORIENTED_EDGE('',*,*,#3309,.T.);
#993=ORIENTED_EDGE('',*,*,#3277,.T.);
#994=ORIENTED_EDGE('',*,*,#3310,.T.);
#995=ORIENTED_EDGE('',*,*,#3279,.F.);
#996=ORIENTED_EDGE('',*,*,#3311,.F.);
#997=ORIENTED_EDGE('',*,*,#3312,.F.);
#998=ORIENTED_EDGE('',*,*,#3312,.T.);
#999=ORIENTED_EDGE('',*,*,#3313,.F.);
#1000=ORIENTED_EDGE('',*,*,#3310,.F.);
#1001=ORIENTED_EDGE('',*,*,#3280,.T.);
#1002=ORIENTED_EDGE('',*,*,#3278,.F.);
#1003=ORIENTED_EDGE('',*,*,#3309,.F.);
#1004=ORIENTED_EDGE('',*,*,#3313,.T.);
#1005=ORIENTED_EDGE('',*,*,#3311,.T.);
#1006=ORIENTED_EDGE('',*,*,#3266,.F.);
#1007=ORIENTED_EDGE('',*,*,#3314,.T.);
#1008=ORIENTED_EDGE('',*,*,#3315,.F.);
#1009=ORIENTED_EDGE('',*,*,#3316,.F.);
#1010=ORIENTED_EDGE('',*,*,#3317,.T.);
#1011=ORIENTED_EDGE('',*,*,#3263,.T.);
#1012=ORIENTED_EDGE('',*,*,#3316,.T.);
#1013=ORIENTED_EDGE('',*,*,#3265,.F.);
#1014=ORIENTED_EDGE('',*,*,#3318,.F.);
#1015=ORIENTED_EDGE('',*,*,#3314,.F.);
#1016=ORIENTED_EDGE('',*,*,#3318,.T.);
#1017=ORIENTED_EDGE('',*,*,#3264,.F.);
#1018=ORIENTED_EDGE('',*,*,#3317,.F.);
#1019=ORIENTED_EDGE('',*,*,#3315,.T.);
#1020=ORIENTED_EDGE('',*,*,#3319,.T.);
#1021=ORIENTED_EDGE('',*,*,#3288,.T.);
#1022=ORIENTED_EDGE('',*,*,#3320,.T.);
#1023=ORIENTED_EDGE('',*,*,#3321,.T.);
#1024=ORIENTED_EDGE('',*,*,#3304,.T.);
#1025=ORIENTED_EDGE('',*,*,#3322,.F.);
#1026=ORIENTED_EDGE('',*,*,#3320,.F.);
#1027=ORIENTED_EDGE('',*,*,#3287,.T.);
#1028=ORIENTED_EDGE('',*,*,#3289,.F.);
#1029=ORIENTED_EDGE('',*,*,#3319,.F.);
#1030=ORIENTED_EDGE('',*,*,#3323,.T.);
#1031=ORIENTED_EDGE('',*,*,#3306,.T.);
#1032=ORIENTED_EDGE('',*,*,#3303,.T.);
#1033=ORIENTED_EDGE('',*,*,#3323,.F.);
#1034=ORIENTED_EDGE('',*,*,#3321,.F.);
#1035=ORIENTED_EDGE('',*,*,#3322,.T.);
#1036=ORIENTED_EDGE('',*,*,#3271,.F.);
#1037=ORIENTED_EDGE('',*,*,#3300,.T.);
#1038=ORIENTED_EDGE('',*,*,#3324,.F.);
#1039=ORIENTED_EDGE('',*,*,#3325,.F.);
#1040=ORIENTED_EDGE('',*,*,#3326,.T.);
#1041=ORIENTED_EDGE('',*,*,#3272,.T.);
#1042=ORIENTED_EDGE('',*,*,#3325,.T.);
#1043=ORIENTED_EDGE('',*,*,#3327,.T.);
#1044=ORIENTED_EDGE('',*,*,#3299,.T.);
#1045=ORIENTED_EDGE('',*,*,#3328,.F.);
#1046=ORIENTED_EDGE('',*,*,#3327,.F.);
#1047=ORIENTED_EDGE('',*,*,#3324,.T.);
#1048=ORIENTED_EDGE('',*,*,#3302,.T.);
#1049=ORIENTED_EDGE('',*,*,#3273,.F.);
#1050=ORIENTED_EDGE('',*,*,#3326,.F.);
#1051=ORIENTED_EDGE('',*,*,#3328,.T.);
#1052=ORIENTED_EDGE('',*,*,#3329,.T.);
#1053=ORIENTED_EDGE('',*,*,#3276,.F.);
#1054=ORIENTED_EDGE('',*,*,#3297,.F.);
#1055=ORIENTED_EDGE('',*,*,#3330,.T.);
#1056=ORIENTED_EDGE('',*,*,#3331,.T.);
#1057=ORIENTED_EDGE('',*,*,#3330,.F.);
#1058=ORIENTED_EDGE('',*,*,#3296,.F.);
#1059=ORIENTED_EDGE('',*,*,#3332,.T.);
#1060=ORIENTED_EDGE('',*,*,#3268,.F.);
#1061=ORIENTED_EDGE('',*,*,#3333,.T.);
#1062=ORIENTED_EDGE('',*,*,#3332,.F.);
#1063=ORIENTED_EDGE('',*,*,#3295,.F.);
#1064=ORIENTED_EDGE('',*,*,#3267,.F.);
#1065=ORIENTED_EDGE('',*,*,#3329,.F.);
#1066=ORIENTED_EDGE('',*,*,#3331,.F.);
#1067=ORIENTED_EDGE('',*,*,#3333,.F.);
#1068=ORIENTED_EDGE('',*,*,#3282,.F.);
#1069=ORIENTED_EDGE('',*,*,#3293,.F.);
#1070=ORIENTED_EDGE('',*,*,#3334,.T.);
#1071=ORIENTED_EDGE('',*,*,#3335,.T.);
#1072=ORIENTED_EDGE('',*,*,#3283,.F.);
#1073=ORIENTED_EDGE('',*,*,#3335,.F.);
#1074=ORIENTED_EDGE('',*,*,#3336,.F.);
#1075=ORIENTED_EDGE('',*,*,#3337,.F.);
#1076=ORIENTED_EDGE('',*,*,#3337,.T.);
#1077=ORIENTED_EDGE('',*,*,#3338,.F.);
#1078=ORIENTED_EDGE('',*,*,#3291,.F.);
#1079=ORIENTED_EDGE('',*,*,#3284,.T.);
#1080=ORIENTED_EDGE('',*,*,#3336,.T.);
#1081=ORIENTED_EDGE('',*,*,#3334,.F.);
#1082=ORIENTED_EDGE('',*,*,#3292,.F.);
#1083=ORIENTED_EDGE('',*,*,#3338,.T.);
#1084=ORIENTED_EDGE('',*,*,#3216,.T.);
#1085=ORIENTED_EDGE('',*,*,#3221,.T.);
#1086=ORIENTED_EDGE('',*,*,#3055,.F.);
#1087=ORIENTED_EDGE('',*,*,#3213,.T.);
#1088=ORIENTED_EDGE('',*,*,#3057,.F.);
#1089=ORIENTED_EDGE('',*,*,#3219,.T.);
#1090=ORIENTED_EDGE('',*,*,#3206,.T.);
#1091=ORIENTED_EDGE('',*,*,#3211,.T.);
#1092=ORIENTED_EDGE('',*,*,#3059,.F.);
#1093=ORIENTED_EDGE('',*,*,#3203,.T.);
#1094=ORIENTED_EDGE('',*,*,#3061,.F.);
#1095=ORIENTED_EDGE('',*,*,#3209,.T.);
#1096=ORIENTED_EDGE('',*,*,#3196,.T.);
#1097=ORIENTED_EDGE('',*,*,#3201,.T.);
#1098=ORIENTED_EDGE('',*,*,#3063,.F.);
#1099=ORIENTED_EDGE('',*,*,#3193,.T.);
#1100=ORIENTED_EDGE('',*,*,#3065,.F.);
#1101=ORIENTED_EDGE('',*,*,#3199,.T.);
#1102=ORIENTED_EDGE('',*,*,#3186,.T.);
#1103=ORIENTED_EDGE('',*,*,#3191,.T.);
#1104=ORIENTED_EDGE('',*,*,#3067,.F.);
#1105=ORIENTED_EDGE('',*,*,#3183,.T.);
#1106=ORIENTED_EDGE('',*,*,#3069,.F.);
#1107=ORIENTED_EDGE('',*,*,#3189,.T.);
#1108=ORIENTED_EDGE('',*,*,#3078,.T.);
#1109=ORIENTED_EDGE('',*,*,#3072,.F.);
#1110=ORIENTED_EDGE('',*,*,#2907,.F.);
#1111=ORIENTED_EDGE('',*,*,#3176,.F.);
#1112=ORIENTED_EDGE('',*,*,#2911,.F.);
#1113=ORIENTED_EDGE('',*,*,#3075,.F.);
#1114=ORIENTED_EDGE('',*,*,#3081,.F.);
#1115=ORIENTED_EDGE('',*,*,#3174,.F.);
#1116=ORIENTED_EDGE('',*,*,#3093,.T.);
#1117=ORIENTED_EDGE('',*,*,#3087,.F.);
#1118=ORIENTED_EDGE('',*,*,#2901,.F.);
#1119=ORIENTED_EDGE('',*,*,#3168,.F.);
#1120=ORIENTED_EDGE('',*,*,#2893,.F.);
#1121=ORIENTED_EDGE('',*,*,#3084,.F.);
#1122=ORIENTED_EDGE('',*,*,#3090,.F.);
#1123=ORIENTED_EDGE('',*,*,#3182,.F.);
#1124=ORIENTED_EDGE('',*,*,#2887,.T.);
#1125=ORIENTED_EDGE('',*,*,#3098,.T.);
#1126=ORIENTED_EDGE('',*,*,#3339,.F.);
#1127=ORIENTED_EDGE('',*,*,#3340,.F.);
#1128=ORIENTED_EDGE('',*,*,#2888,.T.);
#1129=ORIENTED_EDGE('',*,*,#3340,.T.);
#1130=ORIENTED_EDGE('',*,*,#3341,.F.);
#1131=ORIENTED_EDGE('',*,*,#3104,.T.);
#1132=ORIENTED_EDGE('',*,*,#3339,.T.);
#1133=ORIENTED_EDGE('',*,*,#3105,.T.);
#1134=ORIENTED_EDGE('',*,*,#3341,.T.);
#1135=ORIENTED_EDGE('',*,*,#3342,.T.);
#1136=ORIENTED_EDGE('',*,*,#3343,.F.);
#1137=ORIENTED_EDGE('',*,*,#3344,.F.);
#1138=ORIENTED_EDGE('',*,*,#3345,.T.);
#1139=ORIENTED_EDGE('',*,*,#3071,.F.);
#1140=ORIENTED_EDGE('',*,*,#3077,.F.);
#1141=ORIENTED_EDGE('',*,*,#3343,.T.);
#1142=ORIENTED_EDGE('',*,*,#3088,.T.);
#1143=ORIENTED_EDGE('',*,*,#3082,.F.);
#1144=ORIENTED_EDGE('',*,*,#2891,.F.);
#1145=ORIENTED_EDGE('',*,*,#2981,.F.);
#1146=ORIENTED_EDGE('',*,*,#2990,.T.);
#1147=ORIENTED_EDGE('',*,*,#3066,.F.);
#1148=ORIENTED_EDGE('',*,*,#2998,.T.);
#1149=ORIENTED_EDGE('',*,*,#2919,.F.);
#1150=ORIENTED_EDGE('',*,*,#3038,.T.);
#1151=ORIENTED_EDGE('',*,*,#3054,.F.);
#1152=ORIENTED_EDGE('',*,*,#3046,.T.);
#1153=ORIENTED_EDGE('',*,*,#2935,.F.);
#1154=ORIENTED_EDGE('',*,*,#3022,.T.);
#1155=ORIENTED_EDGE('',*,*,#3058,.F.);
#1156=ORIENTED_EDGE('',*,*,#3030,.T.);
#1157=ORIENTED_EDGE('',*,*,#2951,.F.);
#1158=ORIENTED_EDGE('',*,*,#3006,.T.);
#1159=ORIENTED_EDGE('',*,*,#3062,.F.);
#1160=ORIENTED_EDGE('',*,*,#3014,.T.);
#1161=ORIENTED_EDGE('',*,*,#2966,.F.);
#1162=ORIENTED_EDGE('',*,*,#2903,.F.);
#1163=ORIENTED_EDGE('',*,*,#3073,.F.);
#1164=ORIENTED_EDGE('',*,*,#2909,.F.);
#1165=ORIENTED_EDGE('',*,*,#2974,.F.);
#1166=ORIENTED_EDGE('',*,*,#3018,.T.);
#1167=ORIENTED_EDGE('',*,*,#3064,.F.);
#1168=ORIENTED_EDGE('',*,*,#3010,.T.);
#1169=ORIENTED_EDGE('',*,*,#2959,.F.);
#1170=ORIENTED_EDGE('',*,*,#3034,.T.);
#1171=ORIENTED_EDGE('',*,*,#3060,.F.);
#1172=ORIENTED_EDGE('',*,*,#3026,.T.);
#1173=ORIENTED_EDGE('',*,*,#2943,.F.);
#1174=ORIENTED_EDGE('',*,*,#3050,.T.);
#1175=ORIENTED_EDGE('',*,*,#3056,.F.);
#1176=ORIENTED_EDGE('',*,*,#3042,.T.);
#1177=ORIENTED_EDGE('',*,*,#2927,.F.);
#1178=ORIENTED_EDGE('',*,*,#3002,.T.);
#1179=ORIENTED_EDGE('',*,*,#3068,.F.);
#1180=ORIENTED_EDGE('',*,*,#2994,.T.);
#1181=ORIENTED_EDGE('',*,*,#2987,.F.);
#1182=ORIENTED_EDGE('',*,*,#2897,.F.);
#1183=ORIENTED_EDGE('',*,*,#3086,.F.);
#1184=ORIENTED_EDGE('',*,*,#3092,.F.);
#1185=ORIENTED_EDGE('',*,*,#3346,.F.);
#1186=ORIENTED_EDGE('',*,*,#3079,.F.);
#1187=ORIENTED_EDGE('',*,*,#3347,.T.);
#1188=ORIENTED_EDGE('',*,*,#3345,.F.);
#1189=ORIENTED_EDGE('',*,*,#3348,.F.);
#1190=ORIENTED_EDGE('',*,*,#3346,.T.);
#1191=ORIENTED_EDGE('',*,*,#3175,.F.);
#1192=ORIENTED_EDGE('',*,*,#3348,.T.);
#1193=ORIENTED_EDGE('',*,*,#3344,.T.);
#1194=ORIENTED_EDGE('',*,*,#3347,.F.);
#1195=ORIENTED_EDGE('',*,*,#3167,.F.);
#1196=ORIENTED_EDGE('',*,*,#3342,.F.);
#1197=ORIENTED_EDGE('',*,*,#3103,.T.);
#1198=ORIENTED_EDGE('',*,*,#2874,.F.);
#1199=ORIENTED_EDGE('',*,*,#3155,.F.);
#1200=ORIENTED_EDGE('',*,*,#2883,.T.);
#1201=ORIENTED_EDGE('',*,*,#3102,.T.);
#1202=ORIENTED_EDGE('',*,*,#3095,.F.);
#1203=ORIENTED_EDGE('',*,*,#3156,.F.);
#1204=ORIENTED_EDGE('',*,*,#2872,.T.);
#1205=ORIENTED_EDGE('',*,*,#2875,.T.);
#1206=ORIENTED_EDGE('',*,*,#3349,.F.);
#1207=ORIENTED_EDGE('',*,*,#3350,.F.);
#1208=ORIENTED_EDGE('',*,*,#3351,.T.);
#1209=ORIENTED_EDGE('',*,*,#2878,.T.);
#1210=ORIENTED_EDGE('',*,*,#3352,.F.);
#1211=ORIENTED_EDGE('',*,*,#3353,.F.);
#1212=ORIENTED_EDGE('',*,*,#3349,.T.);
#1213=ORIENTED_EDGE('',*,*,#2877,.T.);
#1214=ORIENTED_EDGE('',*,*,#3354,.F.);
#1215=ORIENTED_EDGE('',*,*,#3355,.F.);
#1216=ORIENTED_EDGE('',*,*,#3352,.T.);
#1217=ORIENTED_EDGE('',*,*,#2876,.T.);
#1218=ORIENTED_EDGE('',*,*,#3351,.F.);
#1219=ORIENTED_EDGE('',*,*,#3356,.F.);
#1220=ORIENTED_EDGE('',*,*,#3354,.T.);
#1221=ORIENTED_EDGE('',*,*,#3350,.T.);
#1222=ORIENTED_EDGE('',*,*,#3353,.T.);
#1223=ORIENTED_EDGE('',*,*,#3355,.T.);
#1224=ORIENTED_EDGE('',*,*,#3356,.T.);
#1225=ORIENTED_EDGE('',*,*,#2859,.T.);
#1226=ORIENTED_EDGE('',*,*,#3357,.F.);
#1227=ORIENTED_EDGE('',*,*,#3358,.F.);
#1228=ORIENTED_EDGE('',*,*,#3359,.T.);
#1229=ORIENTED_EDGE('',*,*,#2870,.T.);
#1230=ORIENTED_EDGE('',*,*,#3360,.F.);
#1231=ORIENTED_EDGE('',*,*,#3361,.F.);
#1232=ORIENTED_EDGE('',*,*,#3357,.T.);
#1233=ORIENTED_EDGE('',*,*,#2869,.T.);
#1234=ORIENTED_EDGE('',*,*,#3362,.F.);
#1235=ORIENTED_EDGE('',*,*,#3363,.F.);
#1236=ORIENTED_EDGE('',*,*,#3360,.T.);
#1237=ORIENTED_EDGE('',*,*,#2868,.T.);
#1238=ORIENTED_EDGE('',*,*,#3364,.F.);
#1239=ORIENTED_EDGE('',*,*,#3365,.F.);
#1240=ORIENTED_EDGE('',*,*,#3362,.T.);
#1241=ORIENTED_EDGE('',*,*,#2867,.T.);
#1242=ORIENTED_EDGE('',*,*,#3366,.F.);
#1243=ORIENTED_EDGE('',*,*,#3367,.F.);
#1244=ORIENTED_EDGE('',*,*,#3364,.T.);
#1245=ORIENTED_EDGE('',*,*,#2866,.T.);
#1246=ORIENTED_EDGE('',*,*,#3368,.F.);
#1247=ORIENTED_EDGE('',*,*,#3369,.F.);
#1248=ORIENTED_EDGE('',*,*,#3366,.T.);
#1249=ORIENTED_EDGE('',*,*,#2865,.T.);
#1250=ORIENTED_EDGE('',*,*,#3370,.F.);
#1251=ORIENTED_EDGE('',*,*,#3371,.F.);
#1252=ORIENTED_EDGE('',*,*,#3368,.T.);
#1253=ORIENTED_EDGE('',*,*,#2864,.T.);
#1254=ORIENTED_EDGE('',*,*,#3372,.F.);
#1255=ORIENTED_EDGE('',*,*,#3373,.F.);
#1256=ORIENTED_EDGE('',*,*,#3370,.T.);
#1257=ORIENTED_EDGE('',*,*,#2863,.T.);
#1258=ORIENTED_EDGE('',*,*,#3374,.F.);
#1259=ORIENTED_EDGE('',*,*,#3375,.F.);
#1260=ORIENTED_EDGE('',*,*,#3372,.T.);
#1261=ORIENTED_EDGE('',*,*,#2862,.T.);
#1262=ORIENTED_EDGE('',*,*,#3376,.F.);
#1263=ORIENTED_EDGE('',*,*,#3377,.F.);
#1264=ORIENTED_EDGE('',*,*,#3374,.T.);
#1265=ORIENTED_EDGE('',*,*,#2861,.T.);
#1266=ORIENTED_EDGE('',*,*,#3378,.F.);
#1267=ORIENTED_EDGE('',*,*,#3379,.F.);
#1268=ORIENTED_EDGE('',*,*,#3376,.T.);
#1269=ORIENTED_EDGE('',*,*,#2860,.T.);
#1270=ORIENTED_EDGE('',*,*,#3359,.F.);
#1271=ORIENTED_EDGE('',*,*,#3380,.F.);
#1272=ORIENTED_EDGE('',*,*,#3378,.T.);
#1273=ORIENTED_EDGE('',*,*,#3358,.T.);
#1274=ORIENTED_EDGE('',*,*,#3361,.T.);
#1275=ORIENTED_EDGE('',*,*,#3363,.T.);
#1276=ORIENTED_EDGE('',*,*,#3365,.T.);
#1277=ORIENTED_EDGE('',*,*,#3367,.T.);
#1278=ORIENTED_EDGE('',*,*,#3369,.T.);
#1279=ORIENTED_EDGE('',*,*,#3371,.T.);
#1280=ORIENTED_EDGE('',*,*,#3373,.T.);
#1281=ORIENTED_EDGE('',*,*,#3375,.T.);
#1282=ORIENTED_EDGE('',*,*,#3377,.T.);
#1283=ORIENTED_EDGE('',*,*,#3379,.T.);
#1284=ORIENTED_EDGE('',*,*,#3380,.T.);
#1285=ORIENTED_EDGE('',*,*,#2879,.T.);
#1286=ORIENTED_EDGE('',*,*,#3381,.F.);
#1287=ORIENTED_EDGE('',*,*,#3382,.F.);
#1288=ORIENTED_EDGE('',*,*,#3383,.T.);
#1289=ORIENTED_EDGE('',*,*,#2882,.T.);
#1290=ORIENTED_EDGE('',*,*,#3384,.F.);
#1291=ORIENTED_EDGE('',*,*,#3385,.F.);
#1292=ORIENTED_EDGE('',*,*,#3381,.T.);
#1293=ORIENTED_EDGE('',*,*,#2881,.T.);
#1294=ORIENTED_EDGE('',*,*,#3386,.F.);
#1295=ORIENTED_EDGE('',*,*,#3387,.F.);
#1296=ORIENTED_EDGE('',*,*,#3384,.T.);
#1297=ORIENTED_EDGE('',*,*,#2880,.T.);
#1298=ORIENTED_EDGE('',*,*,#3383,.F.);
#1299=ORIENTED_EDGE('',*,*,#3388,.F.);
#1300=ORIENTED_EDGE('',*,*,#3386,.T.);
#1301=ORIENTED_EDGE('',*,*,#3382,.T.);
#1302=ORIENTED_EDGE('',*,*,#3385,.T.);
#1303=ORIENTED_EDGE('',*,*,#3387,.T.);
#1304=ORIENTED_EDGE('',*,*,#3388,.T.);
#1305=ORIENTED_EDGE('',*,*,#3389,.F.);
#1306=ORIENTED_EDGE('',*,*,#3390,.T.);
#1307=ORIENTED_EDGE('',*,*,#3391,.F.);
#1308=ORIENTED_EDGE('',*,*,#3392,.T.);
#1309=ORIENTED_EDGE('',*,*,#3393,.F.);
#1310=ORIENTED_EDGE('',*,*,#3394,.T.);
#1311=ORIENTED_EDGE('',*,*,#3395,.T.);
#1312=ORIENTED_EDGE('',*,*,#3396,.T.);
#1313=ORIENTED_EDGE('',*,*,#3397,.T.);
#1314=ORIENTED_EDGE('',*,*,#3398,.T.);
#1315=ORIENTED_EDGE('',*,*,#3399,.F.);
#1316=ORIENTED_EDGE('',*,*,#3400,.F.);
#1317=ORIENTED_EDGE('',*,*,#3401,.F.);
#1318=ORIENTED_EDGE('',*,*,#3402,.T.);
#1319=ORIENTED_EDGE('',*,*,#3403,.F.);
#1320=ORIENTED_EDGE('',*,*,#3404,.F.);
#1321=ORIENTED_EDGE('',*,*,#3405,.F.);
#1322=ORIENTED_EDGE('',*,*,#3406,.T.);
#1323=ORIENTED_EDGE('',*,*,#3407,.F.);
#1324=ORIENTED_EDGE('',*,*,#3408,.T.);
#1325=ORIENTED_EDGE('',*,*,#3409,.F.);
#1326=ORIENTED_EDGE('',*,*,#3410,.T.);
#1327=ORIENTED_EDGE('',*,*,#3411,.T.);
#1328=ORIENTED_EDGE('',*,*,#3412,.T.);
#1329=ORIENTED_EDGE('',*,*,#3413,.F.);
#1330=ORIENTED_EDGE('',*,*,#3414,.T.);
#1331=ORIENTED_EDGE('',*,*,#3415,.F.);
#1332=ORIENTED_EDGE('',*,*,#3416,.T.);
#1333=ORIENTED_EDGE('',*,*,#3417,.F.);
#1334=ORIENTED_EDGE('',*,*,#3418,.T.);
#1335=ORIENTED_EDGE('',*,*,#3419,.T.);
#1336=ORIENTED_EDGE('',*,*,#3420,.T.);
#1337=ORIENTED_EDGE('',*,*,#3421,.F.);
#1338=ORIENTED_EDGE('',*,*,#3422,.T.);
#1339=ORIENTED_EDGE('',*,*,#3423,.F.);
#1340=ORIENTED_EDGE('',*,*,#3424,.T.);
#1341=ORIENTED_EDGE('',*,*,#3425,.F.);
#1342=ORIENTED_EDGE('',*,*,#3426,.T.);
#1343=ORIENTED_EDGE('',*,*,#3427,.T.);
#1344=ORIENTED_EDGE('',*,*,#3428,.T.);
#1345=ORIENTED_EDGE('',*,*,#3429,.F.);
#1346=ORIENTED_EDGE('',*,*,#3430,.T.);
#1347=ORIENTED_EDGE('',*,*,#3431,.F.);
#1348=ORIENTED_EDGE('',*,*,#3432,.T.);
#1349=ORIENTED_EDGE('',*,*,#3433,.F.);
#1350=ORIENTED_EDGE('',*,*,#3434,.T.);
#1351=ORIENTED_EDGE('',*,*,#3435,.T.);
#1352=ORIENTED_EDGE('',*,*,#3436,.T.);
#1353=ORIENTED_EDGE('',*,*,#3437,.F.);
#1354=ORIENTED_EDGE('',*,*,#3438,.T.);
#1355=ORIENTED_EDGE('',*,*,#3439,.F.);
#1356=ORIENTED_EDGE('',*,*,#3440,.T.);
#1357=ORIENTED_EDGE('',*,*,#3441,.F.);
#1358=ORIENTED_EDGE('',*,*,#3442,.T.);
#1359=ORIENTED_EDGE('',*,*,#3443,.T.);
#1360=ORIENTED_EDGE('',*,*,#3444,.T.);
#1361=ORIENTED_EDGE('',*,*,#3445,.F.);
#1362=ORIENTED_EDGE('',*,*,#3446,.T.);
#1363=ORIENTED_EDGE('',*,*,#3447,.F.);
#1364=ORIENTED_EDGE('',*,*,#3448,.T.);
#1365=ORIENTED_EDGE('',*,*,#3449,.F.);
#1366=ORIENTED_EDGE('',*,*,#3450,.T.);
#1367=ORIENTED_EDGE('',*,*,#3451,.T.);
#1368=ORIENTED_EDGE('',*,*,#3452,.T.);
#1369=ORIENTED_EDGE('',*,*,#3453,.F.);
#1370=ORIENTED_EDGE('',*,*,#3454,.T.);
#1371=ORIENTED_EDGE('',*,*,#3455,.F.);
#1372=ORIENTED_EDGE('',*,*,#3456,.T.);
#1373=ORIENTED_EDGE('',*,*,#3457,.F.);
#1374=ORIENTED_EDGE('',*,*,#3458,.T.);
#1375=ORIENTED_EDGE('',*,*,#3459,.T.);
#1376=ORIENTED_EDGE('',*,*,#3460,.T.);
#1377=ORIENTED_EDGE('',*,*,#3461,.F.);
#1378=ORIENTED_EDGE('',*,*,#3462,.T.);
#1379=ORIENTED_EDGE('',*,*,#3463,.F.);
#1380=ORIENTED_EDGE('',*,*,#3464,.T.);
#1381=ORIENTED_EDGE('',*,*,#3465,.F.);
#1382=ORIENTED_EDGE('',*,*,#3466,.T.);
#1383=ORIENTED_EDGE('',*,*,#3467,.T.);
#1384=ORIENTED_EDGE('',*,*,#3468,.T.);
#1385=ORIENTED_EDGE('',*,*,#3469,.F.);
#1386=ORIENTED_EDGE('',*,*,#3470,.T.);
#1387=ORIENTED_EDGE('',*,*,#3471,.F.);
#1388=ORIENTED_EDGE('',*,*,#3472,.F.);
#1389=ORIENTED_EDGE('',*,*,#3473,.F.);
#1390=ORIENTED_EDGE('',*,*,#3474,.T.);
#1391=ORIENTED_EDGE('',*,*,#3475,.T.);
#1392=ORIENTED_EDGE('',*,*,#3476,.T.);
#1393=ORIENTED_EDGE('',*,*,#3477,.T.);
#1394=ORIENTED_EDGE('',*,*,#3478,.T.);
#1395=ORIENTED_EDGE('',*,*,#3479,.F.);
#1396=ORIENTED_EDGE('',*,*,#3480,.T.);
#1397=ORIENTED_EDGE('',*,*,#3481,.T.);
#1398=ORIENTED_EDGE('',*,*,#3482,.T.);
#1399=ORIENTED_EDGE('',*,*,#3483,.F.);
#1400=ORIENTED_EDGE('',*,*,#3484,.T.);
#1401=ORIENTED_EDGE('',*,*,#3485,.T.);
#1402=ORIENTED_EDGE('',*,*,#3486,.T.);
#1403=ORIENTED_EDGE('',*,*,#3487,.F.);
#1404=ORIENTED_EDGE('',*,*,#3488,.T.);
#1405=ORIENTED_EDGE('',*,*,#3489,.T.);
#1406=ORIENTED_EDGE('',*,*,#3490,.T.);
#1407=ORIENTED_EDGE('',*,*,#3491,.F.);
#1408=ORIENTED_EDGE('',*,*,#3492,.T.);
#1409=ORIENTED_EDGE('',*,*,#3493,.T.);
#1410=ORIENTED_EDGE('',*,*,#3494,.T.);
#1411=ORIENTED_EDGE('',*,*,#3495,.F.);
#1412=ORIENTED_EDGE('',*,*,#3496,.T.);
#1413=ORIENTED_EDGE('',*,*,#3497,.T.);
#1414=ORIENTED_EDGE('',*,*,#3498,.T.);
#1415=ORIENTED_EDGE('',*,*,#3499,.F.);
#1416=ORIENTED_EDGE('',*,*,#3500,.T.);
#1417=ORIENTED_EDGE('',*,*,#3501,.T.);
#1418=ORIENTED_EDGE('',*,*,#3502,.T.);
#1419=ORIENTED_EDGE('',*,*,#3503,.F.);
#1420=ORIENTED_EDGE('',*,*,#3504,.T.);
#1421=ORIENTED_EDGE('',*,*,#3505,.T.);
#1422=ORIENTED_EDGE('',*,*,#3506,.T.);
#1423=ORIENTED_EDGE('',*,*,#3507,.F.);
#1424=ORIENTED_EDGE('',*,*,#3508,.T.);
#1425=ORIENTED_EDGE('',*,*,#3391,.T.);
#1426=ORIENTED_EDGE('',*,*,#3509,.T.);
#1427=ORIENTED_EDGE('',*,*,#3401,.T.);
#1428=ORIENTED_EDGE('',*,*,#3510,.T.);
#1429=ORIENTED_EDGE('',*,*,#3511,.F.);
#1430=ORIENTED_EDGE('',*,*,#3512,.F.);
#1431=ORIENTED_EDGE('',*,*,#3471,.T.);
#1432=ORIENTED_EDGE('',*,*,#3513,.T.);
#1433=ORIENTED_EDGE('',*,*,#3463,.T.);
#1434=ORIENTED_EDGE('',*,*,#3514,.T.);
#1435=ORIENTED_EDGE('',*,*,#3455,.T.);
#1436=ORIENTED_EDGE('',*,*,#3515,.T.);
#1437=ORIENTED_EDGE('',*,*,#3447,.T.);
#1438=ORIENTED_EDGE('',*,*,#3516,.T.);
#1439=ORIENTED_EDGE('',*,*,#3439,.T.);
#1440=ORIENTED_EDGE('',*,*,#3517,.T.);
#1441=ORIENTED_EDGE('',*,*,#3431,.T.);
#1442=ORIENTED_EDGE('',*,*,#3518,.T.);
#1443=ORIENTED_EDGE('',*,*,#3423,.T.);
#1444=ORIENTED_EDGE('',*,*,#3519,.T.);
#1445=ORIENTED_EDGE('',*,*,#3415,.T.);
#1446=ORIENTED_EDGE('',*,*,#3520,.T.);
#1447=ORIENTED_EDGE('',*,*,#3407,.T.);
#1448=ORIENTED_EDGE('',*,*,#3521,.T.);
#1449=ORIENTED_EDGE('',*,*,#3522,.T.);
#1450=ORIENTED_EDGE('',*,*,#3523,.T.);
#1451=ORIENTED_EDGE('',*,*,#3477,.F.);
#1452=ORIENTED_EDGE('',*,*,#3524,.T.);
#1453=ORIENTED_EDGE('',*,*,#3525,.T.);
#1454=ORIENTED_EDGE('',*,*,#3526,.T.);
#1455=ORIENTED_EDGE('',*,*,#3527,.T.);
#1456=ORIENTED_EDGE('',*,*,#3528,.T.);
#1457=ORIENTED_EDGE('',*,*,#3485,.F.);
#1458=ORIENTED_EDGE('',*,*,#3529,.T.);
#1459=ORIENTED_EDGE('',*,*,#3530,.T.);
#1460=ORIENTED_EDGE('',*,*,#3531,.T.);
#1461=ORIENTED_EDGE('',*,*,#3532,.T.);
#1462=ORIENTED_EDGE('',*,*,#3533,.T.);
#1463=ORIENTED_EDGE('',*,*,#3493,.F.);
#1464=ORIENTED_EDGE('',*,*,#3534,.T.);
#1465=ORIENTED_EDGE('',*,*,#3535,.T.);
#1466=ORIENTED_EDGE('',*,*,#3536,.T.);
#1467=ORIENTED_EDGE('',*,*,#3537,.T.);
#1468=ORIENTED_EDGE('',*,*,#3538,.T.);
#1469=ORIENTED_EDGE('',*,*,#3501,.F.);
#1470=ORIENTED_EDGE('',*,*,#3539,.T.);
#1471=ORIENTED_EDGE('',*,*,#3540,.T.);
#1472=ORIENTED_EDGE('',*,*,#3541,.T.);
#1473=ORIENTED_EDGE('',*,*,#3542,.T.);
#1474=ORIENTED_EDGE('',*,*,#3543,.T.);
#1475=ORIENTED_EDGE('',*,*,#3544,.F.);
#1476=ORIENTED_EDGE('',*,*,#3545,.T.);
#1477=ORIENTED_EDGE('',*,*,#3546,.T.);
#1478=ORIENTED_EDGE('',*,*,#3547,.T.);
#1479=ORIENTED_EDGE('',*,*,#3548,.F.);
#1480=ORIENTED_EDGE('',*,*,#3549,.T.);
#1481=ORIENTED_EDGE('',*,*,#3399,.T.);
#1482=ORIENTED_EDGE('',*,*,#3550,.T.);
#1483=ORIENTED_EDGE('',*,*,#3393,.T.);
#1484=ORIENTED_EDGE('',*,*,#3551,.T.);
#1485=ORIENTED_EDGE('',*,*,#3409,.T.);
#1486=ORIENTED_EDGE('',*,*,#3552,.T.);
#1487=ORIENTED_EDGE('',*,*,#3417,.T.);
#1488=ORIENTED_EDGE('',*,*,#3553,.T.);
#1489=ORIENTED_EDGE('',*,*,#3425,.T.);
#1490=ORIENTED_EDGE('',*,*,#3554,.T.);
#1491=ORIENTED_EDGE('',*,*,#3433,.T.);
#1492=ORIENTED_EDGE('',*,*,#3555,.T.);
#1493=ORIENTED_EDGE('',*,*,#3441,.T.);
#1494=ORIENTED_EDGE('',*,*,#3556,.T.);
#1495=ORIENTED_EDGE('',*,*,#3449,.T.);
#1496=ORIENTED_EDGE('',*,*,#3557,.T.);
#1497=ORIENTED_EDGE('',*,*,#3457,.T.);
#1498=ORIENTED_EDGE('',*,*,#3558,.T.);
#1499=ORIENTED_EDGE('',*,*,#3465,.T.);
#1500=ORIENTED_EDGE('',*,*,#3559,.T.);
#1501=ORIENTED_EDGE('',*,*,#3473,.T.);
#1502=ORIENTED_EDGE('',*,*,#3560,.T.);
#1503=ORIENTED_EDGE('',*,*,#3561,.F.);
#1504=ORIENTED_EDGE('',*,*,#3562,.F.);
#1505=ORIENTED_EDGE('',*,*,#3483,.T.);
#1506=ORIENTED_EDGE('',*,*,#3563,.T.);
#1507=ORIENTED_EDGE('',*,*,#3564,.T.);
#1508=ORIENTED_EDGE('',*,*,#3565,.T.);
#1509=ORIENTED_EDGE('',*,*,#3566,.F.);
#1510=ORIENTED_EDGE('',*,*,#3567,.T.);
#1511=ORIENTED_EDGE('',*,*,#3491,.T.);
#1512=ORIENTED_EDGE('',*,*,#3568,.T.);
#1513=ORIENTED_EDGE('',*,*,#3569,.T.);
#1514=ORIENTED_EDGE('',*,*,#3570,.T.);
#1515=ORIENTED_EDGE('',*,*,#3571,.F.);
#1516=ORIENTED_EDGE('',*,*,#3572,.T.);
#1517=ORIENTED_EDGE('',*,*,#3499,.T.);
#1518=ORIENTED_EDGE('',*,*,#3573,.T.);
#1519=ORIENTED_EDGE('',*,*,#3574,.T.);
#1520=ORIENTED_EDGE('',*,*,#3575,.T.);
#1521=ORIENTED_EDGE('',*,*,#3576,.F.);
#1522=ORIENTED_EDGE('',*,*,#3577,.T.);
#1523=ORIENTED_EDGE('',*,*,#3507,.T.);
#1524=ORIENTED_EDGE('',*,*,#3578,.T.);
#1525=ORIENTED_EDGE('',*,*,#3579,.T.);
#1526=ORIENTED_EDGE('',*,*,#3580,.T.);
#1527=ORIENTED_EDGE('',*,*,#3581,.F.);
#1528=ORIENTED_EDGE('',*,*,#3582,.T.);
#1529=ORIENTED_EDGE('',*,*,#3583,.T.);
#1530=ORIENTED_EDGE('',*,*,#3584,.T.);
#1531=ORIENTED_EDGE('',*,*,#3525,.F.);
#1532=ORIENTED_EDGE('',*,*,#3585,.T.);
#1533=ORIENTED_EDGE('',*,*,#3566,.T.);
#1534=ORIENTED_EDGE('',*,*,#3586,.T.);
#1535=ORIENTED_EDGE('',*,*,#3587,.F.);
#1536=ORIENTED_EDGE('',*,*,#3588,.T.);
#1537=ORIENTED_EDGE('',*,*,#3589,.T.);
#1538=ORIENTED_EDGE('',*,*,#3590,.T.);
#1539=ORIENTED_EDGE('',*,*,#3530,.F.);
#1540=ORIENTED_EDGE('',*,*,#3591,.T.);
#1541=ORIENTED_EDGE('',*,*,#3571,.T.);
#1542=ORIENTED_EDGE('',*,*,#3592,.T.);
#1543=ORIENTED_EDGE('',*,*,#3593,.F.);
#1544=ORIENTED_EDGE('',*,*,#3594,.T.);
#1545=ORIENTED_EDGE('',*,*,#3595,.T.);
#1546=ORIENTED_EDGE('',*,*,#3596,.T.);
#1547=ORIENTED_EDGE('',*,*,#3535,.F.);
#1548=ORIENTED_EDGE('',*,*,#3597,.T.);
#1549=ORIENTED_EDGE('',*,*,#3576,.T.);
#1550=ORIENTED_EDGE('',*,*,#3598,.T.);
#1551=ORIENTED_EDGE('',*,*,#3599,.F.);
#1552=ORIENTED_EDGE('',*,*,#3600,.T.);
#1553=ORIENTED_EDGE('',*,*,#3601,.T.);
#1554=ORIENTED_EDGE('',*,*,#3602,.T.);
#1555=ORIENTED_EDGE('',*,*,#3540,.F.);
#1556=ORIENTED_EDGE('',*,*,#3603,.T.);
#1557=ORIENTED_EDGE('',*,*,#3581,.T.);
#1558=ORIENTED_EDGE('',*,*,#3604,.T.);
#1559=ORIENTED_EDGE('',*,*,#3605,.F.);
#1560=ORIENTED_EDGE('',*,*,#3606,.T.);
#1561=ORIENTED_EDGE('',*,*,#3607,.T.);
#1562=ORIENTED_EDGE('',*,*,#3608,.T.);
#1563=ORIENTED_EDGE('',*,*,#3609,.F.);
#1564=ORIENTED_EDGE('',*,*,#3610,.T.);
#1565=ORIENTED_EDGE('',*,*,#3611,.T.);
#1566=ORIENTED_EDGE('',*,*,#3612,.T.);
#1567=ORIENTED_EDGE('',*,*,#3613,.F.);
#1568=ORIENTED_EDGE('',*,*,#3614,.T.);
#1569=ORIENTED_EDGE('',*,*,#3510,.F.);
#1570=ORIENTED_EDGE('',*,*,#3400,.T.);
#1571=ORIENTED_EDGE('',*,*,#3562,.T.);
#1572=ORIENTED_EDGE('',*,*,#3615,.F.);
#1573=ORIENTED_EDGE('',*,*,#3560,.F.);
#1574=ORIENTED_EDGE('',*,*,#3472,.T.);
#1575=ORIENTED_EDGE('',*,*,#3512,.T.);
#1576=ORIENTED_EDGE('',*,*,#3616,.F.);
#1577=ORIENTED_EDGE('',*,*,#3617,.F.);
#1578=ORIENTED_EDGE('',*,*,#3618,.T.);
#1579=ORIENTED_EDGE('',*,*,#3619,.T.);
#1580=ORIENTED_EDGE('',*,*,#3620,.F.);
#1581=ORIENTED_EDGE('',*,*,#3621,.F.);
#1582=ORIENTED_EDGE('',*,*,#3622,.F.);
#1583=ORIENTED_EDGE('',*,*,#3623,.F.);
#1584=ORIENTED_EDGE('',*,*,#3624,.F.);
#1585=ORIENTED_EDGE('',*,*,#3625,.F.);
#1586=ORIENTED_EDGE('',*,*,#3626,.F.);
#1587=ORIENTED_EDGE('',*,*,#3627,.T.);
#1588=ORIENTED_EDGE('',*,*,#3628,.T.);
#1589=ORIENTED_EDGE('',*,*,#3616,.T.);
#1590=ORIENTED_EDGE('',*,*,#3511,.T.);
#1591=ORIENTED_EDGE('',*,*,#3615,.T.);
#1592=ORIENTED_EDGE('',*,*,#3561,.T.);
#1593=ORIENTED_EDGE('',*,*,#3621,.T.);
#1594=ORIENTED_EDGE('',*,*,#3629,.F.);
#1595=ORIENTED_EDGE('',*,*,#3630,.F.);
#1596=ORIENTED_EDGE('',*,*,#3631,.T.);
#1597=ORIENTED_EDGE('',*,*,#3632,.F.);
#1598=ORIENTED_EDGE('',*,*,#3397,.F.);
#1599=ORIENTED_EDGE('',*,*,#3633,.F.);
#1600=ORIENTED_EDGE('',*,*,#3634,.F.);
#1601=ORIENTED_EDGE('',*,*,#3635,.F.);
#1602=ORIENTED_EDGE('',*,*,#3636,.F.);
#1603=ORIENTED_EDGE('',*,*,#3637,.F.);
#1604=ORIENTED_EDGE('',*,*,#3638,.F.);
#1605=ORIENTED_EDGE('',*,*,#3639,.F.);
#1606=ORIENTED_EDGE('',*,*,#3640,.F.);
#1607=ORIENTED_EDGE('',*,*,#3641,.F.);
#1608=ORIENTED_EDGE('',*,*,#3642,.F.);
#1609=ORIENTED_EDGE('',*,*,#3643,.F.);
#1610=ORIENTED_EDGE('',*,*,#3644,.F.);
#1611=ORIENTED_EDGE('',*,*,#3645,.F.);
#1612=ORIENTED_EDGE('',*,*,#3646,.F.);
#1613=ORIENTED_EDGE('',*,*,#3475,.F.);
#1614=ORIENTED_EDGE('',*,*,#3647,.F.);
#1615=ORIENTED_EDGE('',*,*,#3467,.F.);
#1616=ORIENTED_EDGE('',*,*,#3648,.F.);
#1617=ORIENTED_EDGE('',*,*,#3459,.F.);
#1618=ORIENTED_EDGE('',*,*,#3649,.F.);
#1619=ORIENTED_EDGE('',*,*,#3451,.F.);
#1620=ORIENTED_EDGE('',*,*,#3650,.F.);
#1621=ORIENTED_EDGE('',*,*,#3443,.F.);
#1622=ORIENTED_EDGE('',*,*,#3651,.F.);
#1623=ORIENTED_EDGE('',*,*,#3435,.F.);
#1624=ORIENTED_EDGE('',*,*,#3652,.F.);
#1625=ORIENTED_EDGE('',*,*,#3427,.F.);
#1626=ORIENTED_EDGE('',*,*,#3653,.F.);
#1627=ORIENTED_EDGE('',*,*,#3419,.F.);
#1628=ORIENTED_EDGE('',*,*,#3654,.F.);
#1629=ORIENTED_EDGE('',*,*,#3411,.F.);
#1630=ORIENTED_EDGE('',*,*,#3655,.F.);
#1631=ORIENTED_EDGE('',*,*,#3395,.F.);
#1632=ORIENTED_EDGE('',*,*,#3624,.T.);
#1633=ORIENTED_EDGE('',*,*,#3656,.F.);
#1634=ORIENTED_EDGE('',*,*,#3657,.F.);
#1635=ORIENTED_EDGE('',*,*,#3629,.T.);
#1636=ORIENTED_EDGE('',*,*,#3623,.T.);
#1637=ORIENTED_EDGE('',*,*,#3658,.F.);
#1638=ORIENTED_EDGE('',*,*,#3659,.F.);
#1639=ORIENTED_EDGE('',*,*,#3656,.T.);
#1640=ORIENTED_EDGE('',*,*,#3479,.T.);
#1641=ORIENTED_EDGE('',*,*,#3660,.T.);
#1642=ORIENTED_EDGE('',*,*,#3661,.T.);
#1643=ORIENTED_EDGE('',*,*,#3662,.T.);
#1644=ORIENTED_EDGE('',*,*,#3583,.F.);
#1645=ORIENTED_EDGE('',*,*,#3663,.T.);
#1646=ORIENTED_EDGE('',*,*,#3664,.T.);
#1647=ORIENTED_EDGE('',*,*,#3665,.T.);
#1648=ORIENTED_EDGE('',*,*,#3481,.F.);
#1649=ORIENTED_EDGE('',*,*,#3666,.T.);
#1650=ORIENTED_EDGE('',*,*,#3587,.T.);
#1651=ORIENTED_EDGE('',*,*,#3667,.T.);
#1652=ORIENTED_EDGE('',*,*,#3487,.T.);
#1653=ORIENTED_EDGE('',*,*,#3668,.T.);
#1654=ORIENTED_EDGE('',*,*,#3669,.T.);
#1655=ORIENTED_EDGE('',*,*,#3670,.T.);
#1656=ORIENTED_EDGE('',*,*,#3589,.F.);
#1657=ORIENTED_EDGE('',*,*,#3671,.T.);
#1658=ORIENTED_EDGE('',*,*,#3672,.T.);
#1659=ORIENTED_EDGE('',*,*,#3673,.T.);
#1660=ORIENTED_EDGE('',*,*,#3489,.F.);
#1661=ORIENTED_EDGE('',*,*,#3674,.T.);
#1662=ORIENTED_EDGE('',*,*,#3593,.T.);
#1663=ORIENTED_EDGE('',*,*,#3675,.T.);
#1664=ORIENTED_EDGE('',*,*,#3495,.T.);
#1665=ORIENTED_EDGE('',*,*,#3676,.T.);
#1666=ORIENTED_EDGE('',*,*,#3677,.T.);
#1667=ORIENTED_EDGE('',*,*,#3678,.T.);
#1668=ORIENTED_EDGE('',*,*,#3595,.F.);
#1669=ORIENTED_EDGE('',*,*,#3679,.T.);
#1670=ORIENTED_EDGE('',*,*,#3680,.T.);
#1671=ORIENTED_EDGE('',*,*,#3681,.T.);
#1672=ORIENTED_EDGE('',*,*,#3497,.F.);
#1673=ORIENTED_EDGE('',*,*,#3682,.T.);
#1674=ORIENTED_EDGE('',*,*,#3599,.T.);
#1675=ORIENTED_EDGE('',*,*,#3683,.T.);
#1676=ORIENTED_EDGE('',*,*,#3503,.T.);
#1677=ORIENTED_EDGE('',*,*,#3684,.T.);
#1678=ORIENTED_EDGE('',*,*,#3685,.T.);
#1679=ORIENTED_EDGE('',*,*,#3686,.T.);
#1680=ORIENTED_EDGE('',*,*,#3601,.F.);
#1681=ORIENTED_EDGE('',*,*,#3687,.T.);
#1682=ORIENTED_EDGE('',*,*,#3688,.T.);
#1683=ORIENTED_EDGE('',*,*,#3689,.T.);
#1684=ORIENTED_EDGE('',*,*,#3505,.F.);
#1685=ORIENTED_EDGE('',*,*,#3690,.T.);
#1686=ORIENTED_EDGE('',*,*,#3605,.T.);
#1687=ORIENTED_EDGE('',*,*,#3691,.T.);
#1688=ORIENTED_EDGE('',*,*,#3692,.T.);
#1689=ORIENTED_EDGE('',*,*,#3693,.T.);
#1690=ORIENTED_EDGE('',*,*,#3542,.F.);
#1691=ORIENTED_EDGE('',*,*,#3694,.T.);
#1692=ORIENTED_EDGE('',*,*,#3609,.T.);
#1693=ORIENTED_EDGE('',*,*,#3695,.T.);
#1694=ORIENTED_EDGE('',*,*,#3544,.T.);
#1695=ORIENTED_EDGE('',*,*,#3696,.T.);
#1696=ORIENTED_EDGE('',*,*,#3697,.T.);
#1697=ORIENTED_EDGE('',*,*,#3698,.T.);
#1698=ORIENTED_EDGE('',*,*,#3607,.F.);
#1699=ORIENTED_EDGE('',*,*,#3699,.T.);
#1700=ORIENTED_EDGE('',*,*,#3613,.T.);
#1701=ORIENTED_EDGE('',*,*,#3700,.T.);
#1702=ORIENTED_EDGE('',*,*,#3701,.T.);
#1703=ORIENTED_EDGE('',*,*,#3702,.T.);
#1704=ORIENTED_EDGE('',*,*,#3546,.F.);
#1705=ORIENTED_EDGE('',*,*,#3703,.T.);
#1706=ORIENTED_EDGE('',*,*,#3704,.T.);
#1707=ORIENTED_EDGE('',*,*,#3705,.T.);
#1708=ORIENTED_EDGE('',*,*,#3611,.F.);
#1709=ORIENTED_EDGE('',*,*,#3706,.T.);
#1710=ORIENTED_EDGE('',*,*,#3548,.T.);
#1711=ORIENTED_EDGE('',*,*,#3707,.T.);
#1712=ORIENTED_EDGE('',*,*,#3708,.F.);
#1713=ORIENTED_EDGE('',*,*,#3389,.T.);
#1714=ORIENTED_EDGE('',*,*,#3709,.F.);
#1715=ORIENTED_EDGE('',*,*,#3405,.T.);
#1716=ORIENTED_EDGE('',*,*,#3710,.F.);
#1717=ORIENTED_EDGE('',*,*,#3413,.T.);
#1718=ORIENTED_EDGE('',*,*,#3711,.F.);
#1719=ORIENTED_EDGE('',*,*,#3421,.T.);
#1720=ORIENTED_EDGE('',*,*,#3712,.F.);
#1721=ORIENTED_EDGE('',*,*,#3429,.T.);
#1722=ORIENTED_EDGE('',*,*,#3713,.F.);
#1723=ORIENTED_EDGE('',*,*,#3437,.T.);
#1724=ORIENTED_EDGE('',*,*,#3714,.F.);
#1725=ORIENTED_EDGE('',*,*,#3445,.T.);
#1726=ORIENTED_EDGE('',*,*,#3715,.F.);
#1727=ORIENTED_EDGE('',*,*,#3453,.T.);
#1728=ORIENTED_EDGE('',*,*,#3716,.F.);
#1729=ORIENTED_EDGE('',*,*,#3461,.T.);
#1730=ORIENTED_EDGE('',*,*,#3717,.F.);
#1731=ORIENTED_EDGE('',*,*,#3469,.T.);
#1732=ORIENTED_EDGE('',*,*,#3718,.T.);
#1733=ORIENTED_EDGE('',*,*,#3719,.T.);
#1734=ORIENTED_EDGE('',*,*,#3720,.T.);
#1735=ORIENTED_EDGE('',*,*,#3721,.T.);
#1736=ORIENTED_EDGE('',*,*,#3722,.T.);
#1737=ORIENTED_EDGE('',*,*,#3723,.T.);
#1738=ORIENTED_EDGE('',*,*,#3724,.T.);
#1739=ORIENTED_EDGE('',*,*,#3725,.T.);
#1740=ORIENTED_EDGE('',*,*,#3726,.T.);
#1741=ORIENTED_EDGE('',*,*,#3727,.T.);
#1742=ORIENTED_EDGE('',*,*,#3728,.T.);
#1743=ORIENTED_EDGE('',*,*,#3729,.T.);
#1744=ORIENTED_EDGE('',*,*,#3730,.T.);
#1745=ORIENTED_EDGE('',*,*,#3731,.T.);
#1746=ORIENTED_EDGE('',*,*,#3403,.T.);
#1747=ORIENTED_EDGE('',*,*,#3622,.T.);
#1748=ORIENTED_EDGE('',*,*,#3631,.F.);
#1749=ORIENTED_EDGE('',*,*,#3732,.F.);
#1750=ORIENTED_EDGE('',*,*,#3658,.T.);
#1751=ORIENTED_EDGE('',*,*,#3703,.F.);
#1752=ORIENTED_EDGE('',*,*,#3549,.F.);
#1753=ORIENTED_EDGE('',*,*,#3706,.F.);
#1754=ORIENTED_EDGE('',*,*,#3614,.F.);
#1755=ORIENTED_EDGE('',*,*,#3694,.F.);
#1756=ORIENTED_EDGE('',*,*,#3545,.F.);
#1757=ORIENTED_EDGE('',*,*,#3699,.F.);
#1758=ORIENTED_EDGE('',*,*,#3610,.F.);
#1759=ORIENTED_EDGE('',*,*,#3690,.F.);
#1760=ORIENTED_EDGE('',*,*,#3508,.F.);
#1761=ORIENTED_EDGE('',*,*,#3582,.F.);
#1762=ORIENTED_EDGE('',*,*,#3606,.F.);
#1763=ORIENTED_EDGE('',*,*,#3539,.F.);
#1764=ORIENTED_EDGE('',*,*,#3504,.F.);
#1765=ORIENTED_EDGE('',*,*,#3687,.F.);
#1766=ORIENTED_EDGE('',*,*,#3603,.F.);
#1767=ORIENTED_EDGE('',*,*,#3682,.F.);
#1768=ORIENTED_EDGE('',*,*,#3500,.F.);
#1769=ORIENTED_EDGE('',*,*,#3577,.F.);
#1770=ORIENTED_EDGE('',*,*,#3600,.F.);
#1771=ORIENTED_EDGE('',*,*,#3534,.F.);
#1772=ORIENTED_EDGE('',*,*,#3496,.F.);
#1773=ORIENTED_EDGE('',*,*,#3679,.F.);
#1774=ORIENTED_EDGE('',*,*,#3597,.F.);
#1775=ORIENTED_EDGE('',*,*,#3674,.F.);
#1776=ORIENTED_EDGE('',*,*,#3492,.F.);
#1777=ORIENTED_EDGE('',*,*,#3572,.F.);
#1778=ORIENTED_EDGE('',*,*,#3594,.F.);
#1779=ORIENTED_EDGE('',*,*,#3529,.F.);
#1780=ORIENTED_EDGE('',*,*,#3488,.F.);
#1781=ORIENTED_EDGE('',*,*,#3671,.F.);
#1782=ORIENTED_EDGE('',*,*,#3591,.F.);
#1783=ORIENTED_EDGE('',*,*,#3666,.F.);
#1784=ORIENTED_EDGE('',*,*,#3484,.F.);
#1785=ORIENTED_EDGE('',*,*,#3567,.F.);
#1786=ORIENTED_EDGE('',*,*,#3588,.F.);
#1787=ORIENTED_EDGE('',*,*,#3524,.F.);
#1788=ORIENTED_EDGE('',*,*,#3480,.F.);
#1789=ORIENTED_EDGE('',*,*,#3663,.F.);
#1790=ORIENTED_EDGE('',*,*,#3585,.F.);
#1791=ORIENTED_EDGE('',*,*,#3630,.T.);
#1792=ORIENTED_EDGE('',*,*,#3657,.T.);
#1793=ORIENTED_EDGE('',*,*,#3659,.T.);
#1794=ORIENTED_EDGE('',*,*,#3732,.T.);
#1795=ORIENTED_EDGE('',*,*,#3733,.T.);
#1796=ORIENTED_EDGE('',*,*,#3734,.F.);
#1797=ORIENTED_EDGE('',*,*,#3735,.F.);
#1798=ORIENTED_EDGE('',*,*,#3620,.T.);
#1799=ORIENTED_EDGE('',*,*,#3736,.T.);
#1800=ORIENTED_EDGE('',*,*,#3737,.F.);
#1801=ORIENTED_EDGE('',*,*,#3738,.F.);
#1802=ORIENTED_EDGE('',*,*,#3734,.T.);
#1803=ORIENTED_EDGE('',*,*,#3739,.T.);
#1804=ORIENTED_EDGE('',*,*,#3740,.F.);
#1805=ORIENTED_EDGE('',*,*,#3741,.F.);
#1806=ORIENTED_EDGE('',*,*,#3737,.T.);
#1807=ORIENTED_EDGE('',*,*,#3742,.T.);
#1808=ORIENTED_EDGE('',*,*,#3743,.F.);
#1809=ORIENTED_EDGE('',*,*,#3744,.F.);
#1810=ORIENTED_EDGE('',*,*,#3740,.T.);
#1811=ORIENTED_EDGE('',*,*,#3745,.T.);
#1812=ORIENTED_EDGE('',*,*,#3746,.F.);
#1813=ORIENTED_EDGE('',*,*,#3747,.F.);
#1814=ORIENTED_EDGE('',*,*,#3743,.T.);
#1815=ORIENTED_EDGE('',*,*,#3748,.T.);
#1816=ORIENTED_EDGE('',*,*,#3618,.F.);
#1817=ORIENTED_EDGE('',*,*,#3749,.F.);
#1818=ORIENTED_EDGE('',*,*,#3746,.T.);
#1819=ORIENTED_EDGE('',*,*,#3617,.T.);
#1820=ORIENTED_EDGE('',*,*,#3735,.T.);
#1821=ORIENTED_EDGE('',*,*,#3738,.T.);
#1822=ORIENTED_EDGE('',*,*,#3741,.T.);
#1823=ORIENTED_EDGE('',*,*,#3744,.T.);
#1824=ORIENTED_EDGE('',*,*,#3747,.T.);
#1825=ORIENTED_EDGE('',*,*,#3749,.T.);
#1826=ORIENTED_EDGE('',*,*,#3619,.F.);
#1827=ORIENTED_EDGE('',*,*,#3748,.F.);
#1828=ORIENTED_EDGE('',*,*,#3745,.F.);
#1829=ORIENTED_EDGE('',*,*,#3742,.F.);
#1830=ORIENTED_EDGE('',*,*,#3739,.F.);
#1831=ORIENTED_EDGE('',*,*,#3736,.F.);
#1832=ORIENTED_EDGE('',*,*,#3733,.F.);
#1833=ORIENTED_EDGE('',*,*,#3750,.T.);
#1834=ORIENTED_EDGE('',*,*,#3751,.F.);
#1835=ORIENTED_EDGE('',*,*,#3752,.F.);
#1836=ORIENTED_EDGE('',*,*,#3753,.T.);
#1837=ORIENTED_EDGE('',*,*,#3754,.T.);
#1838=ORIENTED_EDGE('',*,*,#3755,.F.);
#1839=ORIENTED_EDGE('',*,*,#3756,.F.);
#1840=ORIENTED_EDGE('',*,*,#3751,.T.);
#1841=ORIENTED_EDGE('',*,*,#3757,.T.);
#1842=ORIENTED_EDGE('',*,*,#3758,.F.);
#1843=ORIENTED_EDGE('',*,*,#3759,.F.);
#1844=ORIENTED_EDGE('',*,*,#3755,.T.);
#1845=ORIENTED_EDGE('',*,*,#3760,.T.);
#1846=ORIENTED_EDGE('',*,*,#3627,.F.);
#1847=ORIENTED_EDGE('',*,*,#3761,.F.);
#1848=ORIENTED_EDGE('',*,*,#3758,.T.);
#1849=ORIENTED_EDGE('',*,*,#3762,.T.);
#1850=ORIENTED_EDGE('',*,*,#3763,.F.);
#1851=ORIENTED_EDGE('',*,*,#3764,.F.);
#1852=ORIENTED_EDGE('',*,*,#3625,.T.);
#1853=ORIENTED_EDGE('',*,*,#3765,.T.);
#1854=ORIENTED_EDGE('',*,*,#3753,.F.);
#1855=ORIENTED_EDGE('',*,*,#3766,.F.);
#1856=ORIENTED_EDGE('',*,*,#3763,.T.);
#1857=ORIENTED_EDGE('',*,*,#3752,.T.);
#1858=ORIENTED_EDGE('',*,*,#3756,.T.);
#1859=ORIENTED_EDGE('',*,*,#3759,.T.);
#1860=ORIENTED_EDGE('',*,*,#3761,.T.);
#1861=ORIENTED_EDGE('',*,*,#3626,.T.);
#1862=ORIENTED_EDGE('',*,*,#3764,.T.);
#1863=ORIENTED_EDGE('',*,*,#3766,.T.);
#1864=ORIENTED_EDGE('',*,*,#3750,.F.);
#1865=ORIENTED_EDGE('',*,*,#3765,.F.);
#1866=ORIENTED_EDGE('',*,*,#3762,.F.);
#1867=ORIENTED_EDGE('',*,*,#3628,.F.);
#1868=ORIENTED_EDGE('',*,*,#3760,.F.);
#1869=ORIENTED_EDGE('',*,*,#3757,.F.);
#1870=ORIENTED_EDGE('',*,*,#3754,.F.);
#1871=ORIENTED_EDGE('',*,*,#3633,.T.);
#1872=ORIENTED_EDGE('',*,*,#3404,.T.);
#1873=ORIENTED_EDGE('',*,*,#3731,.F.);
#1874=ORIENTED_EDGE('',*,*,#3767,.F.);
#1875=ORIENTED_EDGE('',*,*,#3646,.T.);
#1876=ORIENTED_EDGE('',*,*,#3768,.T.);
#1877=ORIENTED_EDGE('',*,*,#3718,.F.);
#1878=ORIENTED_EDGE('',*,*,#3476,.F.);
#1879=ORIENTED_EDGE('',*,*,#3478,.F.);
#1880=ORIENTED_EDGE('',*,*,#3523,.F.);
#1881=ORIENTED_EDGE('',*,*,#3769,.T.);
#1882=ORIENTED_EDGE('',*,*,#3719,.F.);
#1883=ORIENTED_EDGE('',*,*,#3768,.F.);
#1884=ORIENTED_EDGE('',*,*,#3645,.T.);
#1885=ORIENTED_EDGE('',*,*,#3770,.T.);
#1886=ORIENTED_EDGE('',*,*,#3660,.F.);
#1887=ORIENTED_EDGE('',*,*,#3770,.F.);
#1888=ORIENTED_EDGE('',*,*,#3644,.T.);
#1889=ORIENTED_EDGE('',*,*,#3771,.T.);
#1890=ORIENTED_EDGE('',*,*,#3563,.F.);
#1891=ORIENTED_EDGE('',*,*,#3482,.F.);
#1892=ORIENTED_EDGE('',*,*,#3665,.F.);
#1893=ORIENTED_EDGE('',*,*,#3772,.T.);
#1894=ORIENTED_EDGE('',*,*,#3661,.F.);
#1895=ORIENTED_EDGE('',*,*,#3773,.T.);
#1896=ORIENTED_EDGE('',*,*,#3720,.F.);
#1897=ORIENTED_EDGE('',*,*,#3769,.F.);
#1898=ORIENTED_EDGE('',*,*,#3522,.F.);
#1899=ORIENTED_EDGE('',*,*,#3774,.T.);
#1900=ORIENTED_EDGE('',*,*,#3668,.F.);
#1901=ORIENTED_EDGE('',*,*,#3486,.F.);
#1902=ORIENTED_EDGE('',*,*,#3528,.F.);
#1903=ORIENTED_EDGE('',*,*,#3775,.T.);
#1904=ORIENTED_EDGE('',*,*,#3721,.F.);
#1905=ORIENTED_EDGE('',*,*,#3773,.F.);
#1906=ORIENTED_EDGE('',*,*,#3526,.F.);
#1907=ORIENTED_EDGE('',*,*,#3584,.F.);
#1908=ORIENTED_EDGE('',*,*,#3662,.F.);
#1909=ORIENTED_EDGE('',*,*,#3772,.F.);
#1910=ORIENTED_EDGE('',*,*,#3664,.F.);
#1911=ORIENTED_EDGE('',*,*,#3771,.F.);
#1912=ORIENTED_EDGE('',*,*,#3643,.T.);
#1913=ORIENTED_EDGE('',*,*,#3776,.T.);
#1914=ORIENTED_EDGE('',*,*,#3564,.F.);
#1915=ORIENTED_EDGE('',*,*,#3774,.F.);
#1916=ORIENTED_EDGE('',*,*,#3667,.F.);
#1917=ORIENTED_EDGE('',*,*,#3586,.F.);
#1918=ORIENTED_EDGE('',*,*,#3565,.F.);
#1919=ORIENTED_EDGE('',*,*,#3776,.F.);
#1920=ORIENTED_EDGE('',*,*,#3642,.T.);
#1921=ORIENTED_EDGE('',*,*,#3777,.T.);
#1922=ORIENTED_EDGE('',*,*,#3568,.F.);
#1923=ORIENTED_EDGE('',*,*,#3490,.F.);
#1924=ORIENTED_EDGE('',*,*,#3673,.F.);
#1925=ORIENTED_EDGE('',*,*,#3778,.T.);
#1926=ORIENTED_EDGE('',*,*,#3669,.F.);
#1927=ORIENTED_EDGE('',*,*,#3779,.T.);
#1928=ORIENTED_EDGE('',*,*,#3722,.F.);
#1929=ORIENTED_EDGE('',*,*,#3775,.F.);
#1930=ORIENTED_EDGE('',*,*,#3527,.F.);
#1931=ORIENTED_EDGE('',*,*,#3780,.T.);
#1932=ORIENTED_EDGE('',*,*,#3676,.F.);
#1933=ORIENTED_EDGE('',*,*,#3494,.F.);
#1934=ORIENTED_EDGE('',*,*,#3533,.F.);
#1935=ORIENTED_EDGE('',*,*,#3781,.T.);
#1936=ORIENTED_EDGE('',*,*,#3723,.F.);
#1937=ORIENTED_EDGE('',*,*,#3779,.F.);
#1938=ORIENTED_EDGE('',*,*,#3531,.F.);
#1939=ORIENTED_EDGE('',*,*,#3590,.F.);
#1940=ORIENTED_EDGE('',*,*,#3670,.F.);
#1941=ORIENTED_EDGE('',*,*,#3778,.F.);
#1942=ORIENTED_EDGE('',*,*,#3672,.F.);
#1943=ORIENTED_EDGE('',*,*,#3777,.F.);
#1944=ORIENTED_EDGE('',*,*,#3641,.T.);
#1945=ORIENTED_EDGE('',*,*,#3782,.T.);
#1946=ORIENTED_EDGE('',*,*,#3569,.F.);
#1947=ORIENTED_EDGE('',*,*,#3780,.F.);
#1948=ORIENTED_EDGE('',*,*,#3675,.F.);
#1949=ORIENTED_EDGE('',*,*,#3592,.F.);
#1950=ORIENTED_EDGE('',*,*,#3570,.F.);
#1951=ORIENTED_EDGE('',*,*,#3782,.F.);
#1952=ORIENTED_EDGE('',*,*,#3640,.T.);
#1953=ORIENTED_EDGE('',*,*,#3783,.T.);
#1954=ORIENTED_EDGE('',*,*,#3573,.F.);
#1955=ORIENTED_EDGE('',*,*,#3498,.F.);
#1956=ORIENTED_EDGE('',*,*,#3681,.F.);
#1957=ORIENTED_EDGE('',*,*,#3784,.T.);
#1958=ORIENTED_EDGE('',*,*,#3677,.F.);
#1959=ORIENTED_EDGE('',*,*,#3785,.T.);
#1960=ORIENTED_EDGE('',*,*,#3724,.F.);
#1961=ORIENTED_EDGE('',*,*,#3781,.F.);
#1962=ORIENTED_EDGE('',*,*,#3532,.F.);
#1963=ORIENTED_EDGE('',*,*,#3786,.T.);
#1964=ORIENTED_EDGE('',*,*,#3684,.F.);
#1965=ORIENTED_EDGE('',*,*,#3502,.F.);
#1966=ORIENTED_EDGE('',*,*,#3538,.F.);
#1967=ORIENTED_EDGE('',*,*,#3787,.T.);
#1968=ORIENTED_EDGE('',*,*,#3725,.F.);
#1969=ORIENTED_EDGE('',*,*,#3785,.F.);
#1970=ORIENTED_EDGE('',*,*,#3536,.F.);
#1971=ORIENTED_EDGE('',*,*,#3596,.F.);
#1972=ORIENTED_EDGE('',*,*,#3678,.F.);
#1973=ORIENTED_EDGE('',*,*,#3784,.F.);
#1974=ORIENTED_EDGE('',*,*,#3680,.F.);
#1975=ORIENTED_EDGE('',*,*,#3783,.F.);
#1976=ORIENTED_EDGE('',*,*,#3639,.T.);
#1977=ORIENTED_EDGE('',*,*,#3788,.T.);
#1978=ORIENTED_EDGE('',*,*,#3574,.F.);
#1979=ORIENTED_EDGE('',*,*,#3786,.F.);
#1980=ORIENTED_EDGE('',*,*,#3683,.F.);
#1981=ORIENTED_EDGE('',*,*,#3598,.F.);
#1982=ORIENTED_EDGE('',*,*,#3575,.F.);
#1983=ORIENTED_EDGE('',*,*,#3788,.F.);
#1984=ORIENTED_EDGE('',*,*,#3638,.T.);
#1985=ORIENTED_EDGE('',*,*,#3789,.T.);
#1986=ORIENTED_EDGE('',*,*,#3578,.F.);
#1987=ORIENTED_EDGE('',*,*,#3506,.F.);
#1988=ORIENTED_EDGE('',*,*,#3689,.F.);
#1989=ORIENTED_EDGE('',*,*,#3790,.T.);
#1990=ORIENTED_EDGE('',*,*,#3685,.F.);
#1991=ORIENTED_EDGE('',*,*,#3791,.T.);
#1992=ORIENTED_EDGE('',*,*,#3726,.F.);
#1993=ORIENTED_EDGE('',*,*,#3787,.F.);
#1994=ORIENTED_EDGE('',*,*,#3537,.F.);
#1995=ORIENTED_EDGE('',*,*,#3792,.T.);
#1996=ORIENTED_EDGE('',*,*,#3696,.F.);
#1997=ORIENTED_EDGE('',*,*,#3543,.F.);
#1998=ORIENTED_EDGE('',*,*,#3693,.F.);
#1999=ORIENTED_EDGE('',*,*,#3793,.T.);
#2000=ORIENTED_EDGE('',*,*,#3727,.F.);
#2001=ORIENTED_EDGE('',*,*,#3791,.F.);
#2002=ORIENTED_EDGE('',*,*,#3541,.F.);
#2003=ORIENTED_EDGE('',*,*,#3602,.F.);
#2004=ORIENTED_EDGE('',*,*,#3686,.F.);
#2005=ORIENTED_EDGE('',*,*,#3790,.F.);
#2006=ORIENTED_EDGE('',*,*,#3688,.F.);
#2007=ORIENTED_EDGE('',*,*,#3789,.F.);
#2008=ORIENTED_EDGE('',*,*,#3637,.T.);
#2009=ORIENTED_EDGE('',*,*,#3794,.T.);
#2010=ORIENTED_EDGE('',*,*,#3579,.F.);
#2011=ORIENTED_EDGE('',*,*,#3612,.F.);
#2012=ORIENTED_EDGE('',*,*,#3705,.F.);
#2013=ORIENTED_EDGE('',*,*,#3795,.F.);
#2014=ORIENTED_EDGE('',*,*,#3634,.T.);
#2015=ORIENTED_EDGE('',*,*,#3767,.T.);
#2016=ORIENTED_EDGE('',*,*,#3730,.F.);
#2017=ORIENTED_EDGE('',*,*,#3796,.F.);
#2018=ORIENTED_EDGE('',*,*,#3700,.F.);
#2019=ORIENTED_EDGE('',*,*,#3797,.T.);
#2020=ORIENTED_EDGE('',*,*,#3728,.F.);
#2021=ORIENTED_EDGE('',*,*,#3793,.F.);
#2022=ORIENTED_EDGE('',*,*,#3692,.F.);
#2023=ORIENTED_EDGE('',*,*,#3792,.F.);
#2024=ORIENTED_EDGE('',*,*,#3691,.F.);
#2025=ORIENTED_EDGE('',*,*,#3604,.F.);
#2026=ORIENTED_EDGE('',*,*,#3580,.F.);
#2027=ORIENTED_EDGE('',*,*,#3794,.F.);
#2028=ORIENTED_EDGE('',*,*,#3636,.T.);
#2029=ORIENTED_EDGE('',*,*,#3798,.T.);
#2030=ORIENTED_EDGE('',*,*,#3707,.F.);
#2031=ORIENTED_EDGE('',*,*,#3547,.F.);
#2032=ORIENTED_EDGE('',*,*,#3702,.F.);
#2033=ORIENTED_EDGE('',*,*,#3799,.T.);
#2034=ORIENTED_EDGE('',*,*,#3697,.F.);
#2035=ORIENTED_EDGE('',*,*,#3796,.T.);
#2036=ORIENTED_EDGE('',*,*,#3729,.F.);
#2037=ORIENTED_EDGE('',*,*,#3797,.F.);
#2038=ORIENTED_EDGE('',*,*,#3695,.F.);
#2039=ORIENTED_EDGE('',*,*,#3608,.F.);
#2040=ORIENTED_EDGE('',*,*,#3698,.F.);
#2041=ORIENTED_EDGE('',*,*,#3799,.F.);
#2042=ORIENTED_EDGE('',*,*,#3701,.F.);
#2043=ORIENTED_EDGE('',*,*,#3798,.F.);
#2044=ORIENTED_EDGE('',*,*,#3635,.T.);
#2045=ORIENTED_EDGE('',*,*,#3795,.T.);
#2046=ORIENTED_EDGE('',*,*,#3704,.F.);
#2047=ORIENTED_EDGE('',*,*,#3800,.T.);
#2048=ORIENTED_EDGE('',*,*,#3801,.F.);
#2049=ORIENTED_EDGE('',*,*,#3802,.F.);
#2050=ORIENTED_EDGE('',*,*,#3803,.T.);
#2051=ORIENTED_EDGE('',*,*,#3394,.F.);
#2052=ORIENTED_EDGE('',*,*,#3550,.F.);
#2053=ORIENTED_EDGE('',*,*,#3398,.F.);
#2054=ORIENTED_EDGE('',*,*,#3632,.T.);
#2055=ORIENTED_EDGE('',*,*,#3390,.F.);
#2056=ORIENTED_EDGE('',*,*,#3708,.T.);
#2057=ORIENTED_EDGE('',*,*,#3402,.F.);
#2058=ORIENTED_EDGE('',*,*,#3509,.F.);
#2059=ORIENTED_EDGE('',*,*,#3804,.T.);
#2060=ORIENTED_EDGE('',*,*,#3805,.F.);
#2061=ORIENTED_EDGE('',*,*,#3806,.F.);
#2062=ORIENTED_EDGE('',*,*,#3801,.T.);
#2063=ORIENTED_EDGE('',*,*,#3807,.T.);
#2064=ORIENTED_EDGE('',*,*,#3808,.F.);
#2065=ORIENTED_EDGE('',*,*,#3809,.F.);
#2066=ORIENTED_EDGE('',*,*,#3805,.T.);
#2067=ORIENTED_EDGE('',*,*,#3410,.F.);
#2068=ORIENTED_EDGE('',*,*,#3551,.F.);
#2069=ORIENTED_EDGE('',*,*,#3396,.F.);
#2070=ORIENTED_EDGE('',*,*,#3655,.T.);
#2071=ORIENTED_EDGE('',*,*,#3406,.F.);
#2072=ORIENTED_EDGE('',*,*,#3709,.T.);
#2073=ORIENTED_EDGE('',*,*,#3392,.F.);
#2074=ORIENTED_EDGE('',*,*,#3521,.F.);
#2075=ORIENTED_EDGE('',*,*,#3810,.T.);
#2076=ORIENTED_EDGE('',*,*,#3811,.F.);
#2077=ORIENTED_EDGE('',*,*,#3812,.F.);
#2078=ORIENTED_EDGE('',*,*,#3808,.T.);
#2079=ORIENTED_EDGE('',*,*,#3813,.T.);
#2080=ORIENTED_EDGE('',*,*,#3814,.F.);
#2081=ORIENTED_EDGE('',*,*,#3815,.F.);
#2082=ORIENTED_EDGE('',*,*,#3811,.T.);
#2083=ORIENTED_EDGE('',*,*,#3418,.F.);
#2084=ORIENTED_EDGE('',*,*,#3552,.F.);
#2085=ORIENTED_EDGE('',*,*,#3412,.F.);
#2086=ORIENTED_EDGE('',*,*,#3654,.T.);
#2087=ORIENTED_EDGE('',*,*,#3414,.F.);
#2088=ORIENTED_EDGE('',*,*,#3710,.T.);
#2089=ORIENTED_EDGE('',*,*,#3408,.F.);
#2090=ORIENTED_EDGE('',*,*,#3520,.F.);
#2091=ORIENTED_EDGE('',*,*,#3816,.T.);
#2092=ORIENTED_EDGE('',*,*,#3817,.F.);
#2093=ORIENTED_EDGE('',*,*,#3818,.F.);
#2094=ORIENTED_EDGE('',*,*,#3814,.T.);
#2095=ORIENTED_EDGE('',*,*,#3819,.T.);
#2096=ORIENTED_EDGE('',*,*,#3820,.F.);
#2097=ORIENTED_EDGE('',*,*,#3821,.F.);
#2098=ORIENTED_EDGE('',*,*,#3817,.T.);
#2099=ORIENTED_EDGE('',*,*,#3426,.F.);
#2100=ORIENTED_EDGE('',*,*,#3553,.F.);
#2101=ORIENTED_EDGE('',*,*,#3420,.F.);
#2102=ORIENTED_EDGE('',*,*,#3653,.T.);
#2103=ORIENTED_EDGE('',*,*,#3422,.F.);
#2104=ORIENTED_EDGE('',*,*,#3711,.T.);
#2105=ORIENTED_EDGE('',*,*,#3416,.F.);
#2106=ORIENTED_EDGE('',*,*,#3519,.F.);
#2107=ORIENTED_EDGE('',*,*,#3822,.T.);
#2108=ORIENTED_EDGE('',*,*,#3823,.F.);
#2109=ORIENTED_EDGE('',*,*,#3824,.F.);
#2110=ORIENTED_EDGE('',*,*,#3820,.T.);
#2111=ORIENTED_EDGE('',*,*,#3825,.T.);
#2112=ORIENTED_EDGE('',*,*,#3826,.F.);
#2113=ORIENTED_EDGE('',*,*,#3827,.F.);
#2114=ORIENTED_EDGE('',*,*,#3823,.T.);
#2115=ORIENTED_EDGE('',*,*,#3434,.F.);
#2116=ORIENTED_EDGE('',*,*,#3554,.F.);
#2117=ORIENTED_EDGE('',*,*,#3428,.F.);
#2118=ORIENTED_EDGE('',*,*,#3652,.T.);
#2119=ORIENTED_EDGE('',*,*,#3430,.F.);
#2120=ORIENTED_EDGE('',*,*,#3712,.T.);
#2121=ORIENTED_EDGE('',*,*,#3424,.F.);
#2122=ORIENTED_EDGE('',*,*,#3518,.F.);
#2123=ORIENTED_EDGE('',*,*,#3828,.T.);
#2124=ORIENTED_EDGE('',*,*,#3829,.F.);
#2125=ORIENTED_EDGE('',*,*,#3830,.F.);
#2126=ORIENTED_EDGE('',*,*,#3826,.T.);
#2127=ORIENTED_EDGE('',*,*,#3831,.T.);
#2128=ORIENTED_EDGE('',*,*,#3832,.F.);
#2129=ORIENTED_EDGE('',*,*,#3833,.F.);
#2130=ORIENTED_EDGE('',*,*,#3829,.T.);
#2131=ORIENTED_EDGE('',*,*,#3442,.F.);
#2132=ORIENTED_EDGE('',*,*,#3555,.F.);
#2133=ORIENTED_EDGE('',*,*,#3436,.F.);
#2134=ORIENTED_EDGE('',*,*,#3651,.T.);
#2135=ORIENTED_EDGE('',*,*,#3438,.F.);
#2136=ORIENTED_EDGE('',*,*,#3713,.T.);
#2137=ORIENTED_EDGE('',*,*,#3432,.F.);
#2138=ORIENTED_EDGE('',*,*,#3517,.F.);
#2139=ORIENTED_EDGE('',*,*,#3834,.T.);
#2140=ORIENTED_EDGE('',*,*,#3835,.F.);
#2141=ORIENTED_EDGE('',*,*,#3836,.F.);
#2142=ORIENTED_EDGE('',*,*,#3832,.T.);
#2143=ORIENTED_EDGE('',*,*,#3837,.T.);
#2144=ORIENTED_EDGE('',*,*,#3838,.F.);
#2145=ORIENTED_EDGE('',*,*,#3839,.F.);
#2146=ORIENTED_EDGE('',*,*,#3835,.T.);
#2147=ORIENTED_EDGE('',*,*,#3450,.F.);
#2148=ORIENTED_EDGE('',*,*,#3556,.F.);
#2149=ORIENTED_EDGE('',*,*,#3444,.F.);
#2150=ORIENTED_EDGE('',*,*,#3650,.T.);
#2151=ORIENTED_EDGE('',*,*,#3446,.F.);
#2152=ORIENTED_EDGE('',*,*,#3714,.T.);
#2153=ORIENTED_EDGE('',*,*,#3440,.F.);
#2154=ORIENTED_EDGE('',*,*,#3516,.F.);
#2155=ORIENTED_EDGE('',*,*,#3840,.T.);
#2156=ORIENTED_EDGE('',*,*,#3841,.F.);
#2157=ORIENTED_EDGE('',*,*,#3842,.F.);
#2158=ORIENTED_EDGE('',*,*,#3838,.T.);
#2159=ORIENTED_EDGE('',*,*,#3843,.T.);
#2160=ORIENTED_EDGE('',*,*,#3844,.F.);
#2161=ORIENTED_EDGE('',*,*,#3845,.F.);
#2162=ORIENTED_EDGE('',*,*,#3841,.T.);
#2163=ORIENTED_EDGE('',*,*,#3458,.F.);
#2164=ORIENTED_EDGE('',*,*,#3557,.F.);
#2165=ORIENTED_EDGE('',*,*,#3452,.F.);
#2166=ORIENTED_EDGE('',*,*,#3649,.T.);
#2167=ORIENTED_EDGE('',*,*,#3454,.F.);
#2168=ORIENTED_EDGE('',*,*,#3715,.T.);
#2169=ORIENTED_EDGE('',*,*,#3448,.F.);
#2170=ORIENTED_EDGE('',*,*,#3515,.F.);
#2171=ORIENTED_EDGE('',*,*,#3846,.T.);
#2172=ORIENTED_EDGE('',*,*,#3847,.F.);
#2173=ORIENTED_EDGE('',*,*,#3848,.F.);
#2174=ORIENTED_EDGE('',*,*,#3844,.T.);
#2175=ORIENTED_EDGE('',*,*,#3849,.T.);
#2176=ORIENTED_EDGE('',*,*,#3850,.F.);
#2177=ORIENTED_EDGE('',*,*,#3851,.F.);
#2178=ORIENTED_EDGE('',*,*,#3847,.T.);
#2179=ORIENTED_EDGE('',*,*,#3466,.F.);
#2180=ORIENTED_EDGE('',*,*,#3558,.F.);
#2181=ORIENTED_EDGE('',*,*,#3460,.F.);
#2182=ORIENTED_EDGE('',*,*,#3648,.T.);
#2183=ORIENTED_EDGE('',*,*,#3462,.F.);
#2184=ORIENTED_EDGE('',*,*,#3716,.T.);
#2185=ORIENTED_EDGE('',*,*,#3456,.F.);
#2186=ORIENTED_EDGE('',*,*,#3514,.F.);
#2187=ORIENTED_EDGE('',*,*,#3852,.T.);
#2188=ORIENTED_EDGE('',*,*,#3853,.F.);
#2189=ORIENTED_EDGE('',*,*,#3854,.F.);
#2190=ORIENTED_EDGE('',*,*,#3850,.T.);
#2191=ORIENTED_EDGE('',*,*,#3855,.T.);
#2192=ORIENTED_EDGE('',*,*,#3856,.F.);
#2193=ORIENTED_EDGE('',*,*,#3857,.F.);
#2194=ORIENTED_EDGE('',*,*,#3853,.T.);
#2195=ORIENTED_EDGE('',*,*,#3474,.F.);
#2196=ORIENTED_EDGE('',*,*,#3559,.F.);
#2197=ORIENTED_EDGE('',*,*,#3468,.F.);
#2198=ORIENTED_EDGE('',*,*,#3647,.T.);
#2199=ORIENTED_EDGE('',*,*,#3470,.F.);
#2200=ORIENTED_EDGE('',*,*,#3717,.T.);
#2201=ORIENTED_EDGE('',*,*,#3464,.F.);
#2202=ORIENTED_EDGE('',*,*,#3513,.F.);
#2203=ORIENTED_EDGE('',*,*,#3858,.T.);
#2204=ORIENTED_EDGE('',*,*,#3859,.F.);
#2205=ORIENTED_EDGE('',*,*,#3860,.F.);
#2206=ORIENTED_EDGE('',*,*,#3856,.T.);
#2207=ORIENTED_EDGE('',*,*,#3861,.T.);
#2208=ORIENTED_EDGE('',*,*,#3862,.F.);
#2209=ORIENTED_EDGE('',*,*,#3863,.F.);
#2210=ORIENTED_EDGE('',*,*,#3859,.T.);
#2211=ORIENTED_EDGE('',*,*,#3864,.T.);
#2212=ORIENTED_EDGE('',*,*,#3865,.F.);
#2213=ORIENTED_EDGE('',*,*,#3866,.F.);
#2214=ORIENTED_EDGE('',*,*,#3862,.T.);
#2215=ORIENTED_EDGE('',*,*,#3867,.T.);
#2216=ORIENTED_EDGE('',*,*,#3868,.F.);
#2217=ORIENTED_EDGE('',*,*,#3869,.F.);
#2218=ORIENTED_EDGE('',*,*,#3865,.T.);
#2219=ORIENTED_EDGE('',*,*,#3870,.T.);
#2220=ORIENTED_EDGE('',*,*,#3871,.F.);
#2221=ORIENTED_EDGE('',*,*,#3872,.F.);
#2222=ORIENTED_EDGE('',*,*,#3868,.T.);
#2223=ORIENTED_EDGE('',*,*,#3873,.T.);
#2224=ORIENTED_EDGE('',*,*,#3874,.F.);
#2225=ORIENTED_EDGE('',*,*,#3875,.F.);
#2226=ORIENTED_EDGE('',*,*,#3871,.T.);
#2227=ORIENTED_EDGE('',*,*,#3876,.T.);
#2228=ORIENTED_EDGE('',*,*,#3877,.F.);
#2229=ORIENTED_EDGE('',*,*,#3878,.F.);
#2230=ORIENTED_EDGE('',*,*,#3874,.T.);
#2231=ORIENTED_EDGE('',*,*,#3879,.T.);
#2232=ORIENTED_EDGE('',*,*,#3880,.F.);
#2233=ORIENTED_EDGE('',*,*,#3881,.F.);
#2234=ORIENTED_EDGE('',*,*,#3877,.T.);
#2235=ORIENTED_EDGE('',*,*,#3882,.T.);
#2236=ORIENTED_EDGE('',*,*,#3883,.F.);
#2237=ORIENTED_EDGE('',*,*,#3884,.F.);
#2238=ORIENTED_EDGE('',*,*,#3880,.T.);
#2239=ORIENTED_EDGE('',*,*,#3885,.T.);
#2240=ORIENTED_EDGE('',*,*,#3886,.F.);
#2241=ORIENTED_EDGE('',*,*,#3887,.F.);
#2242=ORIENTED_EDGE('',*,*,#3883,.T.);
#2243=ORIENTED_EDGE('',*,*,#3888,.T.);
#2244=ORIENTED_EDGE('',*,*,#3889,.F.);
#2245=ORIENTED_EDGE('',*,*,#3890,.F.);
#2246=ORIENTED_EDGE('',*,*,#3886,.T.);
#2247=ORIENTED_EDGE('',*,*,#3891,.T.);
#2248=ORIENTED_EDGE('',*,*,#3892,.F.);
#2249=ORIENTED_EDGE('',*,*,#3893,.F.);
#2250=ORIENTED_EDGE('',*,*,#3889,.T.);
#2251=ORIENTED_EDGE('',*,*,#3894,.T.);
#2252=ORIENTED_EDGE('',*,*,#3895,.F.);
#2253=ORIENTED_EDGE('',*,*,#3896,.F.);
#2254=ORIENTED_EDGE('',*,*,#3892,.T.);
#2255=ORIENTED_EDGE('',*,*,#3897,.T.);
#2256=ORIENTED_EDGE('',*,*,#3898,.F.);
#2257=ORIENTED_EDGE('',*,*,#3899,.F.);
#2258=ORIENTED_EDGE('',*,*,#3895,.T.);
#2259=ORIENTED_EDGE('',*,*,#3900,.T.);
#2260=ORIENTED_EDGE('',*,*,#3901,.F.);
#2261=ORIENTED_EDGE('',*,*,#3902,.F.);
#2262=ORIENTED_EDGE('',*,*,#3898,.T.);
#2263=ORIENTED_EDGE('',*,*,#3903,.T.);
#2264=ORIENTED_EDGE('',*,*,#3904,.F.);
#2265=ORIENTED_EDGE('',*,*,#3905,.F.);
#2266=ORIENTED_EDGE('',*,*,#3901,.T.);
#2267=ORIENTED_EDGE('',*,*,#3906,.T.);
#2268=ORIENTED_EDGE('',*,*,#3803,.F.);
#2269=ORIENTED_EDGE('',*,*,#3907,.F.);
#2270=ORIENTED_EDGE('',*,*,#3904,.T.);
#2271=ORIENTED_EDGE('',*,*,#3802,.T.);
#2272=ORIENTED_EDGE('',*,*,#3806,.T.);
#2273=ORIENTED_EDGE('',*,*,#3809,.T.);
#2274=ORIENTED_EDGE('',*,*,#3812,.T.);
#2275=ORIENTED_EDGE('',*,*,#3815,.T.);
#2276=ORIENTED_EDGE('',*,*,#3818,.T.);
#2277=ORIENTED_EDGE('',*,*,#3821,.T.);
#2278=ORIENTED_EDGE('',*,*,#3824,.T.);
#2279=ORIENTED_EDGE('',*,*,#3827,.T.);
#2280=ORIENTED_EDGE('',*,*,#3830,.T.);
#2281=ORIENTED_EDGE('',*,*,#3833,.T.);
#2282=ORIENTED_EDGE('',*,*,#3836,.T.);
#2283=ORIENTED_EDGE('',*,*,#3839,.T.);
#2284=ORIENTED_EDGE('',*,*,#3842,.T.);
#2285=ORIENTED_EDGE('',*,*,#3845,.T.);
#2286=ORIENTED_EDGE('',*,*,#3848,.T.);
#2287=ORIENTED_EDGE('',*,*,#3851,.T.);
#2288=ORIENTED_EDGE('',*,*,#3854,.T.);
#2289=ORIENTED_EDGE('',*,*,#3857,.T.);
#2290=ORIENTED_EDGE('',*,*,#3860,.T.);
#2291=ORIENTED_EDGE('',*,*,#3863,.T.);
#2292=ORIENTED_EDGE('',*,*,#3866,.T.);
#2293=ORIENTED_EDGE('',*,*,#3869,.T.);
#2294=ORIENTED_EDGE('',*,*,#3872,.T.);
#2295=ORIENTED_EDGE('',*,*,#3875,.T.);
#2296=ORIENTED_EDGE('',*,*,#3878,.T.);
#2297=ORIENTED_EDGE('',*,*,#3881,.T.);
#2298=ORIENTED_EDGE('',*,*,#3884,.T.);
#2299=ORIENTED_EDGE('',*,*,#3887,.T.);
#2300=ORIENTED_EDGE('',*,*,#3890,.T.);
#2301=ORIENTED_EDGE('',*,*,#3893,.T.);
#2302=ORIENTED_EDGE('',*,*,#3896,.T.);
#2303=ORIENTED_EDGE('',*,*,#3899,.T.);
#2304=ORIENTED_EDGE('',*,*,#3902,.T.);
#2305=ORIENTED_EDGE('',*,*,#3905,.T.);
#2306=ORIENTED_EDGE('',*,*,#3907,.T.);
#2307=ORIENTED_EDGE('',*,*,#3800,.F.);
#2308=ORIENTED_EDGE('',*,*,#3906,.F.);
#2309=ORIENTED_EDGE('',*,*,#3903,.F.);
#2310=ORIENTED_EDGE('',*,*,#3900,.F.);
#2311=ORIENTED_EDGE('',*,*,#3897,.F.);
#2312=ORIENTED_EDGE('',*,*,#3894,.F.);
#2313=ORIENTED_EDGE('',*,*,#3891,.F.);
#2314=ORIENTED_EDGE('',*,*,#3888,.F.);
#2315=ORIENTED_EDGE('',*,*,#3885,.F.);
#2316=ORIENTED_EDGE('',*,*,#3882,.F.);
#2317=ORIENTED_EDGE('',*,*,#3879,.F.);
#2318=ORIENTED_EDGE('',*,*,#3876,.F.);
#2319=ORIENTED_EDGE('',*,*,#3873,.F.);
#2320=ORIENTED_EDGE('',*,*,#3870,.F.);
#2321=ORIENTED_EDGE('',*,*,#3867,.F.);
#2322=ORIENTED_EDGE('',*,*,#3864,.F.);
#2323=ORIENTED_EDGE('',*,*,#3861,.F.);
#2324=ORIENTED_EDGE('',*,*,#3858,.F.);
#2325=ORIENTED_EDGE('',*,*,#3855,.F.);
#2326=ORIENTED_EDGE('',*,*,#3852,.F.);
#2327=ORIENTED_EDGE('',*,*,#3849,.F.);
#2328=ORIENTED_EDGE('',*,*,#3846,.F.);
#2329=ORIENTED_EDGE('',*,*,#3843,.F.);
#2330=ORIENTED_EDGE('',*,*,#3840,.F.);
#2331=ORIENTED_EDGE('',*,*,#3837,.F.);
#2332=ORIENTED_EDGE('',*,*,#3834,.F.);
#2333=ORIENTED_EDGE('',*,*,#3831,.F.);
#2334=ORIENTED_EDGE('',*,*,#3828,.F.);
#2335=ORIENTED_EDGE('',*,*,#3825,.F.);
#2336=ORIENTED_EDGE('',*,*,#3822,.F.);
#2337=ORIENTED_EDGE('',*,*,#3819,.F.);
#2338=ORIENTED_EDGE('',*,*,#3816,.F.);
#2339=ORIENTED_EDGE('',*,*,#3813,.F.);
#2340=ORIENTED_EDGE('',*,*,#3810,.F.);
#2341=ORIENTED_EDGE('',*,*,#3807,.F.);
#2342=ORIENTED_EDGE('',*,*,#3804,.F.);
#2343=ORIENTED_EDGE('',*,*,#3908,.F.);
#2344=ORIENTED_EDGE('',*,*,#3909,.F.);
#2345=ORIENTED_EDGE('',*,*,#3910,.T.);
#2346=ORIENTED_EDGE('',*,*,#3911,.T.);
#2347=ORIENTED_EDGE('',*,*,#3912,.F.);
#2348=ORIENTED_EDGE('',*,*,#3911,.F.);
#2349=ORIENTED_EDGE('',*,*,#3913,.T.);
#2350=ORIENTED_EDGE('',*,*,#3914,.T.);
#2351=ORIENTED_EDGE('',*,*,#3915,.F.);
#2352=ORIENTED_EDGE('',*,*,#3914,.F.);
#2353=ORIENTED_EDGE('',*,*,#3916,.T.);
#2354=ORIENTED_EDGE('',*,*,#3917,.T.);
#2355=ORIENTED_EDGE('',*,*,#3918,.F.);
#2356=ORIENTED_EDGE('',*,*,#3917,.F.);
#2357=ORIENTED_EDGE('',*,*,#3919,.T.);
#2358=ORIENTED_EDGE('',*,*,#3920,.T.);
#2359=ORIENTED_EDGE('',*,*,#3921,.F.);
#2360=ORIENTED_EDGE('',*,*,#3920,.F.);
#2361=ORIENTED_EDGE('',*,*,#3922,.T.);
#2362=ORIENTED_EDGE('',*,*,#3923,.T.);
#2363=ORIENTED_EDGE('',*,*,#3924,.F.);
#2364=ORIENTED_EDGE('',*,*,#3923,.F.);
#2365=ORIENTED_EDGE('',*,*,#3925,.T.);
#2366=ORIENTED_EDGE('',*,*,#3926,.T.);
#2367=ORIENTED_EDGE('',*,*,#3927,.F.);
#2368=ORIENTED_EDGE('',*,*,#3926,.F.);
#2369=ORIENTED_EDGE('',*,*,#3928,.T.);
#2370=ORIENTED_EDGE('',*,*,#3929,.T.);
#2371=ORIENTED_EDGE('',*,*,#3930,.F.);
#2372=ORIENTED_EDGE('',*,*,#3929,.F.);
#2373=ORIENTED_EDGE('',*,*,#3931,.T.);
#2374=ORIENTED_EDGE('',*,*,#3932,.T.);
#2375=ORIENTED_EDGE('',*,*,#3933,.F.);
#2376=ORIENTED_EDGE('',*,*,#3932,.F.);
#2377=ORIENTED_EDGE('',*,*,#3934,.T.);
#2378=ORIENTED_EDGE('',*,*,#3935,.T.);
#2379=ORIENTED_EDGE('',*,*,#3936,.F.);
#2380=ORIENTED_EDGE('',*,*,#3935,.F.);
#2381=ORIENTED_EDGE('',*,*,#3937,.T.);
#2382=ORIENTED_EDGE('',*,*,#3938,.T.);
#2383=ORIENTED_EDGE('',*,*,#3939,.F.);
#2384=ORIENTED_EDGE('',*,*,#3938,.F.);
#2385=ORIENTED_EDGE('',*,*,#3940,.T.);
#2386=ORIENTED_EDGE('',*,*,#3941,.T.);
#2387=ORIENTED_EDGE('',*,*,#3942,.F.);
#2388=ORIENTED_EDGE('',*,*,#3941,.F.);
#2389=ORIENTED_EDGE('',*,*,#3943,.T.);
#2390=ORIENTED_EDGE('',*,*,#3944,.T.);
#2391=ORIENTED_EDGE('',*,*,#3945,.F.);
#2392=ORIENTED_EDGE('',*,*,#3944,.F.);
#2393=ORIENTED_EDGE('',*,*,#3946,.T.);
#2394=ORIENTED_EDGE('',*,*,#3947,.T.);
#2395=ORIENTED_EDGE('',*,*,#3948,.F.);
#2396=ORIENTED_EDGE('',*,*,#3947,.F.);
#2397=ORIENTED_EDGE('',*,*,#3949,.T.);
#2398=ORIENTED_EDGE('',*,*,#3950,.T.);
#2399=ORIENTED_EDGE('',*,*,#3951,.F.);
#2400=ORIENTED_EDGE('',*,*,#3950,.F.);
#2401=ORIENTED_EDGE('',*,*,#3952,.T.);
#2402=ORIENTED_EDGE('',*,*,#3953,.T.);
#2403=ORIENTED_EDGE('',*,*,#3954,.F.);
#2404=ORIENTED_EDGE('',*,*,#3953,.F.);
#2405=ORIENTED_EDGE('',*,*,#3955,.T.);
#2406=ORIENTED_EDGE('',*,*,#3956,.T.);
#2407=ORIENTED_EDGE('',*,*,#3957,.F.);
#2408=ORIENTED_EDGE('',*,*,#3956,.F.);
#2409=ORIENTED_EDGE('',*,*,#3958,.T.);
#2410=ORIENTED_EDGE('',*,*,#3959,.T.);
#2411=ORIENTED_EDGE('',*,*,#3960,.F.);
#2412=ORIENTED_EDGE('',*,*,#3959,.F.);
#2413=ORIENTED_EDGE('',*,*,#3961,.T.);
#2414=ORIENTED_EDGE('',*,*,#3962,.T.);
#2415=ORIENTED_EDGE('',*,*,#3963,.F.);
#2416=ORIENTED_EDGE('',*,*,#3962,.F.);
#2417=ORIENTED_EDGE('',*,*,#3964,.T.);
#2418=ORIENTED_EDGE('',*,*,#3965,.T.);
#2419=ORIENTED_EDGE('',*,*,#3966,.F.);
#2420=ORIENTED_EDGE('',*,*,#3965,.F.);
#2421=ORIENTED_EDGE('',*,*,#3967,.T.);
#2422=ORIENTED_EDGE('',*,*,#3968,.T.);
#2423=ORIENTED_EDGE('',*,*,#3969,.F.);
#2424=ORIENTED_EDGE('',*,*,#3968,.F.);
#2425=ORIENTED_EDGE('',*,*,#3970,.T.);
#2426=ORIENTED_EDGE('',*,*,#3971,.T.);
#2427=ORIENTED_EDGE('',*,*,#3972,.F.);
#2428=ORIENTED_EDGE('',*,*,#3971,.F.);
#2429=ORIENTED_EDGE('',*,*,#3973,.T.);
#2430=ORIENTED_EDGE('',*,*,#3974,.T.);
#2431=ORIENTED_EDGE('',*,*,#3975,.F.);
#2432=ORIENTED_EDGE('',*,*,#3974,.F.);
#2433=ORIENTED_EDGE('',*,*,#3976,.T.);
#2434=ORIENTED_EDGE('',*,*,#3977,.T.);
#2435=ORIENTED_EDGE('',*,*,#3978,.F.);
#2436=ORIENTED_EDGE('',*,*,#3977,.F.);
#2437=ORIENTED_EDGE('',*,*,#3979,.T.);
#2438=ORIENTED_EDGE('',*,*,#3980,.T.);
#2439=ORIENTED_EDGE('',*,*,#3981,.F.);
#2440=ORIENTED_EDGE('',*,*,#3980,.F.);
#2441=ORIENTED_EDGE('',*,*,#3982,.T.);
#2442=ORIENTED_EDGE('',*,*,#3983,.T.);
#2443=ORIENTED_EDGE('',*,*,#3984,.F.);
#2444=ORIENTED_EDGE('',*,*,#3983,.F.);
#2445=ORIENTED_EDGE('',*,*,#3985,.T.);
#2446=ORIENTED_EDGE('',*,*,#3986,.T.);
#2447=ORIENTED_EDGE('',*,*,#3987,.F.);
#2448=ORIENTED_EDGE('',*,*,#3986,.F.);
#2449=ORIENTED_EDGE('',*,*,#3988,.T.);
#2450=ORIENTED_EDGE('',*,*,#3989,.T.);
#2451=ORIENTED_EDGE('',*,*,#3990,.T.);
#2452=ORIENTED_EDGE('',*,*,#3989,.F.);
#2453=ORIENTED_EDGE('',*,*,#3991,.F.);
#2454=ORIENTED_EDGE('',*,*,#3992,.T.);
#2455=ORIENTED_EDGE('',*,*,#3993,.F.);
#2456=ORIENTED_EDGE('',*,*,#3992,.F.);
#2457=ORIENTED_EDGE('',*,*,#3994,.T.);
#2458=ORIENTED_EDGE('',*,*,#3995,.T.);
#2459=ORIENTED_EDGE('',*,*,#3996,.F.);
#2460=ORIENTED_EDGE('',*,*,#3995,.F.);
#2461=ORIENTED_EDGE('',*,*,#3997,.T.);
#2462=ORIENTED_EDGE('',*,*,#3998,.T.);
#2463=ORIENTED_EDGE('',*,*,#3999,.F.);
#2464=ORIENTED_EDGE('',*,*,#3998,.F.);
#2465=ORIENTED_EDGE('',*,*,#4000,.T.);
#2466=ORIENTED_EDGE('',*,*,#4001,.T.);
#2467=ORIENTED_EDGE('',*,*,#4002,.F.);
#2468=ORIENTED_EDGE('',*,*,#4001,.F.);
#2469=ORIENTED_EDGE('',*,*,#4003,.T.);
#2470=ORIENTED_EDGE('',*,*,#4004,.T.);
#2471=ORIENTED_EDGE('',*,*,#4005,.F.);
#2472=ORIENTED_EDGE('',*,*,#4004,.F.);
#2473=ORIENTED_EDGE('',*,*,#4006,.T.);
#2474=ORIENTED_EDGE('',*,*,#4007,.T.);
#2475=ORIENTED_EDGE('',*,*,#4008,.F.);
#2476=ORIENTED_EDGE('',*,*,#4007,.F.);
#2477=ORIENTED_EDGE('',*,*,#4009,.T.);
#2478=ORIENTED_EDGE('',*,*,#4010,.T.);
#2479=ORIENTED_EDGE('',*,*,#4011,.F.);
#2480=ORIENTED_EDGE('',*,*,#4010,.F.);
#2481=ORIENTED_EDGE('',*,*,#4012,.T.);
#2482=ORIENTED_EDGE('',*,*,#4013,.T.);
#2483=ORIENTED_EDGE('',*,*,#4014,.F.);
#2484=ORIENTED_EDGE('',*,*,#4013,.F.);
#2485=ORIENTED_EDGE('',*,*,#4015,.T.);
#2486=ORIENTED_EDGE('',*,*,#4016,.T.);
#2487=ORIENTED_EDGE('',*,*,#4017,.F.);
#2488=ORIENTED_EDGE('',*,*,#4016,.F.);
#2489=ORIENTED_EDGE('',*,*,#4018,.T.);
#2490=ORIENTED_EDGE('',*,*,#4019,.T.);
#2491=ORIENTED_EDGE('',*,*,#4020,.F.);
#2492=ORIENTED_EDGE('',*,*,#4019,.F.);
#2493=ORIENTED_EDGE('',*,*,#4021,.T.);
#2494=ORIENTED_EDGE('',*,*,#4022,.T.);
#2495=ORIENTED_EDGE('',*,*,#4023,.F.);
#2496=ORIENTED_EDGE('',*,*,#4022,.F.);
#2497=ORIENTED_EDGE('',*,*,#4024,.T.);
#2498=ORIENTED_EDGE('',*,*,#4025,.T.);
#2499=ORIENTED_EDGE('',*,*,#4026,.F.);
#2500=ORIENTED_EDGE('',*,*,#4025,.F.);
#2501=ORIENTED_EDGE('',*,*,#4027,.T.);
#2502=ORIENTED_EDGE('',*,*,#4028,.T.);
#2503=ORIENTED_EDGE('',*,*,#4029,.F.);
#2504=ORIENTED_EDGE('',*,*,#4028,.F.);
#2505=ORIENTED_EDGE('',*,*,#4030,.T.);
#2506=ORIENTED_EDGE('',*,*,#4031,.T.);
#2507=ORIENTED_EDGE('',*,*,#4032,.T.);
#2508=ORIENTED_EDGE('',*,*,#4031,.F.);
#2509=ORIENTED_EDGE('',*,*,#4033,.F.);
#2510=ORIENTED_EDGE('',*,*,#4034,.T.);
#2511=ORIENTED_EDGE('',*,*,#4035,.F.);
#2512=ORIENTED_EDGE('',*,*,#4034,.F.);
#2513=ORIENTED_EDGE('',*,*,#4036,.T.);
#2514=ORIENTED_EDGE('',*,*,#4037,.T.);
#2515=ORIENTED_EDGE('',*,*,#4038,.F.);
#2516=ORIENTED_EDGE('',*,*,#4037,.F.);
#2517=ORIENTED_EDGE('',*,*,#4039,.T.);
#2518=ORIENTED_EDGE('',*,*,#4040,.T.);
#2519=ORIENTED_EDGE('',*,*,#4041,.F.);
#2520=ORIENTED_EDGE('',*,*,#4040,.F.);
#2521=ORIENTED_EDGE('',*,*,#4042,.T.);
#2522=ORIENTED_EDGE('',*,*,#4043,.T.);
#2523=ORIENTED_EDGE('',*,*,#4044,.F.);
#2524=ORIENTED_EDGE('',*,*,#4043,.F.);
#2525=ORIENTED_EDGE('',*,*,#4045,.T.);
#2526=ORIENTED_EDGE('',*,*,#4046,.T.);
#2527=ORIENTED_EDGE('',*,*,#4047,.F.);
#2528=ORIENTED_EDGE('',*,*,#4046,.F.);
#2529=ORIENTED_EDGE('',*,*,#4048,.T.);
#2530=ORIENTED_EDGE('',*,*,#4049,.T.);
#2531=ORIENTED_EDGE('',*,*,#4050,.F.);
#2532=ORIENTED_EDGE('',*,*,#4049,.F.);
#2533=ORIENTED_EDGE('',*,*,#4051,.T.);
#2534=ORIENTED_EDGE('',*,*,#4052,.T.);
#2535=ORIENTED_EDGE('',*,*,#4053,.F.);
#2536=ORIENTED_EDGE('',*,*,#4052,.F.);
#2537=ORIENTED_EDGE('',*,*,#4054,.T.);
#2538=ORIENTED_EDGE('',*,*,#4055,.T.);
#2539=ORIENTED_EDGE('',*,*,#4056,.F.);
#2540=ORIENTED_EDGE('',*,*,#4055,.F.);
#2541=ORIENTED_EDGE('',*,*,#4057,.T.);
#2542=ORIENTED_EDGE('',*,*,#4058,.T.);
#2543=ORIENTED_EDGE('',*,*,#4059,.F.);
#2544=ORIENTED_EDGE('',*,*,#4058,.F.);
#2545=ORIENTED_EDGE('',*,*,#4060,.T.);
#2546=ORIENTED_EDGE('',*,*,#4061,.T.);
#2547=ORIENTED_EDGE('',*,*,#4062,.F.);
#2548=ORIENTED_EDGE('',*,*,#4061,.F.);
#2549=ORIENTED_EDGE('',*,*,#4063,.T.);
#2550=ORIENTED_EDGE('',*,*,#4064,.T.);
#2551=ORIENTED_EDGE('',*,*,#4065,.F.);
#2552=ORIENTED_EDGE('',*,*,#4064,.F.);
#2553=ORIENTED_EDGE('',*,*,#4066,.T.);
#2554=ORIENTED_EDGE('',*,*,#4067,.T.);
#2555=ORIENTED_EDGE('',*,*,#4068,.F.);
#2556=ORIENTED_EDGE('',*,*,#4067,.F.);
#2557=ORIENTED_EDGE('',*,*,#4069,.T.);
#2558=ORIENTED_EDGE('',*,*,#4070,.T.);
#2559=ORIENTED_EDGE('',*,*,#4071,.F.);
#2560=ORIENTED_EDGE('',*,*,#4070,.F.);
#2561=ORIENTED_EDGE('',*,*,#4072,.T.);
#2562=ORIENTED_EDGE('',*,*,#4073,.T.);
#2563=ORIENTED_EDGE('',*,*,#4074,.T.);
#2564=ORIENTED_EDGE('',*,*,#4073,.F.);
#2565=ORIENTED_EDGE('',*,*,#4075,.F.);
#2566=ORIENTED_EDGE('',*,*,#4076,.T.);
#2567=ORIENTED_EDGE('',*,*,#4077,.F.);
#2568=ORIENTED_EDGE('',*,*,#4076,.F.);
#2569=ORIENTED_EDGE('',*,*,#4078,.T.);
#2570=ORIENTED_EDGE('',*,*,#4079,.T.);
#2571=ORIENTED_EDGE('',*,*,#4080,.F.);
#2572=ORIENTED_EDGE('',*,*,#4079,.F.);
#2573=ORIENTED_EDGE('',*,*,#4081,.T.);
#2574=ORIENTED_EDGE('',*,*,#4082,.T.);
#2575=ORIENTED_EDGE('',*,*,#4083,.F.);
#2576=ORIENTED_EDGE('',*,*,#4082,.F.);
#2577=ORIENTED_EDGE('',*,*,#4084,.T.);
#2578=ORIENTED_EDGE('',*,*,#4085,.T.);
#2579=ORIENTED_EDGE('',*,*,#4086,.F.);
#2580=ORIENTED_EDGE('',*,*,#4085,.F.);
#2581=ORIENTED_EDGE('',*,*,#4087,.T.);
#2582=ORIENTED_EDGE('',*,*,#4088,.T.);
#2583=ORIENTED_EDGE('',*,*,#4089,.F.);
#2584=ORIENTED_EDGE('',*,*,#4088,.F.);
#2585=ORIENTED_EDGE('',*,*,#4090,.T.);
#2586=ORIENTED_EDGE('',*,*,#4091,.T.);
#2587=ORIENTED_EDGE('',*,*,#4092,.F.);
#2588=ORIENTED_EDGE('',*,*,#4091,.F.);
#2589=ORIENTED_EDGE('',*,*,#4093,.T.);
#2590=ORIENTED_EDGE('',*,*,#4094,.T.);
#2591=ORIENTED_EDGE('',*,*,#4095,.F.);
#2592=ORIENTED_EDGE('',*,*,#4094,.F.);
#2593=ORIENTED_EDGE('',*,*,#4096,.T.);
#2594=ORIENTED_EDGE('',*,*,#4097,.T.);
#2595=ORIENTED_EDGE('',*,*,#4098,.F.);
#2596=ORIENTED_EDGE('',*,*,#4097,.F.);
#2597=ORIENTED_EDGE('',*,*,#4099,.T.);
#2598=ORIENTED_EDGE('',*,*,#4100,.T.);
#2599=ORIENTED_EDGE('',*,*,#4101,.F.);
#2600=ORIENTED_EDGE('',*,*,#4100,.F.);
#2601=ORIENTED_EDGE('',*,*,#4102,.T.);
#2602=ORIENTED_EDGE('',*,*,#4103,.T.);
#2603=ORIENTED_EDGE('',*,*,#4104,.F.);
#2604=ORIENTED_EDGE('',*,*,#4103,.F.);
#2605=ORIENTED_EDGE('',*,*,#4105,.T.);
#2606=ORIENTED_EDGE('',*,*,#4106,.T.);
#2607=ORIENTED_EDGE('',*,*,#4107,.F.);
#2608=ORIENTED_EDGE('',*,*,#4106,.F.);
#2609=ORIENTED_EDGE('',*,*,#4108,.T.);
#2610=ORIENTED_EDGE('',*,*,#4109,.T.);
#2611=ORIENTED_EDGE('',*,*,#4110,.F.);
#2612=ORIENTED_EDGE('',*,*,#4109,.F.);
#2613=ORIENTED_EDGE('',*,*,#4111,.T.);
#2614=ORIENTED_EDGE('',*,*,#4112,.T.);
#2615=ORIENTED_EDGE('',*,*,#4113,.F.);
#2616=ORIENTED_EDGE('',*,*,#4112,.F.);
#2617=ORIENTED_EDGE('',*,*,#4114,.T.);
#2618=ORIENTED_EDGE('',*,*,#4115,.T.);
#2619=ORIENTED_EDGE('',*,*,#4116,.T.);
#2620=ORIENTED_EDGE('',*,*,#4115,.F.);
#2621=ORIENTED_EDGE('',*,*,#4117,.F.);
#2622=ORIENTED_EDGE('',*,*,#4118,.T.);
#2623=ORIENTED_EDGE('',*,*,#4119,.F.);
#2624=ORIENTED_EDGE('',*,*,#4118,.F.);
#2625=ORIENTED_EDGE('',*,*,#4120,.T.);
#2626=ORIENTED_EDGE('',*,*,#4121,.T.);
#2627=ORIENTED_EDGE('',*,*,#4122,.F.);
#2628=ORIENTED_EDGE('',*,*,#4121,.F.);
#2629=ORIENTED_EDGE('',*,*,#4123,.T.);
#2630=ORIENTED_EDGE('',*,*,#4124,.T.);
#2631=ORIENTED_EDGE('',*,*,#4125,.F.);
#2632=ORIENTED_EDGE('',*,*,#4124,.F.);
#2633=ORIENTED_EDGE('',*,*,#4126,.T.);
#2634=ORIENTED_EDGE('',*,*,#4127,.T.);
#2635=ORIENTED_EDGE('',*,*,#4128,.F.);
#2636=ORIENTED_EDGE('',*,*,#4127,.F.);
#2637=ORIENTED_EDGE('',*,*,#4129,.T.);
#2638=ORIENTED_EDGE('',*,*,#4130,.T.);
#2639=ORIENTED_EDGE('',*,*,#4131,.F.);
#2640=ORIENTED_EDGE('',*,*,#4130,.F.);
#2641=ORIENTED_EDGE('',*,*,#4132,.T.);
#2642=ORIENTED_EDGE('',*,*,#4133,.T.);
#2643=ORIENTED_EDGE('',*,*,#4134,.F.);
#2644=ORIENTED_EDGE('',*,*,#4133,.F.);
#2645=ORIENTED_EDGE('',*,*,#4135,.T.);
#2646=ORIENTED_EDGE('',*,*,#4136,.T.);
#2647=ORIENTED_EDGE('',*,*,#4137,.F.);
#2648=ORIENTED_EDGE('',*,*,#4136,.F.);
#2649=ORIENTED_EDGE('',*,*,#4138,.T.);
#2650=ORIENTED_EDGE('',*,*,#4139,.T.);
#2651=ORIENTED_EDGE('',*,*,#4140,.F.);
#2652=ORIENTED_EDGE('',*,*,#4139,.F.);
#2653=ORIENTED_EDGE('',*,*,#4141,.T.);
#2654=ORIENTED_EDGE('',*,*,#4142,.T.);
#2655=ORIENTED_EDGE('',*,*,#4143,.F.);
#2656=ORIENTED_EDGE('',*,*,#4142,.F.);
#2657=ORIENTED_EDGE('',*,*,#4144,.T.);
#2658=ORIENTED_EDGE('',*,*,#4145,.T.);
#2659=ORIENTED_EDGE('',*,*,#4146,.F.);
#2660=ORIENTED_EDGE('',*,*,#4145,.F.);
#2661=ORIENTED_EDGE('',*,*,#4147,.T.);
#2662=ORIENTED_EDGE('',*,*,#4148,.T.);
#2663=ORIENTED_EDGE('',*,*,#4149,.F.);
#2664=ORIENTED_EDGE('',*,*,#4148,.F.);
#2665=ORIENTED_EDGE('',*,*,#4150,.T.);
#2666=ORIENTED_EDGE('',*,*,#4151,.T.);
#2667=ORIENTED_EDGE('',*,*,#4152,.F.);
#2668=ORIENTED_EDGE('',*,*,#4151,.F.);
#2669=ORIENTED_EDGE('',*,*,#4153,.T.);
#2670=ORIENTED_EDGE('',*,*,#4154,.T.);
#2671=ORIENTED_EDGE('',*,*,#4155,.F.);
#2672=ORIENTED_EDGE('',*,*,#4154,.F.);
#2673=ORIENTED_EDGE('',*,*,#4156,.T.);
#2674=ORIENTED_EDGE('',*,*,#4157,.T.);
#2675=ORIENTED_EDGE('',*,*,#4158,.T.);
#2676=ORIENTED_EDGE('',*,*,#4157,.F.);
#2677=ORIENTED_EDGE('',*,*,#4159,.F.);
#2678=ORIENTED_EDGE('',*,*,#4160,.T.);
#2679=ORIENTED_EDGE('',*,*,#4161,.F.);
#2680=ORIENTED_EDGE('',*,*,#4160,.F.);
#2681=ORIENTED_EDGE('',*,*,#4162,.T.);
#2682=ORIENTED_EDGE('',*,*,#4163,.T.);
#2683=ORIENTED_EDGE('',*,*,#4164,.F.);
#2684=ORIENTED_EDGE('',*,*,#4163,.F.);
#2685=ORIENTED_EDGE('',*,*,#4165,.T.);
#2686=ORIENTED_EDGE('',*,*,#3909,.T.);
#2687=ORIENTED_EDGE('',*,*,#3910,.F.);
#2688=ORIENTED_EDGE('',*,*,#4165,.F.);
#2689=ORIENTED_EDGE('',*,*,#4162,.F.);
#2690=ORIENTED_EDGE('',*,*,#4159,.T.);
#2691=ORIENTED_EDGE('',*,*,#4156,.F.);
#2692=ORIENTED_EDGE('',*,*,#4153,.F.);
#2693=ORIENTED_EDGE('',*,*,#4150,.F.);
#2694=ORIENTED_EDGE('',*,*,#4147,.F.);
#2695=ORIENTED_EDGE('',*,*,#4144,.F.);
#2696=ORIENTED_EDGE('',*,*,#4141,.F.);
#2697=ORIENTED_EDGE('',*,*,#4138,.F.);
#2698=ORIENTED_EDGE('',*,*,#4135,.F.);
#2699=ORIENTED_EDGE('',*,*,#4132,.F.);
#2700=ORIENTED_EDGE('',*,*,#4129,.F.);
#2701=ORIENTED_EDGE('',*,*,#4126,.F.);
#2702=ORIENTED_EDGE('',*,*,#4123,.F.);
#2703=ORIENTED_EDGE('',*,*,#4120,.F.);
#2704=ORIENTED_EDGE('',*,*,#4117,.T.);
#2705=ORIENTED_EDGE('',*,*,#4114,.F.);
#2706=ORIENTED_EDGE('',*,*,#4111,.F.);
#2707=ORIENTED_EDGE('',*,*,#4108,.F.);
#2708=ORIENTED_EDGE('',*,*,#4105,.F.);
#2709=ORIENTED_EDGE('',*,*,#4102,.F.);
#2710=ORIENTED_EDGE('',*,*,#4099,.F.);
#2711=ORIENTED_EDGE('',*,*,#4096,.F.);
#2712=ORIENTED_EDGE('',*,*,#4093,.F.);
#2713=ORIENTED_EDGE('',*,*,#4090,.F.);
#2714=ORIENTED_EDGE('',*,*,#4087,.F.);
#2715=ORIENTED_EDGE('',*,*,#4084,.F.);
#2716=ORIENTED_EDGE('',*,*,#4081,.F.);
#2717=ORIENTED_EDGE('',*,*,#4078,.F.);
#2718=ORIENTED_EDGE('',*,*,#4075,.T.);
#2719=ORIENTED_EDGE('',*,*,#4072,.F.);
#2720=ORIENTED_EDGE('',*,*,#4069,.F.);
#2721=ORIENTED_EDGE('',*,*,#4066,.F.);
#2722=ORIENTED_EDGE('',*,*,#4063,.F.);
#2723=ORIENTED_EDGE('',*,*,#4060,.F.);
#2724=ORIENTED_EDGE('',*,*,#4057,.F.);
#2725=ORIENTED_EDGE('',*,*,#4054,.F.);
#2726=ORIENTED_EDGE('',*,*,#4051,.F.);
#2727=ORIENTED_EDGE('',*,*,#4048,.F.);
#2728=ORIENTED_EDGE('',*,*,#4045,.F.);
#2729=ORIENTED_EDGE('',*,*,#4042,.F.);
#2730=ORIENTED_EDGE('',*,*,#4039,.F.);
#2731=ORIENTED_EDGE('',*,*,#4036,.F.);
#2732=ORIENTED_EDGE('',*,*,#4033,.T.);
#2733=ORIENTED_EDGE('',*,*,#4030,.F.);
#2734=ORIENTED_EDGE('',*,*,#4027,.F.);
#2735=ORIENTED_EDGE('',*,*,#4024,.F.);
#2736=ORIENTED_EDGE('',*,*,#4021,.F.);
#2737=ORIENTED_EDGE('',*,*,#4018,.F.);
#2738=ORIENTED_EDGE('',*,*,#4015,.F.);
#2739=ORIENTED_EDGE('',*,*,#4012,.F.);
#2740=ORIENTED_EDGE('',*,*,#4009,.F.);
#2741=ORIENTED_EDGE('',*,*,#4006,.F.);
#2742=ORIENTED_EDGE('',*,*,#4003,.F.);
#2743=ORIENTED_EDGE('',*,*,#4000,.F.);
#2744=ORIENTED_EDGE('',*,*,#3997,.F.);
#2745=ORIENTED_EDGE('',*,*,#3994,.F.);
#2746=ORIENTED_EDGE('',*,*,#3991,.T.);
#2747=ORIENTED_EDGE('',*,*,#3988,.F.);
#2748=ORIENTED_EDGE('',*,*,#3985,.F.);
#2749=ORIENTED_EDGE('',*,*,#3982,.F.);
#2750=ORIENTED_EDGE('',*,*,#3979,.F.);
#2751=ORIENTED_EDGE('',*,*,#3976,.F.);
#2752=ORIENTED_EDGE('',*,*,#3973,.F.);
#2753=ORIENTED_EDGE('',*,*,#3970,.F.);
#2754=ORIENTED_EDGE('',*,*,#3967,.F.);
#2755=ORIENTED_EDGE('',*,*,#3964,.F.);
#2756=ORIENTED_EDGE('',*,*,#3961,.F.);
#2757=ORIENTED_EDGE('',*,*,#3958,.F.);
#2758=ORIENTED_EDGE('',*,*,#3955,.F.);
#2759=ORIENTED_EDGE('',*,*,#3952,.F.);
#2760=ORIENTED_EDGE('',*,*,#3949,.F.);
#2761=ORIENTED_EDGE('',*,*,#3946,.F.);
#2762=ORIENTED_EDGE('',*,*,#3943,.F.);
#2763=ORIENTED_EDGE('',*,*,#3940,.F.);
#2764=ORIENTED_EDGE('',*,*,#3937,.F.);
#2765=ORIENTED_EDGE('',*,*,#3934,.F.);
#2766=ORIENTED_EDGE('',*,*,#3931,.F.);
#2767=ORIENTED_EDGE('',*,*,#3928,.F.);
#2768=ORIENTED_EDGE('',*,*,#3925,.F.);
#2769=ORIENTED_EDGE('',*,*,#3922,.F.);
#2770=ORIENTED_EDGE('',*,*,#3919,.F.);
#2771=ORIENTED_EDGE('',*,*,#3916,.F.);
#2772=ORIENTED_EDGE('',*,*,#3913,.F.);
#2773=ORIENTED_EDGE('',*,*,#3908,.T.);
#2774=ORIENTED_EDGE('',*,*,#3912,.T.);
#2775=ORIENTED_EDGE('',*,*,#3915,.T.);
#2776=ORIENTED_EDGE('',*,*,#3918,.T.);
#2777=ORIENTED_EDGE('',*,*,#3921,.T.);
#2778=ORIENTED_EDGE('',*,*,#3924,.T.);
#2779=ORIENTED_EDGE('',*,*,#3927,.T.);
#2780=ORIENTED_EDGE('',*,*,#3930,.T.);
#2781=ORIENTED_EDGE('',*,*,#3933,.T.);
#2782=ORIENTED_EDGE('',*,*,#3936,.T.);
#2783=ORIENTED_EDGE('',*,*,#3939,.T.);
#2784=ORIENTED_EDGE('',*,*,#3942,.T.);
#2785=ORIENTED_EDGE('',*,*,#3945,.T.);
#2786=ORIENTED_EDGE('',*,*,#3948,.T.);
#2787=ORIENTED_EDGE('',*,*,#3951,.T.);
#2788=ORIENTED_EDGE('',*,*,#3954,.T.);
#2789=ORIENTED_EDGE('',*,*,#3957,.T.);
#2790=ORIENTED_EDGE('',*,*,#3960,.T.);
#2791=ORIENTED_EDGE('',*,*,#3963,.T.);
#2792=ORIENTED_EDGE('',*,*,#3966,.T.);
#2793=ORIENTED_EDGE('',*,*,#3969,.T.);
#2794=ORIENTED_EDGE('',*,*,#3972,.T.);
#2795=ORIENTED_EDGE('',*,*,#3975,.T.);
#2796=ORIENTED_EDGE('',*,*,#3978,.T.);
#2797=ORIENTED_EDGE('',*,*,#3981,.T.);
#2798=ORIENTED_EDGE('',*,*,#3984,.T.);
#2799=ORIENTED_EDGE('',*,*,#3987,.T.);
#2800=ORIENTED_EDGE('',*,*,#3990,.F.);
#2801=ORIENTED_EDGE('',*,*,#3993,.T.);
#2802=ORIENTED_EDGE('',*,*,#3996,.T.);
#2803=ORIENTED_EDGE('',*,*,#3999,.T.);
#2804=ORIENTED_EDGE('',*,*,#4002,.T.);
#2805=ORIENTED_EDGE('',*,*,#4005,.T.);
#2806=ORIENTED_EDGE('',*,*,#4008,.T.);
#2807=ORIENTED_EDGE('',*,*,#4011,.T.);
#2808=ORIENTED_EDGE('',*,*,#4014,.T.);
#2809=ORIENTED_EDGE('',*,*,#4017,.T.);
#2810=ORIENTED_EDGE('',*,*,#4020,.T.);
#2811=ORIENTED_EDGE('',*,*,#4023,.T.);
#2812=ORIENTED_EDGE('',*,*,#4026,.T.);
#2813=ORIENTED_EDGE('',*,*,#4029,.T.);
#2814=ORIENTED_EDGE('',*,*,#4032,.F.);
#2815=ORIENTED_EDGE('',*,*,#4035,.T.);
#2816=ORIENTED_EDGE('',*,*,#4038,.T.);
#2817=ORIENTED_EDGE('',*,*,#4041,.T.);
#2818=ORIENTED_EDGE('',*,*,#4044,.T.);
#2819=ORIENTED_EDGE('',*,*,#4047,.T.);
#2820=ORIENTED_EDGE('',*,*,#4050,.T.);
#2821=ORIENTED_EDGE('',*,*,#4053,.T.);
#2822=ORIENTED_EDGE('',*,*,#4056,.T.);
#2823=ORIENTED_EDGE('',*,*,#4059,.T.);
#2824=ORIENTED_EDGE('',*,*,#4062,.T.);
#2825=ORIENTED_EDGE('',*,*,#4065,.T.);
#2826=ORIENTED_EDGE('',*,*,#4068,.T.);
#2827=ORIENTED_EDGE('',*,*,#4071,.T.);
#2828=ORIENTED_EDGE('',*,*,#4074,.F.);
#2829=ORIENTED_EDGE('',*,*,#4077,.T.);
#2830=ORIENTED_EDGE('',*,*,#4080,.T.);
#2831=ORIENTED_EDGE('',*,*,#4083,.T.);
#2832=ORIENTED_EDGE('',*,*,#4086,.T.);
#2833=ORIENTED_EDGE('',*,*,#4089,.T.);
#2834=ORIENTED_EDGE('',*,*,#4092,.T.);
#2835=ORIENTED_EDGE('',*,*,#4095,.T.);
#2836=ORIENTED_EDGE('',*,*,#4098,.T.);
#2837=ORIENTED_EDGE('',*,*,#4101,.T.);
#2838=ORIENTED_EDGE('',*,*,#4104,.T.);
#2839=ORIENTED_EDGE('',*,*,#4107,.T.);
#2840=ORIENTED_EDGE('',*,*,#4110,.T.);
#2841=ORIENTED_EDGE('',*,*,#4113,.T.);
#2842=ORIENTED_EDGE('',*,*,#4116,.F.);
#2843=ORIENTED_EDGE('',*,*,#4119,.T.);
#2844=ORIENTED_EDGE('',*,*,#4122,.T.);
#2845=ORIENTED_EDGE('',*,*,#4125,.T.);
#2846=ORIENTED_EDGE('',*,*,#4128,.T.);
#2847=ORIENTED_EDGE('',*,*,#4131,.T.);
#2848=ORIENTED_EDGE('',*,*,#4134,.T.);
#2849=ORIENTED_EDGE('',*,*,#4137,.T.);
#2850=ORIENTED_EDGE('',*,*,#4140,.T.);
#2851=ORIENTED_EDGE('',*,*,#4143,.T.);
#2852=ORIENTED_EDGE('',*,*,#4146,.T.);
#2853=ORIENTED_EDGE('',*,*,#4149,.T.);
#2854=ORIENTED_EDGE('',*,*,#4152,.T.);
#2855=ORIENTED_EDGE('',*,*,#4155,.T.);
#2856=ORIENTED_EDGE('',*,*,#4158,.F.);
#2857=ORIENTED_EDGE('',*,*,#4161,.T.);
#2858=ORIENTED_EDGE('',*,*,#4164,.T.);
#2859=EDGE_CURVE('',#4166,#4167,#5024,.T.);
#2860=EDGE_CURVE('',#4168,#4166,#5025,.T.);
#2861=EDGE_CURVE('',#4169,#4168,#5026,.T.);
#2862=EDGE_CURVE('',#4170,#4169,#5027,.T.);
#2863=EDGE_CURVE('',#4171,#4170,#5028,.T.);
#2864=EDGE_CURVE('',#4172,#4171,#5029,.T.);
#2865=EDGE_CURVE('',#4173,#4172,#5030,.T.);
#2866=EDGE_CURVE('',#4174,#4173,#5031,.T.);
#2867=EDGE_CURVE('',#4175,#4174,#5032,.T.);
#2868=EDGE_CURVE('',#4176,#4175,#5033,.T.);
#2869=EDGE_CURVE('',#4177,#4176,#5034,.T.);
#2870=EDGE_CURVE('',#4167,#4177,#5035,.T.);
#2871=EDGE_CURVE('',#4178,#4179,#5036,.T.);
#2872=EDGE_CURVE('',#4180,#4179,#5037,.T.);
#2873=EDGE_CURVE('',#4181,#4180,#5038,.T.);
#2874=EDGE_CURVE('',#4181,#4178,#5039,.T.);
#2875=EDGE_CURVE('',#4182,#4183,#5040,.T.);
#2876=EDGE_CURVE('',#4184,#4182,#5041,.T.);
#2877=EDGE_CURVE('',#4185,#4184,#5042,.T.);
#2878=EDGE_CURVE('',#4183,#4185,#5043,.T.);
#2879=EDGE_CURVE('',#4186,#4187,#5044,.T.);
#2880=EDGE_CURVE('',#4188,#4186,#5045,.T.);
#2881=EDGE_CURVE('',#4189,#4188,#5046,.T.);
#2882=EDGE_CURVE('',#4187,#4189,#5047,.T.);
#2883=EDGE_CURVE('',#4190,#4191,#5048,.T.);
#2884=EDGE_CURVE('',#4192,#4190,#5049,.T.);
#2885=EDGE_CURVE('',#4192,#4193,#5050,.T.);
#2886=EDGE_CURVE('',#4193,#4194,#5051,.T.);
#2887=EDGE_CURVE('',#4195,#4194,#5052,.T.);
#2888=EDGE_CURVE('',#4196,#4195,#5053,.T.);
#2889=EDGE_CURVE('',#4196,#4191,#5054,.T.);
#2890=EDGE_CURVE('',#4197,#4198,#5055,.T.);
#2891=EDGE_CURVE('',#4197,#4199,#5056,.T.);
#2892=EDGE_CURVE('',#4199,#4200,#5057,.T.);
#2893=EDGE_CURVE('',#4200,#4201,#5058,.T.);
#2894=EDGE_CURVE('',#4202,#4201,#5059,.T.);
#2895=EDGE_CURVE('',#4202,#4198,#5060,.T.);
#2896=EDGE_CURVE('',#4203,#4204,#5061,.T.);
#2897=EDGE_CURVE('',#4204,#4205,#5062,.T.);
#2898=EDGE_CURVE('',#4206,#4205,#5063,.T.);
#2899=EDGE_CURVE('',#4207,#4206,#5064,.T.);
#2900=EDGE_CURVE('',#4208,#4207,#5065,.T.);
#2901=EDGE_CURVE('',#4208,#4203,#5066,.T.);
#2902=EDGE_CURVE('',#4209,#4210,#5067,.T.);
#2903=EDGE_CURVE('',#4210,#4211,#5068,.T.);
#2904=EDGE_CURVE('',#4212,#4211,#5069,.T.);
#2905=EDGE_CURVE('',#4213,#4212,#5070,.T.);
#2906=EDGE_CURVE('',#4214,#4213,#5071,.T.);
#2907=EDGE_CURVE('',#4214,#4209,#5072,.T.);
#2908=EDGE_CURVE('',#4215,#4216,#5073,.T.);
#2909=EDGE_CURVE('',#4215,#4217,#5074,.T.);
#2910=EDGE_CURVE('',#4217,#4218,#5075,.T.);
#2911=EDGE_CURVE('',#4218,#4219,#5076,.T.);
#2912=EDGE_CURVE('',#4220,#4219,#5077,.T.);
#2913=EDGE_CURVE('',#4220,#4216,#5078,.T.);
#2914=EDGE_CURVE('',#4221,#4222,#5079,.T.);
#2915=EDGE_CURVE('',#4223,#4221,#5080,.T.);
#2916=EDGE_CURVE('',#4224,#4223,#5081,.T.);
#2917=EDGE_CURVE('',#4222,#4224,#5082,.T.);
#2918=EDGE_CURVE('',#4225,#4226,#5083,.T.);
#2919=EDGE_CURVE('',#4226,#4227,#5084,.T.);
#2920=EDGE_CURVE('',#4227,#4228,#5085,.T.);
#2921=EDGE_CURVE('',#4228,#4225,#5086,.T.);
#2922=EDGE_CURVE('',#4229,#4230,#5087,.T.);
#2923=EDGE_CURVE('',#4231,#4229,#5088,.T.);
#2924=EDGE_CURVE('',#4232,#4231,#5089,.T.);
#2925=EDGE_CURVE('',#4230,#4232,#5090,.T.);
#2926=EDGE_CURVE('',#4233,#4234,#5091,.T.);
#2927=EDGE_CURVE('',#4234,#4235,#5092,.T.);
#2928=EDGE_CURVE('',#4235,#4236,#5093,.T.);
#2929=EDGE_CURVE('',#4236,#4233,#5094,.T.);
#2930=EDGE_CURVE('',#4237,#4238,#5095,.T.);
#2931=EDGE_CURVE('',#4239,#4237,#5096,.T.);
#2932=EDGE_CURVE('',#4240,#4239,#5097,.T.);
#2933=EDGE_CURVE('',#4238,#4240,#5098,.T.);
#2934=EDGE_CURVE('',#4241,#4242,#5099,.T.);
#2935=EDGE_CURVE('',#4242,#4243,#5100,.T.);
#2936=EDGE_CURVE('',#4243,#4244,#5101,.T.);
#2937=EDGE_CURVE('',#4244,#4241,#5102,.T.);
#2938=EDGE_CURVE('',#4245,#4246,#5103,.T.);
#2939=EDGE_CURVE('',#4247,#4245,#5104,.T.);
#2940=EDGE_CURVE('',#4248,#4247,#5105,.T.);
#2941=EDGE_CURVE('',#4246,#4248,#5106,.T.);
#2942=EDGE_CURVE('',#4249,#4250,#5107,.T.);
#2943=EDGE_CURVE('',#4250,#4251,#5108,.T.);
#2944=EDGE_CURVE('',#4251,#4252,#5109,.T.);
#2945=EDGE_CURVE('',#4252,#4249,#5110,.T.);
#2946=EDGE_CURVE('',#4253,#4254,#5111,.T.);
#2947=EDGE_CURVE('',#4255,#4253,#5112,.T.);
#2948=EDGE_CURVE('',#4256,#4255,#5113,.T.);
#2949=EDGE_CURVE('',#4254,#4256,#5114,.T.);
#2950=EDGE_CURVE('',#4257,#4258,#5115,.T.);
#2951=EDGE_CURVE('',#4258,#4259,#5116,.T.);
#2952=EDGE_CURVE('',#4259,#4260,#5117,.T.);
#2953=EDGE_CURVE('',#4260,#4257,#5118,.T.);
#2954=EDGE_CURVE('',#4261,#4262,#5119,.T.);
#2955=EDGE_CURVE('',#4263,#4261,#5120,.T.);
#2956=EDGE_CURVE('',#4264,#4263,#5121,.T.);
#2957=EDGE_CURVE('',#4262,#4264,#5122,.T.);
#2958=EDGE_CURVE('',#4265,#4266,#5123,.T.);
#2959=EDGE_CURVE('',#4266,#4267,#5124,.T.);
#2960=EDGE_CURVE('',#4267,#4268,#5125,.T.);
#2961=EDGE_CURVE('',#4268,#4265,#5126,.T.);
#2962=EDGE_CURVE('',#4269,#4270,#5127,.T.);
#2963=EDGE_CURVE('',#4271,#4269,#5128,.T.);
#2964=EDGE_CURVE('',#4272,#4271,#5129,.T.);
#2965=EDGE_CURVE('',#4270,#4272,#5130,.T.);
#2966=EDGE_CURVE('',#4211,#4273,#5131,.T.);
#2967=EDGE_CURVE('',#4273,#4274,#5132,.T.);
#2968=EDGE_CURVE('',#4274,#4212,#5133,.T.);
#2969=EDGE_CURVE('',#4275,#4276,#5134,.T.);
#2970=EDGE_CURVE('',#4277,#4275,#5135,.T.);
#2971=EDGE_CURVE('',#4278,#4277,#5136,.T.);
#2972=EDGE_CURVE('',#4276,#4278,#5137,.T.);
#2973=EDGE_CURVE('',#4279,#4280,#5138,.T.);
#2974=EDGE_CURVE('',#4280,#4215,#5139,.T.);
#2975=EDGE_CURVE('',#4216,#4279,#5140,.T.);
#2976=EDGE_CURVE('',#4281,#4282,#5141,.T.);
#2977=EDGE_CURVE('',#4283,#4281,#5142,.T.);
#2978=EDGE_CURVE('',#4284,#4283,#5143,.T.);
#2979=EDGE_CURVE('',#4282,#4284,#5144,.T.);
#2980=EDGE_CURVE('',#4285,#4286,#5145,.T.);
#2981=EDGE_CURVE('',#4286,#4197,#5146,.T.);
#2982=EDGE_CURVE('',#4198,#4285,#5147,.T.);
#2983=EDGE_CURVE('',#4287,#4288,#5148,.T.);
#2984=EDGE_CURVE('',#4289,#4287,#5149,.T.);
#2985=EDGE_CURVE('',#4290,#4289,#5150,.T.);
#2986=EDGE_CURVE('',#4288,#4290,#5151,.T.);
#2987=EDGE_CURVE('',#4205,#4291,#5152,.T.);
#2988=EDGE_CURVE('',#4291,#4292,#5153,.T.);
#2989=EDGE_CURVE('',#4292,#4206,#5154,.T.);
#2990=EDGE_CURVE('',#4286,#4293,#5155,.T.);
#2991=EDGE_CURVE('',#4294,#4285,#5156,.T.);
#2992=EDGE_CURVE('',#4294,#4295,#5157,.T.);
#2993=EDGE_CURVE('',#4293,#4295,#5158,.T.);
#2994=EDGE_CURVE('',#4296,#4291,#5159,.T.);
#2995=EDGE_CURVE('',#4297,#4296,#5160,.T.);
#2996=EDGE_CURVE('',#4297,#4298,#5161,.T.);
#2997=EDGE_CURVE('',#4292,#4298,#5162,.T.);
#2998=EDGE_CURVE('',#4299,#4227,#5163,.T.);
#2999=EDGE_CURVE('',#4300,#4299,#5164,.T.);
#3000=EDGE_CURVE('',#4301,#4300,#5165,.T.);
#3001=EDGE_CURVE('',#4228,#4301,#5166,.T.);
#3002=EDGE_CURVE('',#4234,#4302,#5167,.T.);
#3003=EDGE_CURVE('',#4303,#4233,#5168,.T.);
#3004=EDGE_CURVE('',#4304,#4303,#5169,.T.);
#3005=EDGE_CURVE('',#4302,#4304,#5170,.T.);
#3006=EDGE_CURVE('',#4258,#4305,#5171,.T.);
#3007=EDGE_CURVE('',#4306,#4257,#5172,.T.);
#3008=EDGE_CURVE('',#4306,#4307,#5173,.T.);
#3009=EDGE_CURVE('',#4305,#4307,#5174,.T.);
#3010=EDGE_CURVE('',#4308,#4267,#5175,.T.);
#3011=EDGE_CURVE('',#4309,#4308,#5176,.T.);
#3012=EDGE_CURVE('',#4309,#4310,#5177,.T.);
#3013=EDGE_CURVE('',#4268,#4310,#5178,.T.);
#3014=EDGE_CURVE('',#4311,#4273,#5179,.T.);
#3015=EDGE_CURVE('',#4312,#4311,#5180,.T.);
#3016=EDGE_CURVE('',#4313,#4312,#5181,.T.);
#3017=EDGE_CURVE('',#4274,#4313,#5182,.T.);
#3018=EDGE_CURVE('',#4280,#4314,#5183,.T.);
#3019=EDGE_CURVE('',#4315,#4279,#5184,.T.);
#3020=EDGE_CURVE('',#4316,#4315,#5185,.T.);
#3021=EDGE_CURVE('',#4314,#4316,#5186,.T.);
#3022=EDGE_CURVE('',#4242,#4317,#5187,.T.);
#3023=EDGE_CURVE('',#4318,#4241,#5188,.T.);
#3024=EDGE_CURVE('',#4318,#4319,#5189,.T.);
#3025=EDGE_CURVE('',#4317,#4319,#5190,.T.);
#3026=EDGE_CURVE('',#4320,#4251,#5191,.T.);
#3027=EDGE_CURVE('',#4321,#4320,#5192,.T.);
#3028=EDGE_CURVE('',#4321,#4322,#5193,.T.);
#3029=EDGE_CURVE('',#4252,#4322,#5194,.T.);
#3030=EDGE_CURVE('',#4323,#4259,#5195,.T.);
#3031=EDGE_CURVE('',#4324,#4323,#5196,.T.);
#3032=EDGE_CURVE('',#4325,#4324,#5197,.T.);
#3033=EDGE_CURVE('',#4260,#4325,#5198,.T.);
#3034=EDGE_CURVE('',#4266,#4326,#5199,.T.);
#3035=EDGE_CURVE('',#4327,#4265,#5200,.T.);
#3036=EDGE_CURVE('',#4328,#4327,#5201,.T.);
#3037=EDGE_CURVE('',#4326,#4328,#5202,.T.);
#3038=EDGE_CURVE('',#4226,#4329,#5203,.T.);
#3039=EDGE_CURVE('',#4330,#4225,#5204,.T.);
#3040=EDGE_CURVE('',#4330,#4331,#5205,.T.);
#3041=EDGE_CURVE('',#4329,#4331,#5206,.T.);
#3042=EDGE_CURVE('',#4332,#4235,#5207,.T.);
#3043=EDGE_CURVE('',#4333,#4332,#5208,.T.);
#3044=EDGE_CURVE('',#4333,#4334,#5209,.T.);
#3045=EDGE_CURVE('',#4236,#4334,#5210,.T.);
#3046=EDGE_CURVE('',#4335,#4243,#5211,.T.);
#3047=EDGE_CURVE('',#4336,#4335,#5212,.T.);
#3048=EDGE_CURVE('',#4337,#4336,#5213,.T.);
#3049=EDGE_CURVE('',#4244,#4337,#5214,.T.);
#3050=EDGE_CURVE('',#4250,#4338,#5215,.T.);
#3051=EDGE_CURVE('',#4339,#4249,#5216,.T.);
#3052=EDGE_CURVE('',#4340,#4339,#5217,.T.);
#3053=EDGE_CURVE('',#4338,#4340,#5218,.T.);
#3054=EDGE_CURVE('',#4335,#4329,#5219,.T.);
#3055=EDGE_CURVE('',#4331,#4336,#5220,.T.);
#3056=EDGE_CURVE('',#4332,#4338,#5221,.T.);
#3057=EDGE_CURVE('',#4340,#4333,#5222,.T.);
#3058=EDGE_CURVE('',#4323,#4317,#5223,.T.);
#3059=EDGE_CURVE('',#4319,#4324,#5224,.T.);
#3060=EDGE_CURVE('',#4320,#4326,#5225,.T.);
#3061=EDGE_CURVE('',#4328,#4321,#5226,.T.);
#3062=EDGE_CURVE('',#4311,#4305,#5227,.T.);
#3063=EDGE_CURVE('',#4307,#4312,#5228,.T.);
#3064=EDGE_CURVE('',#4308,#4314,#5229,.T.);
#3065=EDGE_CURVE('',#4316,#4309,#5230,.T.);
#3066=EDGE_CURVE('',#4299,#4293,#5231,.T.);
#3067=EDGE_CURVE('',#4295,#4300,#5232,.T.);
#3068=EDGE_CURVE('',#4296,#4302,#5233,.T.);
#3069=EDGE_CURVE('',#4304,#4297,#5234,.T.);
#3070=EDGE_CURVE('',#4341,#4342,#5235,.T.);
#3071=EDGE_CURVE('',#4342,#4210,#5236,.T.);
#3072=EDGE_CURVE('',#4209,#4341,#5237,.T.);
#3073=EDGE_CURVE('',#4217,#4343,#5238,.T.);
#3074=EDGE_CURVE('',#4343,#4344,#5239,.T.);
#3075=EDGE_CURVE('',#4344,#4218,#5240,.T.);
#3076=EDGE_CURVE('',#4345,#4346,#5241,.T.);
#3077=EDGE_CURVE('',#4345,#4342,#5242,.T.);
#3078=EDGE_CURVE('',#4346,#4341,#5243,.T.);
#3079=EDGE_CURVE('',#4343,#4347,#5244,.T.);
#3080=EDGE_CURVE('',#4348,#4347,#5245,.T.);
#3081=EDGE_CURVE('',#4348,#4344,#5246,.T.);
#3082=EDGE_CURVE('',#4199,#4349,#5247,.T.);
#3083=EDGE_CURVE('',#4349,#4350,#5248,.T.);
#3084=EDGE_CURVE('',#4350,#4200,#5249,.T.);
#3085=EDGE_CURVE('',#4351,#4352,#5250,.T.);
#3086=EDGE_CURVE('',#4352,#4204,#5251,.T.);
#3087=EDGE_CURVE('',#4203,#4351,#5252,.T.);
#3088=EDGE_CURVE('',#4353,#4349,#5253,.T.);
#3089=EDGE_CURVE('',#4354,#4353,#5254,.T.);
#3090=EDGE_CURVE('',#4354,#4350,#5255,.T.);
#3091=EDGE_CURVE('',#4355,#4356,#5256,.T.);
#3092=EDGE_CURVE('',#4355,#4352,#5257,.T.);
#3093=EDGE_CURVE('',#4356,#4351,#5258,.T.);
#3094=EDGE_CURVE('',#4357,#4358,#5259,.T.);
#3095=EDGE_CURVE('',#4357,#4359,#5260,.T.);
#3096=EDGE_CURVE('',#4359,#4360,#5261,.T.);
#3097=EDGE_CURVE('',#4358,#4360,#5262,.T.);
#3098=EDGE_CURVE('',#4194,#4361,#5263,.T.);
#3099=EDGE_CURVE('',#4362,#4193,#5264,.T.);
#3100=EDGE_CURVE('',#4363,#4362,#5265,.T.);
#3101=EDGE_CURVE('',#4360,#4363,#5266,.T.);
#3102=EDGE_CURVE('',#4179,#4359,#5267,.T.);
#3103=EDGE_CURVE('',#4191,#4178,#5268,.T.);
#3104=EDGE_CURVE('',#4364,#4196,#5269,.T.);
#3105=EDGE_CURVE('',#4361,#4364,#5270,.T.);
#3106=EDGE_CURVE('',#4365,#4366,#5271,.T.);
#3107=EDGE_CURVE('',#4366,#4367,#5272,.T.);
#3108=EDGE_CURVE('',#4367,#4368,#5273,.T.);
#3109=EDGE_CURVE('',#4368,#4365,#5274,.T.);
#3110=EDGE_CURVE('',#4369,#4370,#5275,.T.);
#3111=EDGE_CURVE('',#4370,#4371,#5276,.T.);
#3112=EDGE_CURVE('',#4371,#4372,#5277,.T.);
#3113=EDGE_CURVE('',#4372,#4369,#5278,.T.);
#3114=EDGE_CURVE('',#4373,#4374,#5279,.T.);
#3115=EDGE_CURVE('',#4374,#4375,#5280,.T.);
#3116=EDGE_CURVE('',#4375,#4376,#5281,.T.);
#3117=EDGE_CURVE('',#4376,#4373,#5282,.T.);
#3118=EDGE_CURVE('',#4377,#4378,#5283,.T.);
#3119=EDGE_CURVE('',#4378,#4379,#5284,.T.);
#3120=EDGE_CURVE('',#4379,#4380,#5285,.T.);
#3121=EDGE_CURVE('',#4380,#4377,#5286,.T.);
#3122=EDGE_CURVE('',#4381,#4382,#5287,.T.);
#3123=EDGE_CURVE('',#4382,#4383,#5288,.T.);
#3124=EDGE_CURVE('',#4383,#4384,#5289,.T.);
#3125=EDGE_CURVE('',#4384,#4381,#5290,.T.);
#3126=EDGE_CURVE('',#4385,#4386,#5291,.T.);
#3127=EDGE_CURVE('',#4386,#4387,#5292,.T.);
#3128=EDGE_CURVE('',#4387,#4388,#5293,.T.);
#3129=EDGE_CURVE('',#4388,#4385,#5294,.T.);
#3130=EDGE_CURVE('',#4389,#4390,#5295,.T.);
#3131=EDGE_CURVE('',#4390,#4391,#5296,.T.);
#3132=EDGE_CURVE('',#4391,#4392,#5297,.T.);
#3133=EDGE_CURVE('',#4392,#4389,#5298,.T.);
#3134=EDGE_CURVE('',#4393,#4394,#5299,.T.);
#3135=EDGE_CURVE('',#4394,#4395,#5300,.T.);
#3136=EDGE_CURVE('',#4395,#4396,#5301,.T.);
#3137=EDGE_CURVE('',#4396,#4393,#5302,.T.);
#3138=EDGE_CURVE('',#4397,#4398,#5303,.T.);
#3139=EDGE_CURVE('',#4398,#4399,#5304,.T.);
#3140=EDGE_CURVE('',#4399,#4400,#5305,.T.);
#3141=EDGE_CURVE('',#4400,#4397,#5306,.T.);
#3142=EDGE_CURVE('',#4401,#4402,#5307,.T.);
#3143=EDGE_CURVE('',#4402,#4403,#5308,.T.);
#3144=EDGE_CURVE('',#4403,#4404,#5309,.T.);
#3145=EDGE_CURVE('',#4404,#4401,#5310,.T.);
#3146=EDGE_CURVE('',#4405,#4406,#5311,.T.);
#3147=EDGE_CURVE('',#4406,#4407,#5312,.T.);
#3148=EDGE_CURVE('',#4407,#4408,#5313,.T.);
#3149=EDGE_CURVE('',#4408,#4405,#5314,.T.);
#3150=EDGE_CURVE('',#4409,#4410,#5315,.T.);
#3151=EDGE_CURVE('',#4410,#4411,#5316,.T.);
#3152=EDGE_CURVE('',#4411,#4412,#5317,.T.);
#3153=EDGE_CURVE('',#4412,#4409,#5318,.T.);
#3154=EDGE_CURVE('',#4413,#4192,#5319,.T.);
#3155=EDGE_CURVE('',#4190,#4181,#5320,.T.);
#3156=EDGE_CURVE('',#4180,#4357,#5321,.T.);
#3157=EDGE_CURVE('',#4358,#4414,#5322,.T.);
#3158=EDGE_CURVE('',#4414,#4413,#5323,.T.);
#3159=EDGE_CURVE('',#4415,#4416,#5324,.T.);
#3160=EDGE_CURVE('',#4417,#4415,#5325,.T.);
#3161=EDGE_CURVE('',#4418,#4417,#5326,.T.);
#3162=EDGE_CURVE('',#4416,#4418,#5327,.T.);
#3163=EDGE_CURVE('',#4419,#4420,#5328,.T.);
#3164=EDGE_CURVE('',#4421,#4419,#5329,.T.);
#3165=EDGE_CURVE('',#4422,#4421,#5330,.T.);
#3166=EDGE_CURVE('',#4420,#4422,#5331,.T.);
#3167=EDGE_CURVE('',#4353,#4355,#5332,.T.);
#3168=EDGE_CURVE('',#4356,#4208,#5333,.T.);
#3169=EDGE_CURVE('',#4207,#4423,#5334,.T.);
#3170=EDGE_CURVE('',#4423,#4424,#5335,.T.);
#3171=EDGE_CURVE('',#4424,#4425,#5336,.T.);
#3172=EDGE_CURVE('',#4425,#4426,#5337,.T.);
#3173=EDGE_CURVE('',#4426,#4220,#5338,.T.);
#3174=EDGE_CURVE('',#4219,#4348,#5339,.T.);
#3175=EDGE_CURVE('',#4347,#4345,#5340,.T.);
#3176=EDGE_CURVE('',#4346,#4214,#5341,.T.);
#3177=EDGE_CURVE('',#4213,#4427,#5342,.T.);
#3178=EDGE_CURVE('',#4427,#4428,#5343,.T.);
#3179=EDGE_CURVE('',#4428,#4429,#5344,.T.);
#3180=EDGE_CURVE('',#4429,#4430,#5345,.T.);
#3181=EDGE_CURVE('',#4430,#4202,#5346,.T.);
#3182=EDGE_CURVE('',#4201,#4354,#5347,.T.);
#3183=EDGE_CURVE('',#4431,#4297,#5348,.T.);
#3184=EDGE_CURVE('',#4431,#4423,#5349,.T.);
#3185=EDGE_CURVE('',#4298,#4423,#5350,.T.);
#3186=EDGE_CURVE('',#4295,#4432,#5351,.T.);
#3187=EDGE_CURVE('',#4430,#4294,#5352,.T.);
#3188=EDGE_CURVE('',#4430,#4432,#5353,.T.);
#3189=EDGE_CURVE('',#4304,#4431,#5354,.T.);
#3190=EDGE_CURVE('',#4423,#4303,#5355,.T.);
#3191=EDGE_CURVE('',#4432,#4300,#5356,.T.);
#3192=EDGE_CURVE('',#4301,#4430,#5357,.T.);
#3193=EDGE_CURVE('',#4433,#4309,#5358,.T.);
#3194=EDGE_CURVE('',#4433,#4426,#5359,.T.);
#3195=EDGE_CURVE('',#4310,#4426,#5360,.T.);
#3196=EDGE_CURVE('',#4307,#4434,#5361,.T.);
#3197=EDGE_CURVE('',#4427,#4306,#5362,.T.);
#3198=EDGE_CURVE('',#4427,#4434,#5363,.T.);
#3199=EDGE_CURVE('',#4316,#4433,#5364,.T.);
#3200=EDGE_CURVE('',#4426,#4315,#5365,.T.);
#3201=EDGE_CURVE('',#4434,#4312,#5366,.T.);
#3202=EDGE_CURVE('',#4313,#4427,#5367,.T.);
#3203=EDGE_CURVE('',#4435,#4321,#5368,.T.);
#3204=EDGE_CURVE('',#4435,#4425,#5369,.T.);
#3205=EDGE_CURVE('',#4322,#4425,#5370,.T.);
#3206=EDGE_CURVE('',#4319,#4436,#5371,.T.);
#3207=EDGE_CURVE('',#4428,#4318,#5372,.T.);
#3208=EDGE_CURVE('',#4428,#4436,#5373,.T.);
#3209=EDGE_CURVE('',#4328,#4435,#5374,.T.);
#3210=EDGE_CURVE('',#4425,#4327,#5375,.T.);
#3211=EDGE_CURVE('',#4436,#4324,#5376,.T.);
#3212=EDGE_CURVE('',#4325,#4428,#5377,.T.);
#3213=EDGE_CURVE('',#4437,#4333,#5378,.T.);
#3214=EDGE_CURVE('',#4437,#4424,#5379,.T.);
#3215=EDGE_CURVE('',#4334,#4424,#5380,.T.);
#3216=EDGE_CURVE('',#4331,#4438,#5381,.T.);
#3217=EDGE_CURVE('',#4429,#4330,#5382,.T.);
#3218=EDGE_CURVE('',#4429,#4438,#5383,.T.);
#3219=EDGE_CURVE('',#4340,#4437,#5384,.T.);
#3220=EDGE_CURVE('',#4424,#4339,#5385,.T.);
#3221=EDGE_CURVE('',#4438,#4336,#5386,.T.);
#3222=EDGE_CURVE('',#4337,#4429,#5387,.T.);
#3223=EDGE_CURVE('',#4270,#4408,#5388,.T.);
#3224=EDGE_CURVE('',#4272,#4405,#5389,.T.);
#3225=EDGE_CURVE('',#4269,#4407,#5390,.T.);
#3226=EDGE_CURVE('',#4254,#4400,#5391,.T.);
#3227=EDGE_CURVE('',#4256,#4397,#5392,.T.);
#3228=EDGE_CURVE('',#4253,#4399,#5393,.T.);
#3229=EDGE_CURVE('',#4238,#4392,#5394,.T.);
#3230=EDGE_CURVE('',#4240,#4389,#5395,.T.);
#3231=EDGE_CURVE('',#4237,#4391,#5396,.T.);
#3232=EDGE_CURVE('',#4222,#4384,#5397,.T.);
#3233=EDGE_CURVE('',#4224,#4381,#5398,.T.);
#3234=EDGE_CURVE('',#4221,#4383,#5399,.T.);
#3235=EDGE_CURVE('',#4282,#4376,#5400,.T.);
#3236=EDGE_CURVE('',#4284,#4373,#5401,.T.);
#3237=EDGE_CURVE('',#4281,#4375,#5402,.T.);
#3238=EDGE_CURVE('',#4271,#4406,#5403,.T.);
#3239=EDGE_CURVE('',#4255,#4398,#5404,.T.);
#3240=EDGE_CURVE('',#4239,#4390,#5405,.T.);
#3241=EDGE_CURVE('',#4223,#4382,#5406,.T.);
#3242=EDGE_CURVE('',#4283,#4374,#5407,.T.);
#3243=EDGE_CURVE('',#4276,#4401,#5408,.T.);
#3244=EDGE_CURVE('',#4278,#4402,#5409,.T.);
#3245=EDGE_CURVE('',#4275,#4404,#5410,.T.);
#3246=EDGE_CURVE('',#4262,#4393,#5411,.T.);
#3247=EDGE_CURVE('',#4264,#4394,#5412,.T.);
#3248=EDGE_CURVE('',#4261,#4396,#5413,.T.);
#3249=EDGE_CURVE('',#4246,#4385,#5414,.T.);
#3250=EDGE_CURVE('',#4248,#4386,#5415,.T.);
#3251=EDGE_CURVE('',#4245,#4388,#5416,.T.);
#3252=EDGE_CURVE('',#4230,#4377,#5417,.T.);
#3253=EDGE_CURVE('',#4232,#4378,#5418,.T.);
#3254=EDGE_CURVE('',#4229,#4380,#5419,.T.);
#3255=EDGE_CURVE('',#4288,#4369,#5420,.T.);
#3256=EDGE_CURVE('',#4290,#4370,#5421,.T.);
#3257=EDGE_CURVE('',#4287,#4372,#5422,.T.);
#3258=EDGE_CURVE('',#4277,#4403,#5423,.T.);
#3259=EDGE_CURVE('',#4263,#4395,#5424,.T.);
#3260=EDGE_CURVE('',#4247,#4387,#5425,.T.);
#3261=EDGE_CURVE('',#4231,#4379,#5426,.T.);
#3262=EDGE_CURVE('',#4289,#4371,#5427,.T.);
#3263=EDGE_CURVE('',#4439,#4440,#5428,.T.);
#3264=EDGE_CURVE('',#4439,#4441,#5429,.T.);
#3265=EDGE_CURVE('',#4441,#4442,#5430,.T.);
#3266=EDGE_CURVE('',#4442,#4440,#5431,.T.);
#3267=EDGE_CURVE('',#4443,#4444,#5432,.T.);
#3268=EDGE_CURVE('',#4444,#4445,#5433,.T.);
#3269=EDGE_CURVE('',#4445,#4410,#5434,.T.);
#3270=EDGE_CURVE('',#4446,#4409,#5435,.T.);
#3271=EDGE_CURVE('',#4446,#4447,#5436,.T.);
#3272=EDGE_CURVE('',#4448,#4447,#5437,.T.);
#3273=EDGE_CURVE('',#4448,#4449,#5438,.T.);
#3274=EDGE_CURVE('',#4415,#4449,#5439,.T.);
#3275=EDGE_CURVE('',#4416,#4450,#5440,.T.);
#3276=EDGE_CURVE('',#4450,#4443,#5441,.T.);
#3277=EDGE_CURVE('',#4451,#4452,#5442,.T.);
#3278=EDGE_CURVE('',#4451,#4453,#5443,.T.);
#3279=EDGE_CURVE('',#4453,#4454,#5444,.T.);
#3280=EDGE_CURVE('',#4452,#4454,#5445,.T.);
#3281=EDGE_CURVE('',#4455,#4368,#5446,.T.);
#3282=EDGE_CURVE('',#4455,#4456,#5447,.T.);
#3283=EDGE_CURVE('',#4456,#4457,#5448,.T.);
#3284=EDGE_CURVE('',#4458,#4457,#5449,.T.);
#3285=EDGE_CURVE('',#4421,#4458,#5450,.T.);
#3286=EDGE_CURVE('',#4419,#4459,#5451,.T.);
#3287=EDGE_CURVE('',#4460,#4459,#5452,.T.);
#3288=EDGE_CURVE('',#4461,#4460,#5453,.T.);
#3289=EDGE_CURVE('',#4461,#4462,#5454,.T.);
#3290=EDGE_CURVE('',#4462,#4365,#5455,.T.);
#3291=EDGE_CURVE('',#4458,#4463,#5456,.T.);
#3292=EDGE_CURVE('',#4463,#4464,#5457,.T.);
#3293=EDGE_CURVE('',#4464,#4455,#5458,.T.);
#3294=EDGE_CURVE('',#4422,#4367,#5459,.T.);
#3295=EDGE_CURVE('',#4445,#4465,#5460,.T.);
#3296=EDGE_CURVE('',#4465,#4466,#5461,.T.);
#3297=EDGE_CURVE('',#4466,#4450,#5462,.T.);
#3298=EDGE_CURVE('',#4418,#4411,#5463,.T.);
#3299=EDGE_CURVE('',#4467,#4468,#5464,.T.);
#3300=EDGE_CURVE('',#4446,#4467,#5465,.T.);
#3301=EDGE_CURVE('',#4417,#4412,#5466,.T.);
#3302=EDGE_CURVE('',#4468,#4449,#5467,.T.);
#3303=EDGE_CURVE('',#4469,#4470,#5468,.T.);
#3304=EDGE_CURVE('',#4459,#4469,#5469,.T.);
#3305=EDGE_CURVE('',#4420,#4366,#5470,.T.);
#3306=EDGE_CURVE('',#4470,#4462,#5471,.T.);
#3307=EDGE_CURVE('',#4413,#4362,#5472,.T.);
#3308=EDGE_CURVE('',#4414,#4363,#5473,.T.);
#3309=EDGE_CURVE('',#4471,#4451,#5474,.T.);
#3310=EDGE_CURVE('',#4452,#4471,#5475,.T.);
#3311=EDGE_CURVE('',#4472,#4453,#5476,.T.);
#3312=EDGE_CURVE('',#4454,#4472,#5477,.T.);
#3313=EDGE_CURVE('',#4471,#4472,#5478,.T.);
#3314=EDGE_CURVE('',#4442,#4473,#5479,.T.);
#3315=EDGE_CURVE('',#4474,#4473,#5480,.T.);
#3316=EDGE_CURVE('',#4440,#4474,#5481,.T.);
#3317=EDGE_CURVE('',#4474,#4439,#5482,.T.);
#3318=EDGE_CURVE('',#4473,#4441,#5483,.T.);
#3319=EDGE_CURVE('',#4475,#4461,#5484,.T.);
#3320=EDGE_CURVE('',#4460,#4476,#5485,.T.);
#3321=EDGE_CURVE('',#4476,#4475,#5486,.T.);
#3322=EDGE_CURVE('',#4476,#4469,#5487,.T.);
#3323=EDGE_CURVE('',#4475,#4470,#5488,.T.);
#3324=EDGE_CURVE('',#4477,#4467,#5489,.T.);
#3325=EDGE_CURVE('',#4447,#4477,#5490,.T.);
#3326=EDGE_CURVE('',#4478,#4448,#5491,.T.);
#3327=EDGE_CURVE('',#4477,#4478,#5492,.T.);
#3328=EDGE_CURVE('',#4478,#4468,#5493,.T.);
#3329=EDGE_CURVE('',#4479,#4443,#5494,.T.);
#3330=EDGE_CURVE('',#4466,#4479,#5495,.T.);
#3331=EDGE_CURVE('',#4480,#4479,#5496,.T.);
#3332=EDGE_CURVE('',#4465,#4480,#5497,.T.);
#3333=EDGE_CURVE('',#4444,#4480,#5498,.T.);
#3334=EDGE_CURVE('',#4464,#4481,#5499,.T.);
#3335=EDGE_CURVE('',#4481,#4456,#5500,.T.);
#3336=EDGE_CURVE('',#4482,#4481,#5501,.T.);
#3337=EDGE_CURVE('',#4457,#4482,#5502,.T.);
#3338=EDGE_CURVE('',#4463,#4482,#5503,.T.);
#3339=EDGE_CURVE('',#4483,#4361,#5504,.T.);
#3340=EDGE_CURVE('',#4195,#4483,#5505,.T.);
#3341=EDGE_CURVE('',#4364,#4483,#5506,.T.);
#3342=EDGE_CURVE('',#4484,#4353,#5507,.T.);
#3343=EDGE_CURVE('',#4345,#4353,#5508,.T.);
#3344=EDGE_CURVE('',#4485,#4345,#5509,.T.);
#3345=EDGE_CURVE('',#4485,#4484,#5510,.T.);
#3346=EDGE_CURVE('',#4347,#4355,#5511,.T.);
#3347=EDGE_CURVE('',#4355,#4484,#5512,.T.);
#3348=EDGE_CURVE('',#4347,#4485,#5513,.T.);
#3349=EDGE_CURVE('',#4486,#4183,#5514,.T.);
#3350=EDGE_CURVE('',#4487,#4486,#5515,.T.);
#3351=EDGE_CURVE('',#4487,#4182,#5516,.T.);
#3352=EDGE_CURVE('',#4488,#4185,#5517,.T.);
#3353=EDGE_CURVE('',#4486,#4488,#5518,.T.);
#3354=EDGE_CURVE('',#4489,#4184,#5519,.T.);
#3355=EDGE_CURVE('',#4488,#4489,#5520,.T.);
#3356=EDGE_CURVE('',#4489,#4487,#5521,.T.);
#3357=EDGE_CURVE('',#4490,#4167,#5522,.T.);
#3358=EDGE_CURVE('',#4491,#4490,#5523,.T.);
#3359=EDGE_CURVE('',#4491,#4166,#5524,.T.);
#3360=EDGE_CURVE('',#4492,#4177,#5525,.T.);
#3361=EDGE_CURVE('',#4490,#4492,#5526,.T.);
#3362=EDGE_CURVE('',#4493,#4176,#5527,.T.);
#3363=EDGE_CURVE('',#4492,#4493,#5528,.T.);
#3364=EDGE_CURVE('',#4494,#4175,#5529,.T.);
#3365=EDGE_CURVE('',#4493,#4494,#5530,.T.);
#3366=EDGE_CURVE('',#4495,#4174,#5531,.T.);
#3367=EDGE_CURVE('',#4494,#4495,#5532,.T.);
#3368=EDGE_CURVE('',#4496,#4173,#5533,.T.);
#3369=EDGE_CURVE('',#4495,#4496,#5534,.T.);
#3370=EDGE_CURVE('',#4497,#4172,#5535,.T.);
#3371=EDGE_CURVE('',#4496,#4497,#5536,.T.);
#3372=EDGE_CURVE('',#4498,#4171,#5537,.T.);
#3373=EDGE_CURVE('',#4497,#4498,#5538,.T.);
#3374=EDGE_CURVE('',#4499,#4170,#5539,.T.);
#3375=EDGE_CURVE('',#4498,#4499,#5540,.T.);
#3376=EDGE_CURVE('',#4500,#4169,#5541,.T.);
#3377=EDGE_CURVE('',#4499,#4500,#5542,.T.);
#3378=EDGE_CURVE('',#4501,#4168,#5543,.T.);
#3379=EDGE_CURVE('',#4500,#4501,#5544,.T.);
#3380=EDGE_CURVE('',#4501,#4491,#5545,.T.);
#3381=EDGE_CURVE('',#4502,#4187,#5546,.T.);
#3382=EDGE_CURVE('',#4503,#4502,#5547,.T.);
#3383=EDGE_CURVE('',#4503,#4186,#5548,.T.);
#3384=EDGE_CURVE('',#4504,#4189,#5549,.T.);
#3385=EDGE_CURVE('',#4502,#4504,#5550,.T.);
#3386=EDGE_CURVE('',#4505,#4188,#5551,.T.);
#3387=EDGE_CURVE('',#4504,#4505,#5552,.T.);
#3388=EDGE_CURVE('',#4505,#4503,#5553,.T.);
#3389=EDGE_CURVE('',#4506,#4507,#5554,.T.);
#3390=EDGE_CURVE('',#4506,#4508,#5555,.F.);
#3391=EDGE_CURVE('',#4509,#4508,#5556,.T.);
#3392=EDGE_CURVE('',#4509,#4507,#5557,.T.);
#3393=EDGE_CURVE('',#4510,#4511,#5558,.T.);
#3394=EDGE_CURVE('',#4510,#4512,#5559,.F.);
#3395=EDGE_CURVE('',#4512,#4513,#5560,.T.);
#3396=EDGE_CURVE('',#4513,#4511,#5561,.T.);
#3397=EDGE_CURVE('',#4514,#4515,#5562,.T.);
#3398=EDGE_CURVE('',#4515,#4516,#5563,.T.);
#3399=EDGE_CURVE('',#4517,#4516,#5564,.T.);
#3400=EDGE_CURVE('',#4518,#4517,#5565,.T.);
#3401=EDGE_CURVE('',#4519,#4518,#5566,.T.);
#3402=EDGE_CURVE('',#4519,#4520,#5567,.T.);
#3403=EDGE_CURVE('',#4521,#4520,#5568,.T.);
#3404=EDGE_CURVE('',#4514,#4521,#5569,.T.);
#3405=EDGE_CURVE('',#4522,#4523,#5570,.T.);
#3406=EDGE_CURVE('',#4522,#4524,#5571,.F.);
#3407=EDGE_CURVE('',#4525,#4524,#5572,.T.);
#3408=EDGE_CURVE('',#4525,#4523,#5573,.T.);
#3409=EDGE_CURVE('',#4526,#4527,#5574,.T.);
#3410=EDGE_CURVE('',#4526,#4528,#5575,.F.);
#3411=EDGE_CURVE('',#4528,#4529,#5576,.T.);
#3412=EDGE_CURVE('',#4529,#4527,#5577,.T.);
#3413=EDGE_CURVE('',#4530,#4531,#5578,.T.);
#3414=EDGE_CURVE('',#4530,#4532,#5579,.F.);
#3415=EDGE_CURVE('',#4533,#4532,#5580,.T.);
#3416=EDGE_CURVE('',#4533,#4531,#5581,.T.);
#3417=EDGE_CURVE('',#4534,#4535,#5582,.T.);
#3418=EDGE_CURVE('',#4534,#4536,#5583,.F.);
#3419=EDGE_CURVE('',#4536,#4537,#5584,.T.);
#3420=EDGE_CURVE('',#4537,#4535,#5585,.T.);
#3421=EDGE_CURVE('',#4538,#4539,#5586,.T.);
#3422=EDGE_CURVE('',#4538,#4540,#5587,.F.);
#3423=EDGE_CURVE('',#4541,#4540,#5588,.T.);
#3424=EDGE_CURVE('',#4541,#4539,#5589,.T.);
#3425=EDGE_CURVE('',#4542,#4543,#5590,.T.);
#3426=EDGE_CURVE('',#4542,#4544,#5591,.F.);
#3427=EDGE_CURVE('',#4544,#4545,#5592,.T.);
#3428=EDGE_CURVE('',#4545,#4543,#5593,.T.);
#3429=EDGE_CURVE('',#4546,#4547,#5594,.T.);
#3430=EDGE_CURVE('',#4546,#4548,#5595,.F.);
#3431=EDGE_CURVE('',#4549,#4548,#5596,.T.);
#3432=EDGE_CURVE('',#4549,#4547,#5597,.T.);
#3433=EDGE_CURVE('',#4550,#4551,#5598,.T.);
#3434=EDGE_CURVE('',#4550,#4552,#5599,.F.);
#3435=EDGE_CURVE('',#4552,#4553,#5600,.T.);
#3436=EDGE_CURVE('',#4553,#4551,#5601,.T.);
#3437=EDGE_CURVE('',#4554,#4555,#5602,.T.);
#3438=EDGE_CURVE('',#4554,#4556,#5603,.F.);
#3439=EDGE_CURVE('',#4557,#4556,#5604,.T.);
#3440=EDGE_CURVE('',#4557,#4555,#5605,.T.);
#3441=EDGE_CURVE('',#4558,#4559,#5606,.T.);
#3442=EDGE_CURVE('',#4558,#4560,#5607,.F.);
#3443=EDGE_CURVE('',#4560,#4561,#5608,.T.);
#3444=EDGE_CURVE('',#4561,#4559,#5609,.T.);
#3445=EDGE_CURVE('',#4562,#4563,#5610,.T.);
#3446=EDGE_CURVE('',#4562,#4564,#5611,.F.);
#3447=EDGE_CURVE('',#4565,#4564,#5612,.T.);
#3448=EDGE_CURVE('',#4565,#4563,#5613,.T.);
#3449=EDGE_CURVE('',#4566,#4567,#5614,.T.);
#3450=EDGE_CURVE('',#4566,#4568,#5615,.F.);
#3451=EDGE_CURVE('',#4568,#4569,#5616,.T.);
#3452=EDGE_CURVE('',#4569,#4567,#5617,.T.);
#3453=EDGE_CURVE('',#4570,#4571,#5618,.T.);
#3454=EDGE_CURVE('',#4570,#4572,#5619,.F.);
#3455=EDGE_CURVE('',#4573,#4572,#5620,.T.);
#3456=EDGE_CURVE('',#4573,#4571,#5621,.T.);
#3457=EDGE_CURVE('',#4574,#4575,#5622,.T.);
#3458=EDGE_CURVE('',#4574,#4576,#5623,.F.);
#3459=EDGE_CURVE('',#4576,#4577,#5624,.T.);
#3460=EDGE_CURVE('',#4577,#4575,#5625,.T.);
#3461=EDGE_CURVE('',#4578,#4579,#5626,.T.);
#3462=EDGE_CURVE('',#4578,#4580,#5627,.F.);
#3463=EDGE_CURVE('',#4581,#4580,#5628,.T.);
#3464=EDGE_CURVE('',#4581,#4579,#5629,.T.);
#3465=EDGE_CURVE('',#4582,#4583,#5630,.T.);
#3466=EDGE_CURVE('',#4582,#4584,#5631,.F.);
#3467=EDGE_CURVE('',#4584,#4585,#5632,.T.);
#3468=EDGE_CURVE('',#4585,#4583,#5633,.T.);
#3469=EDGE_CURVE('',#4586,#4587,#5634,.T.);
#3470=EDGE_CURVE('',#4586,#4588,#5635,.F.);
#3471=EDGE_CURVE('',#4589,#4588,#5636,.T.);
#3472=EDGE_CURVE('',#4590,#4589,#5637,.T.);
#3473=EDGE_CURVE('',#4591,#4590,#5638,.T.);
#3474=EDGE_CURVE('',#4591,#4592,#5639,.F.);
#3475=EDGE_CURVE('',#4592,#4593,#5640,.T.);
#3476=EDGE_CURVE('',#4593,#4587,#5641,.T.);
#3477=EDGE_CURVE('',#4594,#4595,#5642,.T.);
#3478=EDGE_CURVE('',#4595,#4596,#5643,.T.);
#3479=EDGE_CURVE('',#4597,#4596,#5644,.T.);
#3480=EDGE_CURVE('',#4597,#4594,#5645,.T.);
#3481=EDGE_CURVE('',#4598,#4599,#5646,.T.);
#3482=EDGE_CURVE('',#4599,#4600,#5647,.F.);
#3483=EDGE_CURVE('',#4601,#4600,#5648,.T.);
#3484=EDGE_CURVE('',#4601,#4598,#5649,.T.);
#3485=EDGE_CURVE('',#4602,#4603,#5650,.T.);
#3486=EDGE_CURVE('',#4603,#4604,#5651,.F.);
#3487=EDGE_CURVE('',#4605,#4604,#5652,.T.);
#3488=EDGE_CURVE('',#4605,#4602,#5653,.T.);
#3489=EDGE_CURVE('',#4606,#4607,#5654,.T.);
#3490=EDGE_CURVE('',#4607,#4608,#5655,.F.);
#3491=EDGE_CURVE('',#4609,#4608,#5656,.T.);
#3492=EDGE_CURVE('',#4609,#4606,#5657,.T.);
#3493=EDGE_CURVE('',#4610,#4611,#5658,.T.);
#3494=EDGE_CURVE('',#4611,#4612,#5659,.F.);
#3495=EDGE_CURVE('',#4613,#4612,#5660,.T.);
#3496=EDGE_CURVE('',#4613,#4610,#5661,.T.);
#3497=EDGE_CURVE('',#4614,#4615,#5662,.T.);
#3498=EDGE_CURVE('',#4615,#4616,#5663,.F.);
#3499=EDGE_CURVE('',#4617,#4616,#5664,.T.);
#3500=EDGE_CURVE('',#4617,#4614,#5665,.T.);
#3501=EDGE_CURVE('',#4618,#4619,#5666,.T.);
#3502=EDGE_CURVE('',#4619,#4620,#5667,.F.);
#3503=EDGE_CURVE('',#4621,#4620,#5668,.T.);
#3504=EDGE_CURVE('',#4621,#4618,#5669,.T.);
#3505=EDGE_CURVE('',#4622,#4623,#5670,.T.);
#3506=EDGE_CURVE('',#4623,#4624,#5671,.F.);
#3507=EDGE_CURVE('',#4625,#4624,#5672,.T.);
#3508=EDGE_CURVE('',#4625,#4622,#5673,.T.);
#3509=EDGE_CURVE('',#4508,#4519,#61,.F.);
#3510=EDGE_CURVE('',#4518,#4626,#5674,.T.);
#3511=EDGE_CURVE('',#4627,#4626,#5675,.T.);
#3512=EDGE_CURVE('',#4589,#4627,#5676,.T.);
#3513=EDGE_CURVE('',#4588,#4581,#62,.F.);
#3514=EDGE_CURVE('',#4580,#4573,#63,.F.);
#3515=EDGE_CURVE('',#4572,#4565,#64,.F.);
#3516=EDGE_CURVE('',#4564,#4557,#65,.F.);
#3517=EDGE_CURVE('',#4556,#4549,#66,.F.);
#3518=EDGE_CURVE('',#4548,#4541,#67,.F.);
#3519=EDGE_CURVE('',#4540,#4533,#68,.F.);
#3520=EDGE_CURVE('',#4532,#4525,#69,.F.);
#3521=EDGE_CURVE('',#4524,#4509,#70,.F.);
#3522=EDGE_CURVE('',#4628,#4629,#71,.F.);
#3523=EDGE_CURVE('',#4629,#4595,#5677,.T.);
#3524=EDGE_CURVE('',#4594,#4630,#5678,.T.);
#3525=EDGE_CURVE('',#4630,#4631,#5679,.T.);
#3526=EDGE_CURVE('',#4631,#4628,#72,.F.);
#3527=EDGE_CURVE('',#4632,#4633,#73,.F.);
#3528=EDGE_CURVE('',#4633,#4603,#74,.F.);
#3529=EDGE_CURVE('',#4602,#4634,#5680,.T.);
#3530=EDGE_CURVE('',#4634,#4635,#5681,.T.);
#3531=EDGE_CURVE('',#4635,#4632,#75,.F.);
#3532=EDGE_CURVE('',#4636,#4637,#76,.F.);
#3533=EDGE_CURVE('',#4637,#4611,#77,.F.);
#3534=EDGE_CURVE('',#4610,#4638,#5682,.T.);
#3535=EDGE_CURVE('',#4638,#4639,#5683,.T.);
#3536=EDGE_CURVE('',#4639,#4636,#78,.F.);
#3537=EDGE_CURVE('',#4640,#4641,#79,.F.);
#3538=EDGE_CURVE('',#4641,#4619,#80,.F.);
#3539=EDGE_CURVE('',#4618,#4642,#5684,.T.);
#3540=EDGE_CURVE('',#4642,#4643,#5685,.T.);
#3541=EDGE_CURVE('',#4643,#4640,#81,.F.);
#3542=EDGE_CURVE('',#4644,#4645,#5686,.T.);
#3543=EDGE_CURVE('',#4645,#4646,#5687,.F.);
#3544=EDGE_CURVE('',#4647,#4646,#5688,.T.);
#3545=EDGE_CURVE('',#4647,#4644,#5689,.T.);
#3546=EDGE_CURVE('',#4648,#4649,#5690,.T.);
#3547=EDGE_CURVE('',#4649,#4650,#5691,.F.);
#3548=EDGE_CURVE('',#4651,#4650,#5692,.T.);
#3549=EDGE_CURVE('',#4651,#4648,#5693,.T.);
#3550=EDGE_CURVE('',#4516,#4510,#82,.F.);
#3551=EDGE_CURVE('',#4511,#4526,#83,.F.);
#3552=EDGE_CURVE('',#4527,#4534,#84,.F.);
#3553=EDGE_CURVE('',#4535,#4542,#85,.F.);
#3554=EDGE_CURVE('',#4543,#4550,#86,.F.);
#3555=EDGE_CURVE('',#4551,#4558,#87,.F.);
#3556=EDGE_CURVE('',#4559,#4566,#88,.F.);
#3557=EDGE_CURVE('',#4567,#4574,#89,.F.);
#3558=EDGE_CURVE('',#4575,#4582,#90,.F.);
#3559=EDGE_CURVE('',#4583,#4591,#91,.F.);
#3560=EDGE_CURVE('',#4590,#4652,#5694,.T.);
#3561=EDGE_CURVE('',#4653,#4652,#5695,.T.);
#3562=EDGE_CURVE('',#4517,#4653,#5696,.T.);
#3563=EDGE_CURVE('',#4600,#4654,#92,.F.);
#3564=EDGE_CURVE('',#4654,#4655,#93,.F.);
#3565=EDGE_CURVE('',#4655,#4656,#94,.F.);
#3566=EDGE_CURVE('',#4657,#4656,#5697,.T.);
#3567=EDGE_CURVE('',#4657,#4601,#5698,.T.);
#3568=EDGE_CURVE('',#4608,#4658,#95,.F.);
#3569=EDGE_CURVE('',#4658,#4659,#96,.F.);
#3570=EDGE_CURVE('',#4659,#4660,#97,.F.);
#3571=EDGE_CURVE('',#4661,#4660,#5699,.T.);
#3572=EDGE_CURVE('',#4661,#4609,#5700,.T.);
#3573=EDGE_CURVE('',#4616,#4662,#98,.F.);
#3574=EDGE_CURVE('',#4662,#4663,#99,.F.);
#3575=EDGE_CURVE('',#4663,#4664,#100,.F.);
#3576=EDGE_CURVE('',#4665,#4664,#5701,.T.);
#3577=EDGE_CURVE('',#4665,#4617,#5702,.T.);
#3578=EDGE_CURVE('',#4624,#4666,#101,.F.);
#3579=EDGE_CURVE('',#4666,#4667,#102,.F.);
#3580=EDGE_CURVE('',#4667,#4668,#103,.F.);
#3581=EDGE_CURVE('',#4669,#4668,#5703,.T.);
#3582=EDGE_CURVE('',#4669,#4625,#5704,.T.);
#3583=EDGE_CURVE('',#4670,#4671,#5705,.T.);
#3584=EDGE_CURVE('',#4671,#4631,#5706,.T.);
#3585=EDGE_CURVE('',#4630,#4670,#5707,.T.);
#3586=EDGE_CURVE('',#4656,#4672,#5708,.T.);
#3587=EDGE_CURVE('',#4673,#4672,#5709,.T.);
#3588=EDGE_CURVE('',#4673,#4657,#5710,.T.);
#3589=EDGE_CURVE('',#4674,#4675,#5711,.T.);
#3590=EDGE_CURVE('',#4675,#4635,#5712,.T.);
#3591=EDGE_CURVE('',#4634,#4674,#5713,.T.);
#3592=EDGE_CURVE('',#4660,#4676,#5714,.T.);
#3593=EDGE_CURVE('',#4677,#4676,#5715,.T.);
#3594=EDGE_CURVE('',#4677,#4661,#5716,.T.);
#3595=EDGE_CURVE('',#4678,#4679,#5717,.T.);
#3596=EDGE_CURVE('',#4679,#4639,#5718,.T.);
#3597=EDGE_CURVE('',#4638,#4678,#5719,.T.);
#3598=EDGE_CURVE('',#4664,#4680,#5720,.T.);
#3599=EDGE_CURVE('',#4681,#4680,#5721,.T.);
#3600=EDGE_CURVE('',#4681,#4665,#5722,.T.);
#3601=EDGE_CURVE('',#4682,#4683,#5723,.T.);
#3602=EDGE_CURVE('',#4683,#4643,#5724,.T.);
#3603=EDGE_CURVE('',#4642,#4682,#5725,.T.);
#3604=EDGE_CURVE('',#4668,#4684,#5726,.T.);
#3605=EDGE_CURVE('',#4685,#4684,#5727,.T.);
#3606=EDGE_CURVE('',#4685,#4669,#5728,.T.);
#3607=EDGE_CURVE('',#4686,#4687,#5729,.T.);
#3608=EDGE_CURVE('',#4687,#4688,#5730,.T.);
#3609=EDGE_CURVE('',#4689,#4688,#5731,.T.);
#3610=EDGE_CURVE('',#4689,#4686,#5732,.T.);
#3611=EDGE_CURVE('',#4690,#4691,#5733,.T.);
#3612=EDGE_CURVE('',#4691,#4692,#5734,.T.);
#3613=EDGE_CURVE('',#4693,#4692,#5735,.T.);
#3614=EDGE_CURVE('',#4693,#4690,#5736,.T.);
#3615=EDGE_CURVE('',#4626,#4653,#5737,.T.);
#3616=EDGE_CURVE('',#4652,#4627,#5738,.T.);
#3617=EDGE_CURVE('',#4694,#4695,#5739,.T.);
#3618=EDGE_CURVE('',#4694,#4696,#5740,.T.);
#3619=EDGE_CURVE('',#4696,#4697,#5741,.T.);
#3620=EDGE_CURVE('',#4695,#4697,#5742,.T.);
#3621=EDGE_CURVE('',#4698,#4699,#5743,.T.);
#3622=EDGE_CURVE('',#4700,#4698,#5744,.T.);
#3623=EDGE_CURVE('',#4701,#4700,#5745,.T.);
#3624=EDGE_CURVE('',#4699,#4701,#5746,.T.);
#3625=EDGE_CURVE('',#4702,#4703,#5747,.T.);
#3626=EDGE_CURVE('',#4704,#4702,#5748,.T.);
#3627=EDGE_CURVE('',#4704,#4705,#5749,.T.);
#3628=EDGE_CURVE('',#4705,#4703,#5750,.T.);
#3629=EDGE_CURVE('',#4706,#4699,#5751,.T.);
#3630=EDGE_CURVE('',#4707,#4706,#5752,.T.);
#3631=EDGE_CURVE('',#4707,#4698,#5753,.T.);
#3632=EDGE_CURVE('',#4515,#4512,#104,.F.);
#3633=EDGE_CURVE('',#4708,#4514,#5754,.T.);
#3634=EDGE_CURVE('',#4709,#4708,#5755,.T.);
#3635=EDGE_CURVE('',#4710,#4709,#105,.T.);
#3636=EDGE_CURVE('',#4711,#4710,#106,.T.);
#3637=EDGE_CURVE('',#4712,#4711,#107,.T.);
#3638=EDGE_CURVE('',#4713,#4712,#108,.T.);
#3639=EDGE_CURVE('',#4714,#4713,#109,.T.);
#3640=EDGE_CURVE('',#4715,#4714,#110,.T.);
#3641=EDGE_CURVE('',#4716,#4715,#111,.T.);
#3642=EDGE_CURVE('',#4717,#4716,#112,.T.);
#3643=EDGE_CURVE('',#4718,#4717,#113,.T.);
#3644=EDGE_CURVE('',#4719,#4718,#114,.T.);
#3645=EDGE_CURVE('',#4720,#4719,#5756,.T.);
#3646=EDGE_CURVE('',#4593,#4720,#5757,.T.);
#3647=EDGE_CURVE('',#4585,#4592,#115,.F.);
#3648=EDGE_CURVE('',#4577,#4584,#116,.F.);
#3649=EDGE_CURVE('',#4569,#4576,#117,.F.);
#3650=EDGE_CURVE('',#4561,#4568,#118,.F.);
#3651=EDGE_CURVE('',#4553,#4560,#119,.F.);
#3652=EDGE_CURVE('',#4545,#4552,#120,.F.);
#3653=EDGE_CURVE('',#4537,#4544,#121,.F.);
#3654=EDGE_CURVE('',#4529,#4536,#122,.F.);
#3655=EDGE_CURVE('',#4513,#4528,#123,.F.);
#3656=EDGE_CURVE('',#4721,#4701,#5758,.T.);
#3657=EDGE_CURVE('',#4706,#4721,#5759,.T.);
#3658=EDGE_CURVE('',#4722,#4700,#5760,.T.);
#3659=EDGE_CURVE('',#4721,#4722,#5761,.T.);
#3660=EDGE_CURVE('',#4596,#4723,#5762,.T.);
#3661=EDGE_CURVE('',#4723,#4724,#124,.F.);
#3662=EDGE_CURVE('',#4724,#4671,#125,.F.);
#3663=EDGE_CURVE('',#4670,#4597,#5763,.T.);
#3664=EDGE_CURVE('',#4725,#4726,#126,.F.);
#3665=EDGE_CURVE('',#4726,#4599,#127,.F.);
#3666=EDGE_CURVE('',#4598,#4673,#5764,.T.);
#3667=EDGE_CURVE('',#4672,#4725,#128,.F.);
#3668=EDGE_CURVE('',#4604,#4727,#129,.F.);
#3669=EDGE_CURVE('',#4727,#4728,#130,.F.);
#3670=EDGE_CURVE('',#4728,#4675,#131,.F.);
#3671=EDGE_CURVE('',#4674,#4605,#5765,.T.);
#3672=EDGE_CURVE('',#4729,#4730,#132,.F.);
#3673=EDGE_CURVE('',#4730,#4607,#133,.F.);
#3674=EDGE_CURVE('',#4606,#4677,#5766,.T.);
#3675=EDGE_CURVE('',#4676,#4729,#134,.F.);
#3676=EDGE_CURVE('',#4612,#4731,#135,.F.);
#3677=EDGE_CURVE('',#4731,#4732,#136,.F.);
#3678=EDGE_CURVE('',#4732,#4679,#137,.F.);
#3679=EDGE_CURVE('',#4678,#4613,#5767,.T.);
#3680=EDGE_CURVE('',#4733,#4734,#138,.F.);
#3681=EDGE_CURVE('',#4734,#4615,#139,.F.);
#3682=EDGE_CURVE('',#4614,#4681,#5768,.T.);
#3683=EDGE_CURVE('',#4680,#4733,#140,.F.);
#3684=EDGE_CURVE('',#4620,#4735,#141,.F.);
#3685=EDGE_CURVE('',#4735,#4736,#142,.F.);
#3686=EDGE_CURVE('',#4736,#4683,#143,.F.);
#3687=EDGE_CURVE('',#4682,#4621,#5769,.T.);
#3688=EDGE_CURVE('',#4737,#4738,#144,.F.);
#3689=EDGE_CURVE('',#4738,#4623,#145,.F.);
#3690=EDGE_CURVE('',#4622,#4685,#5770,.T.);
#3691=EDGE_CURVE('',#4684,#4737,#146,.F.);
#3692=EDGE_CURVE('',#4739,#4740,#147,.F.);
#3693=EDGE_CURVE('',#4740,#4645,#148,.F.);
#3694=EDGE_CURVE('',#4644,#4689,#5771,.T.);
#3695=EDGE_CURVE('',#4688,#4739,#149,.F.);
#3696=EDGE_CURVE('',#4646,#4741,#150,.F.);
#3697=EDGE_CURVE('',#4741,#4742,#151,.F.);
#3698=EDGE_CURVE('',#4742,#4687,#152,.F.);
#3699=EDGE_CURVE('',#4686,#4647,#5772,.T.);
#3700=EDGE_CURVE('',#4692,#4743,#5773,.T.);
#3701=EDGE_CURVE('',#4743,#4744,#153,.F.);
#3702=EDGE_CURVE('',#4744,#4649,#154,.F.);
#3703=EDGE_CURVE('',#4648,#4693,#5774,.T.);
#3704=EDGE_CURVE('',#4745,#4746,#155,.F.);
#3705=EDGE_CURVE('',#4746,#4691,#5775,.T.);
#3706=EDGE_CURVE('',#4690,#4651,#5776,.T.);
#3707=EDGE_CURVE('',#4650,#4745,#156,.F.);
#3708=EDGE_CURVE('',#4506,#4520,#157,.F.);
#3709=EDGE_CURVE('',#4522,#4507,#158,.F.);
#3710=EDGE_CURVE('',#4530,#4523,#159,.F.);
#3711=EDGE_CURVE('',#4538,#4531,#160,.F.);
#3712=EDGE_CURVE('',#4546,#4539,#161,.F.);
#3713=EDGE_CURVE('',#4554,#4547,#162,.F.);
#3714=EDGE_CURVE('',#4562,#4555,#163,.F.);
#3715=EDGE_CURVE('',#4570,#4563,#164,.F.);
#3716=EDGE_CURVE('',#4578,#4571,#165,.F.);
#3717=EDGE_CURVE('',#4586,#4579,#166,.F.);
#3718=EDGE_CURVE('',#4587,#4747,#5777,.T.);
#3719=EDGE_CURVE('',#4747,#4748,#5778,.T.);
#3720=EDGE_CURVE('',#4748,#4749,#167,.T.);
#3721=EDGE_CURVE('',#4749,#4750,#168,.T.);
#3722=EDGE_CURVE('',#4750,#4751,#169,.T.);
#3723=EDGE_CURVE('',#4751,#4752,#170,.T.);
#3724=EDGE_CURVE('',#4752,#4753,#171,.T.);
#3725=EDGE_CURVE('',#4753,#4754,#172,.T.);
#3726=EDGE_CURVE('',#4754,#4755,#173,.T.);
#3727=EDGE_CURVE('',#4755,#4756,#174,.T.);
#3728=EDGE_CURVE('',#4756,#4757,#175,.T.);
#3729=EDGE_CURVE('',#4757,#4758,#176,.T.);
#3730=EDGE_CURVE('',#4758,#4759,#5779,.T.);
#3731=EDGE_CURVE('',#4759,#4521,#5780,.T.);
#3732=EDGE_CURVE('',#4722,#4707,#5781,.T.);
#3733=EDGE_CURVE('',#4697,#4760,#5782,.T.);
#3734=EDGE_CURVE('',#4761,#4760,#5783,.T.);
#3735=EDGE_CURVE('',#4695,#4761,#5784,.T.);
#3736=EDGE_CURVE('',#4760,#4762,#5785,.T.);
#3737=EDGE_CURVE('',#4763,#4762,#5786,.T.);
#3738=EDGE_CURVE('',#4761,#4763,#5787,.T.);
#3739=EDGE_CURVE('',#4762,#4764,#5788,.T.);
#3740=EDGE_CURVE('',#4765,#4764,#5789,.T.);
#3741=EDGE_CURVE('',#4763,#4765,#5790,.T.);
#3742=EDGE_CURVE('',#4764,#4766,#5791,.T.);
#3743=EDGE_CURVE('',#4767,#4766,#5792,.T.);
#3744=EDGE_CURVE('',#4765,#4767,#5793,.T.);
#3745=EDGE_CURVE('',#4766,#4768,#5794,.T.);
#3746=EDGE_CURVE('',#4769,#4768,#5795,.T.);
#3747=EDGE_CURVE('',#4767,#4769,#5796,.T.);
#3748=EDGE_CURVE('',#4768,#4696,#5797,.T.);
#3749=EDGE_CURVE('',#4769,#4694,#5798,.T.);
#3750=EDGE_CURVE('',#4770,#4771,#5799,.T.);
#3751=EDGE_CURVE('',#4772,#4771,#5800,.T.);
#3752=EDGE_CURVE('',#4773,#4772,#5801,.T.);
#3753=EDGE_CURVE('',#4773,#4770,#5802,.T.);
#3754=EDGE_CURVE('',#4771,#4774,#5803,.T.);
#3755=EDGE_CURVE('',#4775,#4774,#5804,.T.);
#3756=EDGE_CURVE('',#4772,#4775,#5805,.T.);
#3757=EDGE_CURVE('',#4774,#4776,#5806,.T.);
#3758=EDGE_CURVE('',#4777,#4776,#5807,.T.);
#3759=EDGE_CURVE('',#4775,#4777,#5808,.T.);
#3760=EDGE_CURVE('',#4776,#4705,#5809,.T.);
#3761=EDGE_CURVE('',#4777,#4704,#5810,.T.);
#3762=EDGE_CURVE('',#4703,#4778,#5811,.T.);
#3763=EDGE_CURVE('',#4779,#4778,#5812,.T.);
#3764=EDGE_CURVE('',#4702,#4779,#5813,.T.);
#3765=EDGE_CURVE('',#4778,#4770,#5814,.T.);
#3766=EDGE_CURVE('',#4779,#4773,#5815,.T.);
#3767=EDGE_CURVE('',#4708,#4759,#5816,.T.);
#3768=EDGE_CURVE('',#4720,#4747,#5817,.T.);
#3769=EDGE_CURVE('',#4629,#4748,#5818,.T.);
#3770=EDGE_CURVE('',#4719,#4723,#5819,.T.);
#3771=EDGE_CURVE('',#4718,#4654,#5820,.T.);
#3772=EDGE_CURVE('',#4726,#4724,#5821,.T.);
#3773=EDGE_CURVE('',#4628,#4749,#5822,.T.);
#3774=EDGE_CURVE('',#4725,#4727,#5823,.T.);
#3775=EDGE_CURVE('',#4633,#4750,#5824,.T.);
#3776=EDGE_CURVE('',#4717,#4655,#5825,.T.);
#3777=EDGE_CURVE('',#4716,#4658,#5826,.T.);
#3778=EDGE_CURVE('',#4730,#4728,#5827,.T.);
#3779=EDGE_CURVE('',#4632,#4751,#5828,.T.);
#3780=EDGE_CURVE('',#4729,#4731,#5829,.T.);
#3781=EDGE_CURVE('',#4637,#4752,#5830,.T.);
#3782=EDGE_CURVE('',#4715,#4659,#5831,.T.);
#3783=EDGE_CURVE('',#4714,#4662,#5832,.T.);
#3784=EDGE_CURVE('',#4734,#4732,#5833,.T.);
#3785=EDGE_CURVE('',#4636,#4753,#5834,.T.);
#3786=EDGE_CURVE('',#4733,#4735,#5835,.T.);
#3787=EDGE_CURVE('',#4641,#4754,#5836,.T.);
#3788=EDGE_CURVE('',#4713,#4663,#5837,.T.);
#3789=EDGE_CURVE('',#4712,#4666,#5838,.T.);
#3790=EDGE_CURVE('',#4738,#4736,#5839,.T.);
#3791=EDGE_CURVE('',#4640,#4755,#5840,.T.);
#3792=EDGE_CURVE('',#4737,#4741,#5841,.T.);
#3793=EDGE_CURVE('',#4740,#4756,#5842,.T.);
#3794=EDGE_CURVE('',#4711,#4667,#5843,.T.);
#3795=EDGE_CURVE('',#4709,#4746,#5844,.T.);
#3796=EDGE_CURVE('',#4743,#4758,#5845,.T.);
#3797=EDGE_CURVE('',#4739,#4757,#5846,.T.);
#3798=EDGE_CURVE('',#4710,#4745,#5847,.T.);
#3799=EDGE_CURVE('',#4744,#4742,#5848,.T.);
#3800=EDGE_CURVE('',#4780,#4781,#5849,.T.);
#3801=EDGE_CURVE('',#4782,#4781,#5850,.T.);
#3802=EDGE_CURVE('',#4783,#4782,#5851,.T.);
#3803=EDGE_CURVE('',#4783,#4780,#5852,.T.);
#3804=EDGE_CURVE('',#4781,#4784,#177,.T.);
#3805=EDGE_CURVE('',#4785,#4784,#5853,.T.);
#3806=EDGE_CURVE('',#4782,#4785,#178,.T.);
#3807=EDGE_CURVE('',#4784,#4786,#5854,.T.);
#3808=EDGE_CURVE('',#4787,#4786,#5855,.T.);
#3809=EDGE_CURVE('',#4785,#4787,#5856,.T.);
#3810=EDGE_CURVE('',#4786,#4788,#179,.T.);
#3811=EDGE_CURVE('',#4789,#4788,#5857,.T.);
#3812=EDGE_CURVE('',#4787,#4789,#180,.T.);
#3813=EDGE_CURVE('',#4788,#4790,#5858,.T.);
#3814=EDGE_CURVE('',#4791,#4790,#5859,.T.);
#3815=EDGE_CURVE('',#4789,#4791,#5860,.T.);
#3816=EDGE_CURVE('',#4790,#4792,#181,.T.);
#3817=EDGE_CURVE('',#4793,#4792,#5861,.T.);
#3818=EDGE_CURVE('',#4791,#4793,#182,.T.);
#3819=EDGE_CURVE('',#4792,#4794,#5862,.T.);
#3820=EDGE_CURVE('',#4795,#4794,#5863,.T.);
#3821=EDGE_CURVE('',#4793,#4795,#5864,.T.);
#3822=EDGE_CURVE('',#4794,#4796,#183,.T.);
#3823=EDGE_CURVE('',#4797,#4796,#5865,.T.);
#3824=EDGE_CURVE('',#4795,#4797,#184,.T.);
#3825=EDGE_CURVE('',#4796,#4798,#5866,.T.);
#3826=EDGE_CURVE('',#4799,#4798,#5867,.T.);
#3827=EDGE_CURVE('',#4797,#4799,#5868,.T.);
#3828=EDGE_CURVE('',#4798,#4800,#185,.T.);
#3829=EDGE_CURVE('',#4801,#4800,#5869,.T.);
#3830=EDGE_CURVE('',#4799,#4801,#186,.T.);
#3831=EDGE_CURVE('',#4800,#4802,#5870,.T.);
#3832=EDGE_CURVE('',#4803,#4802,#5871,.T.);
#3833=EDGE_CURVE('',#4801,#4803,#5872,.T.);
#3834=EDGE_CURVE('',#4802,#4804,#187,.T.);
#3835=EDGE_CURVE('',#4805,#4804,#5873,.T.);
#3836=EDGE_CURVE('',#4803,#4805,#188,.T.);
#3837=EDGE_CURVE('',#4804,#4806,#5874,.T.);
#3838=EDGE_CURVE('',#4807,#4806,#5875,.T.);
#3839=EDGE_CURVE('',#4805,#4807,#5876,.T.);
#3840=EDGE_CURVE('',#4806,#4808,#189,.T.);
#3841=EDGE_CURVE('',#4809,#4808,#5877,.T.);
#3842=EDGE_CURVE('',#4807,#4809,#190,.T.);
#3843=EDGE_CURVE('',#4808,#4810,#5878,.T.);
#3844=EDGE_CURVE('',#4811,#4810,#5879,.T.);
#3845=EDGE_CURVE('',#4809,#4811,#5880,.T.);
#3846=EDGE_CURVE('',#4810,#4812,#191,.T.);
#3847=EDGE_CURVE('',#4813,#4812,#5881,.T.);
#3848=EDGE_CURVE('',#4811,#4813,#192,.T.);
#3849=EDGE_CURVE('',#4812,#4814,#5882,.T.);
#3850=EDGE_CURVE('',#4815,#4814,#5883,.T.);
#3851=EDGE_CURVE('',#4813,#4815,#5884,.T.);
#3852=EDGE_CURVE('',#4814,#4816,#193,.T.);
#3853=EDGE_CURVE('',#4817,#4816,#5885,.T.);
#3854=EDGE_CURVE('',#4815,#4817,#194,.T.);
#3855=EDGE_CURVE('',#4816,#4818,#5886,.T.);
#3856=EDGE_CURVE('',#4819,#4818,#5887,.T.);
#3857=EDGE_CURVE('',#4817,#4819,#5888,.T.);
#3858=EDGE_CURVE('',#4818,#4820,#195,.T.);
#3859=EDGE_CURVE('',#4821,#4820,#5889,.T.);
#3860=EDGE_CURVE('',#4819,#4821,#196,.T.);
#3861=EDGE_CURVE('',#4820,#4822,#5890,.T.);
#3862=EDGE_CURVE('',#4823,#4822,#5891,.T.);
#3863=EDGE_CURVE('',#4821,#4823,#5892,.T.);
#3864=EDGE_CURVE('',#4822,#4824,#197,.T.);
#3865=EDGE_CURVE('',#4825,#4824,#5893,.T.);
#3866=EDGE_CURVE('',#4823,#4825,#198,.T.);
#3867=EDGE_CURVE('',#4824,#4826,#5894,.T.);
#3868=EDGE_CURVE('',#4827,#4826,#5895,.T.);
#3869=EDGE_CURVE('',#4825,#4827,#5896,.T.);
#3870=EDGE_CURVE('',#4826,#4828,#199,.T.);
#3871=EDGE_CURVE('',#4829,#4828,#5897,.T.);
#3872=EDGE_CURVE('',#4827,#4829,#200,.T.);
#3873=EDGE_CURVE('',#4828,#4830,#5898,.T.);
#3874=EDGE_CURVE('',#4831,#4830,#5899,.T.);
#3875=EDGE_CURVE('',#4829,#4831,#5900,.T.);
#3876=EDGE_CURVE('',#4830,#4832,#201,.T.);
#3877=EDGE_CURVE('',#4833,#4832,#5901,.T.);
#3878=EDGE_CURVE('',#4831,#4833,#202,.T.);
#3879=EDGE_CURVE('',#4832,#4834,#5902,.T.);
#3880=EDGE_CURVE('',#4835,#4834,#5903,.T.);
#3881=EDGE_CURVE('',#4833,#4835,#5904,.T.);
#3882=EDGE_CURVE('',#4834,#4836,#203,.T.);
#3883=EDGE_CURVE('',#4837,#4836,#5905,.T.);
#3884=EDGE_CURVE('',#4835,#4837,#204,.T.);
#3885=EDGE_CURVE('',#4836,#4838,#5906,.T.);
#3886=EDGE_CURVE('',#4839,#4838,#5907,.T.);
#3887=EDGE_CURVE('',#4837,#4839,#5908,.T.);
#3888=EDGE_CURVE('',#4838,#4840,#205,.T.);
#3889=EDGE_CURVE('',#4841,#4840,#5909,.T.);
#3890=EDGE_CURVE('',#4839,#4841,#206,.T.);
#3891=EDGE_CURVE('',#4840,#4842,#5910,.T.);
#3892=EDGE_CURVE('',#4843,#4842,#5911,.T.);
#3893=EDGE_CURVE('',#4841,#4843,#5912,.T.);
#3894=EDGE_CURVE('',#4842,#4844,#207,.T.);
#3895=EDGE_CURVE('',#4845,#4844,#5913,.T.);
#3896=EDGE_CURVE('',#4843,#4845,#208,.T.);
#3897=EDGE_CURVE('',#4844,#4846,#5914,.T.);
#3898=EDGE_CURVE('',#4847,#4846,#5915,.T.);
#3899=EDGE_CURVE('',#4845,#4847,#5916,.T.);
#3900=EDGE_CURVE('',#4846,#4848,#209,.T.);
#3901=EDGE_CURVE('',#4849,#4848,#5917,.T.);
#3902=EDGE_CURVE('',#4847,#4849,#210,.T.);
#3903=EDGE_CURVE('',#4848,#4850,#5918,.T.);
#3904=EDGE_CURVE('',#4851,#4850,#5919,.T.);
#3905=EDGE_CURVE('',#4849,#4851,#5920,.T.);
#3906=EDGE_CURVE('',#4850,#4780,#211,.T.);
#3907=EDGE_CURVE('',#4851,#4783,#212,.T.);
#3908=EDGE_CURVE('',#4852,#4853,#5921,.T.);
#3909=EDGE_CURVE('',#4854,#4852,#5922,.T.);
#3910=EDGE_CURVE('',#4854,#4855,#5923,.T.);
#3911=EDGE_CURVE('',#4855,#4853,#5924,.T.);
#3912=EDGE_CURVE('',#4853,#4856,#5925,.T.);
#3913=EDGE_CURVE('',#4855,#4857,#5926,.T.);
#3914=EDGE_CURVE('',#4857,#4856,#5927,.T.);
#3915=EDGE_CURVE('',#4856,#4858,#5928,.T.);
#3916=EDGE_CURVE('',#4857,#4859,#5929,.T.);
#3917=EDGE_CURVE('',#4859,#4858,#5930,.T.);
#3918=EDGE_CURVE('',#4858,#4860,#5931,.T.);
#3919=EDGE_CURVE('',#4859,#4861,#5932,.T.);
#3920=EDGE_CURVE('',#4861,#4860,#5933,.T.);
#3921=EDGE_CURVE('',#4860,#4862,#5934,.T.);
#3922=EDGE_CURVE('',#4861,#4863,#5935,.T.);
#3923=EDGE_CURVE('',#4863,#4862,#5936,.T.);
#3924=EDGE_CURVE('',#4862,#4864,#5937,.T.);
#3925=EDGE_CURVE('',#4863,#4865,#5938,.T.);
#3926=EDGE_CURVE('',#4865,#4864,#5939,.T.);
#3927=EDGE_CURVE('',#4864,#4866,#5940,.T.);
#3928=EDGE_CURVE('',#4865,#4867,#5941,.T.);
#3929=EDGE_CURVE('',#4867,#4866,#5942,.T.);
#3930=EDGE_CURVE('',#4866,#4868,#5943,.T.);
#3931=EDGE_CURVE('',#4867,#4869,#5944,.T.);
#3932=EDGE_CURVE('',#4869,#4868,#5945,.T.);
#3933=EDGE_CURVE('',#4868,#4870,#5946,.T.);
#3934=EDGE_CURVE('',#4869,#4871,#5947,.T.);
#3935=EDGE_CURVE('',#4871,#4870,#5948,.T.);
#3936=EDGE_CURVE('',#4870,#4872,#5949,.T.);
#3937=EDGE_CURVE('',#4871,#4873,#5950,.T.);
#3938=EDGE_CURVE('',#4873,#4872,#5951,.T.);
#3939=EDGE_CURVE('',#4872,#4874,#5952,.T.);
#3940=EDGE_CURVE('',#4873,#4875,#5953,.T.);
#3941=EDGE_CURVE('',#4875,#4874,#5954,.T.);
#3942=EDGE_CURVE('',#4874,#4876,#5955,.T.);
#3943=EDGE_CURVE('',#4875,#4877,#5956,.T.);
#3944=EDGE_CURVE('',#4877,#4876,#5957,.T.);
#3945=EDGE_CURVE('',#4876,#4878,#5958,.T.);
#3946=EDGE_CURVE('',#4877,#4879,#5959,.T.);
#3947=EDGE_CURVE('',#4879,#4878,#5960,.T.);
#3948=EDGE_CURVE('',#4878,#4880,#5961,.T.);
#3949=EDGE_CURVE('',#4879,#4881,#5962,.T.);
#3950=EDGE_CURVE('',#4881,#4880,#5963,.T.);
#3951=EDGE_CURVE('',#4880,#4882,#5964,.T.);
#3952=EDGE_CURVE('',#4881,#4883,#5965,.T.);
#3953=EDGE_CURVE('',#4883,#4882,#5966,.T.);
#3954=EDGE_CURVE('',#4882,#4884,#5967,.T.);
#3955=EDGE_CURVE('',#4883,#4885,#5968,.T.);
#3956=EDGE_CURVE('',#4885,#4884,#5969,.T.);
#3957=EDGE_CURVE('',#4884,#4886,#5970,.T.);
#3958=EDGE_CURVE('',#4885,#4887,#5971,.T.);
#3959=EDGE_CURVE('',#4887,#4886,#5972,.T.);
#3960=EDGE_CURVE('',#4886,#4888,#5973,.T.);
#3961=EDGE_CURVE('',#4887,#4889,#5974,.T.);
#3962=EDGE_CURVE('',#4889,#4888,#5975,.T.);
#3963=EDGE_CURVE('',#4888,#4890,#5976,.T.);
#3964=EDGE_CURVE('',#4889,#4891,#5977,.T.);
#3965=EDGE_CURVE('',#4891,#4890,#5978,.T.);
#3966=EDGE_CURVE('',#4890,#4892,#5979,.T.);
#3967=EDGE_CURVE('',#4891,#4893,#5980,.T.);
#3968=EDGE_CURVE('',#4893,#4892,#5981,.T.);
#3969=EDGE_CURVE('',#4892,#4894,#5982,.T.);
#3970=EDGE_CURVE('',#4893,#4895,#5983,.T.);
#3971=EDGE_CURVE('',#4895,#4894,#5984,.T.);
#3972=EDGE_CURVE('',#4894,#4896,#5985,.T.);
#3973=EDGE_CURVE('',#4895,#4897,#5986,.T.);
#3974=EDGE_CURVE('',#4897,#4896,#5987,.T.);
#3975=EDGE_CURVE('',#4896,#4898,#5988,.T.);
#3976=EDGE_CURVE('',#4897,#4899,#5989,.T.);
#3977=EDGE_CURVE('',#4899,#4898,#5990,.T.);
#3978=EDGE_CURVE('',#4898,#4900,#5991,.T.);
#3979=EDGE_CURVE('',#4899,#4901,#5992,.T.);
#3980=EDGE_CURVE('',#4901,#4900,#5993,.T.);
#3981=EDGE_CURVE('',#4900,#4902,#5994,.T.);
#3982=EDGE_CURVE('',#4901,#4903,#5995,.T.);
#3983=EDGE_CURVE('',#4903,#4902,#5996,.T.);
#3984=EDGE_CURVE('',#4902,#4904,#5997,.T.);
#3985=EDGE_CURVE('',#4903,#4905,#5998,.T.);
#3986=EDGE_CURVE('',#4905,#4904,#5999,.T.);
#3987=EDGE_CURVE('',#4904,#4906,#6000,.T.);
#3988=EDGE_CURVE('',#4905,#4907,#6001,.T.);
#3989=EDGE_CURVE('',#4907,#4906,#6002,.T.);
#3990=EDGE_CURVE('',#4908,#4906,#213,.T.);
#3991=EDGE_CURVE('',#4909,#4907,#214,.T.);
#3992=EDGE_CURVE('',#4909,#4908,#6003,.T.);
#3993=EDGE_CURVE('',#4908,#4910,#6004,.T.);
#3994=EDGE_CURVE('',#4909,#4911,#6005,.T.);
#3995=EDGE_CURVE('',#4911,#4910,#6006,.T.);
#3996=EDGE_CURVE('',#4910,#4912,#6007,.T.);
#3997=EDGE_CURVE('',#4911,#4913,#6008,.T.);
#3998=EDGE_CURVE('',#4913,#4912,#6009,.T.);
#3999=EDGE_CURVE('',#4912,#4914,#6010,.T.);
#4000=EDGE_CURVE('',#4913,#4915,#6011,.T.);
#4001=EDGE_CURVE('',#4915,#4914,#6012,.T.);
#4002=EDGE_CURVE('',#4914,#4916,#6013,.T.);
#4003=EDGE_CURVE('',#4915,#4917,#6014,.T.);
#4004=EDGE_CURVE('',#4917,#4916,#6015,.T.);
#4005=EDGE_CURVE('',#4916,#4918,#6016,.T.);
#4006=EDGE_CURVE('',#4917,#4919,#6017,.T.);
#4007=EDGE_CURVE('',#4919,#4918,#6018,.T.);
#4008=EDGE_CURVE('',#4918,#4920,#6019,.T.);
#4009=EDGE_CURVE('',#4919,#4921,#6020,.T.);
#4010=EDGE_CURVE('',#4921,#4920,#6021,.T.);
#4011=EDGE_CURVE('',#4920,#4922,#6022,.T.);
#4012=EDGE_CURVE('',#4921,#4923,#6023,.T.);
#4013=EDGE_CURVE('',#4923,#4922,#6024,.T.);
#4014=EDGE_CURVE('',#4922,#4924,#6025,.T.);
#4015=EDGE_CURVE('',#4923,#4925,#6026,.T.);
#4016=EDGE_CURVE('',#4925,#4924,#6027,.T.);
#4017=EDGE_CURVE('',#4924,#4926,#6028,.T.);
#4018=EDGE_CURVE('',#4925,#4927,#6029,.T.);
#4019=EDGE_CURVE('',#4927,#4926,#6030,.T.);
#4020=EDGE_CURVE('',#4926,#4928,#6031,.T.);
#4021=EDGE_CURVE('',#4927,#4929,#6032,.T.);
#4022=EDGE_CURVE('',#4929,#4928,#6033,.T.);
#4023=EDGE_CURVE('',#4928,#4930,#6034,.T.);
#4024=EDGE_CURVE('',#4929,#4931,#6035,.T.);
#4025=EDGE_CURVE('',#4931,#4930,#6036,.T.);
#4026=EDGE_CURVE('',#4930,#4932,#6037,.T.);
#4027=EDGE_CURVE('',#4931,#4933,#6038,.T.);
#4028=EDGE_CURVE('',#4933,#4932,#6039,.T.);
#4029=EDGE_CURVE('',#4932,#4934,#6040,.T.);
#4030=EDGE_CURVE('',#4933,#4935,#6041,.T.);
#4031=EDGE_CURVE('',#4935,#4934,#6042,.T.);
#4032=EDGE_CURVE('',#4936,#4934,#215,.T.);
#4033=EDGE_CURVE('',#4937,#4935,#216,.T.);
#4034=EDGE_CURVE('',#4937,#4936,#6043,.T.);
#4035=EDGE_CURVE('',#4936,#4938,#6044,.T.);
#4036=EDGE_CURVE('',#4937,#4939,#6045,.T.);
#4037=EDGE_CURVE('',#4939,#4938,#6046,.T.);
#4038=EDGE_CURVE('',#4938,#4940,#6047,.T.);
#4039=EDGE_CURVE('',#4939,#4941,#6048,.T.);
#4040=EDGE_CURVE('',#4941,#4940,#6049,.T.);
#4041=EDGE_CURVE('',#4940,#4942,#6050,.T.);
#4042=EDGE_CURVE('',#4941,#4943,#6051,.T.);
#4043=EDGE_CURVE('',#4943,#4942,#6052,.T.);
#4044=EDGE_CURVE('',#4942,#4944,#6053,.T.);
#4045=EDGE_CURVE('',#4943,#4945,#6054,.T.);
#4046=EDGE_CURVE('',#4945,#4944,#6055,.T.);
#4047=EDGE_CURVE('',#4944,#4946,#6056,.T.);
#4048=EDGE_CURVE('',#4945,#4947,#6057,.T.);
#4049=EDGE_CURVE('',#4947,#4946,#6058,.T.);
#4050=EDGE_CURVE('',#4946,#4948,#6059,.T.);
#4051=EDGE_CURVE('',#4947,#4949,#6060,.T.);
#4052=EDGE_CURVE('',#4949,#4948,#6061,.T.);
#4053=EDGE_CURVE('',#4948,#4950,#6062,.T.);
#4054=EDGE_CURVE('',#4949,#4951,#6063,.T.);
#4055=EDGE_CURVE('',#4951,#4950,#6064,.T.);
#4056=EDGE_CURVE('',#4950,#4952,#6065,.T.);
#4057=EDGE_CURVE('',#4951,#4953,#6066,.T.);
#4058=EDGE_CURVE('',#4953,#4952,#6067,.T.);
#4059=EDGE_CURVE('',#4952,#4954,#6068,.T.);
#4060=EDGE_CURVE('',#4953,#4955,#6069,.T.);
#4061=EDGE_CURVE('',#4955,#4954,#6070,.T.);
#4062=EDGE_CURVE('',#4954,#4956,#6071,.T.);
#4063=EDGE_CURVE('',#4955,#4957,#6072,.T.);
#4064=EDGE_CURVE('',#4957,#4956,#6073,.T.);
#4065=EDGE_CURVE('',#4956,#4958,#6074,.T.);
#4066=EDGE_CURVE('',#4957,#4959,#6075,.T.);
#4067=EDGE_CURVE('',#4959,#4958,#6076,.T.);
#4068=EDGE_CURVE('',#4958,#4960,#6077,.T.);
#4069=EDGE_CURVE('',#4959,#4961,#6078,.T.);
#4070=EDGE_CURVE('',#4961,#4960,#6079,.T.);
#4071=EDGE_CURVE('',#4960,#4962,#6080,.T.);
#4072=EDGE_CURVE('',#4961,#4963,#6081,.T.);
#4073=EDGE_CURVE('',#4963,#4962,#6082,.T.);
#4074=EDGE_CURVE('',#4964,#4962,#217,.T.);
#4075=EDGE_CURVE('',#4965,#4963,#218,.T.);
#4076=EDGE_CURVE('',#4965,#4964,#6083,.T.);
#4077=EDGE_CURVE('',#4964,#4966,#6084,.T.);
#4078=EDGE_CURVE('',#4965,#4967,#6085,.T.);
#4079=EDGE_CURVE('',#4967,#4966,#6086,.T.);
#4080=EDGE_CURVE('',#4966,#4968,#6087,.T.);
#4081=EDGE_CURVE('',#4967,#4969,#6088,.T.);
#4082=EDGE_CURVE('',#4969,#4968,#6089,.T.);
#4083=EDGE_CURVE('',#4968,#4970,#6090,.T.);
#4084=EDGE_CURVE('',#4969,#4971,#6091,.T.);
#4085=EDGE_CURVE('',#4971,#4970,#6092,.T.);
#4086=EDGE_CURVE('',#4970,#4972,#6093,.T.);
#4087=EDGE_CURVE('',#4971,#4973,#6094,.T.);
#4088=EDGE_CURVE('',#4973,#4972,#6095,.T.);
#4089=EDGE_CURVE('',#4972,#4974,#6096,.T.);
#4090=EDGE_CURVE('',#4973,#4975,#6097,.T.);
#4091=EDGE_CURVE('',#4975,#4974,#6098,.T.);
#4092=EDGE_CURVE('',#4974,#4976,#6099,.T.);
#4093=EDGE_CURVE('',#4975,#4977,#6100,.T.);
#4094=EDGE_CURVE('',#4977,#4976,#6101,.T.);
#4095=EDGE_CURVE('',#4976,#4978,#6102,.T.);
#4096=EDGE_CURVE('',#4977,#4979,#6103,.T.);
#4097=EDGE_CURVE('',#4979,#4978,#6104,.T.);
#4098=EDGE_CURVE('',#4978,#4980,#6105,.T.);
#4099=EDGE_CURVE('',#4979,#4981,#6106,.T.);
#4100=EDGE_CURVE('',#4981,#4980,#6107,.T.);
#4101=EDGE_CURVE('',#4980,#4982,#6108,.T.);
#4102=EDGE_CURVE('',#4981,#4983,#6109,.T.);
#4103=EDGE_CURVE('',#4983,#4982,#6110,.T.);
#4104=EDGE_CURVE('',#4982,#4984,#6111,.T.);
#4105=EDGE_CURVE('',#4983,#4985,#6112,.T.);
#4106=EDGE_CURVE('',#4985,#4984,#6113,.T.);
#4107=EDGE_CURVE('',#4984,#4986,#6114,.T.);
#4108=EDGE_CURVE('',#4985,#4987,#6115,.T.);
#4109=EDGE_CURVE('',#4987,#4986,#6116,.T.);
#4110=EDGE_CURVE('',#4986,#4988,#6117,.T.);
#4111=EDGE_CURVE('',#4987,#4989,#6118,.T.);
#4112=EDGE_CURVE('',#4989,#4988,#6119,.T.);
#4113=EDGE_CURVE('',#4988,#4990,#6120,.T.);
#4114=EDGE_CURVE('',#4989,#4991,#6121,.T.);
#4115=EDGE_CURVE('',#4991,#4990,#6122,.T.);
#4116=EDGE_CURVE('',#4992,#4990,#219,.T.);
#4117=EDGE_CURVE('',#4993,#4991,#220,.T.);
#4118=EDGE_CURVE('',#4993,#4992,#6123,.T.);
#4119=EDGE_CURVE('',#4992,#4994,#6124,.T.);
#4120=EDGE_CURVE('',#4993,#4995,#6125,.T.);
#4121=EDGE_CURVE('',#4995,#4994,#6126,.T.);
#4122=EDGE_CURVE('',#4994,#4996,#6127,.T.);
#4123=EDGE_CURVE('',#4995,#4997,#6128,.T.);
#4124=EDGE_CURVE('',#4997,#4996,#6129,.T.);
#4125=EDGE_CURVE('',#4996,#4998,#6130,.T.);
#4126=EDGE_CURVE('',#4997,#4999,#6131,.T.);
#4127=EDGE_CURVE('',#4999,#4998,#6132,.T.);
#4128=EDGE_CURVE('',#4998,#5000,#6133,.T.);
#4129=EDGE_CURVE('',#4999,#5001,#6134,.T.);
#4130=EDGE_CURVE('',#5001,#5000,#6135,.T.);
#4131=EDGE_CURVE('',#5000,#5002,#6136,.T.);
#4132=EDGE_CURVE('',#5001,#5003,#6137,.T.);
#4133=EDGE_CURVE('',#5003,#5002,#6138,.T.);
#4134=EDGE_CURVE('',#5002,#5004,#6139,.T.);
#4135=EDGE_CURVE('',#5003,#5005,#6140,.T.);
#4136=EDGE_CURVE('',#5005,#5004,#6141,.T.);
#4137=EDGE_CURVE('',#5004,#5006,#6142,.T.);
#4138=EDGE_CURVE('',#5005,#5007,#6143,.T.);
#4139=EDGE_CURVE('',#5007,#5006,#6144,.T.);
#4140=EDGE_CURVE('',#5006,#5008,#6145,.T.);
#4141=EDGE_CURVE('',#5007,#5009,#6146,.T.);
#4142=EDGE_CURVE('',#5009,#5008,#6147,.T.);
#4143=EDGE_CURVE('',#5008,#5010,#6148,.T.);
#4144=EDGE_CURVE('',#5009,#5011,#6149,.T.);
#4145=EDGE_CURVE('',#5011,#5010,#6150,.T.);
#4146=EDGE_CURVE('',#5010,#5012,#6151,.T.);
#4147=EDGE_CURVE('',#5011,#5013,#6152,.T.);
#4148=EDGE_CURVE('',#5013,#5012,#6153,.T.);
#4149=EDGE_CURVE('',#5012,#5014,#6154,.T.);
#4150=EDGE_CURVE('',#5013,#5015,#6155,.T.);
#4151=EDGE_CURVE('',#5015,#5014,#6156,.T.);
#4152=EDGE_CURVE('',#5014,#5016,#6157,.T.);
#4153=EDGE_CURVE('',#5015,#5017,#6158,.T.);
#4154=EDGE_CURVE('',#5017,#5016,#6159,.T.);
#4155=EDGE_CURVE('',#5016,#5018,#6160,.T.);
#4156=EDGE_CURVE('',#5017,#5019,#6161,.T.);
#4157=EDGE_CURVE('',#5019,#5018,#6162,.T.);
#4158=EDGE_CURVE('',#5020,#5018,#221,.T.);
#4159=EDGE_CURVE('',#5021,#5019,#222,.T.);
#4160=EDGE_CURVE('',#5021,#5020,#6163,.T.);
#4161=EDGE_CURVE('',#5020,#5022,#6164,.T.);
#4162=EDGE_CURVE('',#5021,#5023,#6165,.T.);
#4163=EDGE_CURVE('',#5023,#5022,#6166,.T.);
#4164=EDGE_CURVE('',#5022,#4852,#6167,.T.);
#4165=EDGE_CURVE('',#5023,#4854,#6168,.T.);
#4166=VERTEX_POINT('',#12102);
#4167=VERTEX_POINT('',#12103);
#4168=VERTEX_POINT('',#12105);
#4169=VERTEX_POINT('',#12107);
#4170=VERTEX_POINT('',#12109);
#4171=VERTEX_POINT('',#12111);
#4172=VERTEX_POINT('',#12113);
#4173=VERTEX_POINT('',#12115);
#4174=VERTEX_POINT('',#12117);
#4175=VERTEX_POINT('',#12119);
#4176=VERTEX_POINT('',#12121);
#4177=VERTEX_POINT('',#12123);
#4178=VERTEX_POINT('',#12126);
#4179=VERTEX_POINT('',#12127);
#4180=VERTEX_POINT('',#12129);
#4181=VERTEX_POINT('',#12131);
#4182=VERTEX_POINT('',#12134);
#4183=VERTEX_POINT('',#12135);
#4184=VERTEX_POINT('',#12137);
#4185=VERTEX_POINT('',#12139);
#4186=VERTEX_POINT('',#12142);
#4187=VERTEX_POINT('',#12143);
#4188=VERTEX_POINT('',#12145);
#4189=VERTEX_POINT('',#12147);
#4190=VERTEX_POINT('',#12151);
#4191=VERTEX_POINT('',#12152);
#4192=VERTEX_POINT('',#12154);
#4193=VERTEX_POINT('',#12156);
#4194=VERTEX_POINT('',#12158);
#4195=VERTEX_POINT('',#12160);
#4196=VERTEX_POINT('',#12162);
#4197=VERTEX_POINT('',#12166);
#4198=VERTEX_POINT('',#12167);
#4199=VERTEX_POINT('',#12169);
#4200=VERTEX_POINT('',#12171);
#4201=VERTEX_POINT('',#12173);
#4202=VERTEX_POINT('',#12175);
#4203=VERTEX_POINT('',#12179);
#4204=VERTEX_POINT('',#12180);
#4205=VERTEX_POINT('',#12182);
#4206=VERTEX_POINT('',#12184);
#4207=VERTEX_POINT('',#12186);
#4208=VERTEX_POINT('',#12188);
#4209=VERTEX_POINT('',#12192);
#4210=VERTEX_POINT('',#12193);
#4211=VERTEX_POINT('',#12195);
#4212=VERTEX_POINT('',#12197);
#4213=VERTEX_POINT('',#12199);
#4214=VERTEX_POINT('',#12201);
#4215=VERTEX_POINT('',#12205);
#4216=VERTEX_POINT('',#12206);
#4217=VERTEX_POINT('',#12208);
#4218=VERTEX_POINT('',#12210);
#4219=VERTEX_POINT('',#12212);
#4220=VERTEX_POINT('',#12214);
#4221=VERTEX_POINT('',#12218);
#4222=VERTEX_POINT('',#12219);
#4223=VERTEX_POINT('',#12221);
#4224=VERTEX_POINT('',#12223);
#4225=VERTEX_POINT('',#12226);
#4226=VERTEX_POINT('',#12227);
#4227=VERTEX_POINT('',#12229);
#4228=VERTEX_POINT('',#12231);
#4229=VERTEX_POINT('',#12235);
#4230=VERTEX_POINT('',#12236);
#4231=VERTEX_POINT('',#12238);
#4232=VERTEX_POINT('',#12240);
#4233=VERTEX_POINT('',#12243);
#4234=VERTEX_POINT('',#12244);
#4235=VERTEX_POINT('',#12246);
#4236=VERTEX_POINT('',#12248);
#4237=VERTEX_POINT('',#12252);
#4238=VERTEX_POINT('',#12253);
#4239=VERTEX_POINT('',#12255);
#4240=VERTEX_POINT('',#12257);
#4241=VERTEX_POINT('',#12260);
#4242=VERTEX_POINT('',#12261);
#4243=VERTEX_POINT('',#12263);
#4244=VERTEX_POINT('',#12265);
#4245=VERTEX_POINT('',#12269);
#4246=VERTEX_POINT('',#12270);
#4247=VERTEX_POINT('',#12272);
#4248=VERTEX_POINT('',#12274);
#4249=VERTEX_POINT('',#12277);
#4250=VERTEX_POINT('',#12278);
#4251=VERTEX_POINT('',#12280);
#4252=VERTEX_POINT('',#12282);
#4253=VERTEX_POINT('',#12286);
#4254=VERTEX_POINT('',#12287);
#4255=VERTEX_POINT('',#12289);
#4256=VERTEX_POINT('',#12291);
#4257=VERTEX_POINT('',#12294);
#4258=VERTEX_POINT('',#12295);
#4259=VERTEX_POINT('',#12297);
#4260=VERTEX_POINT('',#12299);
#4261=VERTEX_POINT('',#12303);
#4262=VERTEX_POINT('',#12304);
#4263=VERTEX_POINT('',#12306);
#4264=VERTEX_POINT('',#12308);
#4265=VERTEX_POINT('',#12311);
#4266=VERTEX_POINT('',#12312);
#4267=VERTEX_POINT('',#12314);
#4268=VERTEX_POINT('',#12316);
#4269=VERTEX_POINT('',#12320);
#4270=VERTEX_POINT('',#12321);
#4271=VERTEX_POINT('',#12323);
#4272=VERTEX_POINT('',#12325);
#4273=VERTEX_POINT('',#12328);
#4274=VERTEX_POINT('',#12330);
#4275=VERTEX_POINT('',#12334);
#4276=VERTEX_POINT('',#12335);
#4277=VERTEX_POINT('',#12337);
#4278=VERTEX_POINT('',#12339);
#4279=VERTEX_POINT('',#12342);
#4280=VERTEX_POINT('',#12343);
#4281=VERTEX_POINT('',#12348);
#4282=VERTEX_POINT('',#12349);
#4283=VERTEX_POINT('',#12351);
#4284=VERTEX_POINT('',#12353);
#4285=VERTEX_POINT('',#12356);
#4286=VERTEX_POINT('',#12357);
#4287=VERTEX_POINT('',#12362);
#4288=VERTEX_POINT('',#12363);
#4289=VERTEX_POINT('',#12365);
#4290=VERTEX_POINT('',#12367);
#4291=VERTEX_POINT('',#12370);
#4292=VERTEX_POINT('',#12372);
#4293=VERTEX_POINT('',#12376);
#4294=VERTEX_POINT('',#12378);
#4295=VERTEX_POINT('',#12380);
#4296=VERTEX_POINT('',#12384);
#4297=VERTEX_POINT('',#12386);
#4298=VERTEX_POINT('',#12388);
#4299=VERTEX_POINT('',#12392);
#4300=VERTEX_POINT('',#12394);
#4301=VERTEX_POINT('',#12396);
#4302=VERTEX_POINT('',#12400);
#4303=VERTEX_POINT('',#12402);
#4304=VERTEX_POINT('',#12404);
#4305=VERTEX_POINT('',#12408);
#4306=VERTEX_POINT('',#12410);
#4307=VERTEX_POINT('',#12412);
#4308=VERTEX_POINT('',#12416);
#4309=VERTEX_POINT('',#12418);
#4310=VERTEX_POINT('',#12420);
#4311=VERTEX_POINT('',#12424);
#4312=VERTEX_POINT('',#12426);
#4313=VERTEX_POINT('',#12428);
#4314=VERTEX_POINT('',#12432);
#4315=VERTEX_POINT('',#12434);
#4316=VERTEX_POINT('',#12436);
#4317=VERTEX_POINT('',#12440);
#4318=VERTEX_POINT('',#12442);
#4319=VERTEX_POINT('',#12444);
#4320=VERTEX_POINT('',#12448);
#4321=VERTEX_POINT('',#12450);
#4322=VERTEX_POINT('',#12452);
#4323=VERTEX_POINT('',#12456);
#4324=VERTEX_POINT('',#12458);
#4325=VERTEX_POINT('',#12460);
#4326=VERTEX_POINT('',#12464);
#4327=VERTEX_POINT('',#12466);
#4328=VERTEX_POINT('',#12468);
#4329=VERTEX_POINT('',#12472);
#4330=VERTEX_POINT('',#12474);
#4331=VERTEX_POINT('',#12476);
#4332=VERTEX_POINT('',#12480);
#4333=VERTEX_POINT('',#12482);
#4334=VERTEX_POINT('',#12484);
#4335=VERTEX_POINT('',#12488);
#4336=VERTEX_POINT('',#12490);
#4337=VERTEX_POINT('',#12492);
#4338=VERTEX_POINT('',#12496);
#4339=VERTEX_POINT('',#12498);
#4340=VERTEX_POINT('',#12500);
#4341=VERTEX_POINT('',#12528);
#4342=VERTEX_POINT('',#12529);
#4343=VERTEX_POINT('',#12534);
#4344=VERTEX_POINT('',#12536);
#4345=VERTEX_POINT('',#12540);
#4346=VERTEX_POINT('',#12541);
#4347=VERTEX_POINT('',#12546);
#4348=VERTEX_POINT('',#12548);
#4349=VERTEX_POINT('',#12552);
#4350=VERTEX_POINT('',#12554);
#4351=VERTEX_POINT('',#12558);
#4352=VERTEX_POINT('',#12559);
#4353=VERTEX_POINT('',#12564);
#4354=VERTEX_POINT('',#12566);
#4355=VERTEX_POINT('',#12570);
#4356=VERTEX_POINT('',#12571);
#4357=VERTEX_POINT('',#12576);
#4358=VERTEX_POINT('',#12577);
#4359=VERTEX_POINT('',#12579);
#4360=VERTEX_POINT('',#12581);
#4361=VERTEX_POINT('',#12585);
#4362=VERTEX_POINT('',#12587);
#4363=VERTEX_POINT('',#12589);
#4364=VERTEX_POINT('',#12594);
#4365=VERTEX_POINT('',#12597);
#4366=VERTEX_POINT('',#12598);
#4367=VERTEX_POINT('',#12600);
#4368=VERTEX_POINT('',#12602);
#4369=VERTEX_POINT('',#12605);
#4370=VERTEX_POINT('',#12606);
#4371=VERTEX_POINT('',#12608);
#4372=VERTEX_POINT('',#12610);
#4373=VERTEX_POINT('',#12613);
#4374=VERTEX_POINT('',#12614);
#4375=VERTEX_POINT('',#12616);
#4376=VERTEX_POINT('',#12618);
#4377=VERTEX_POINT('',#12621);
#4378=VERTEX_POINT('',#12622);
#4379=VERTEX_POINT('',#12624);
#4380=VERTEX_POINT('',#12626);
#4381=VERTEX_POINT('',#12629);
#4382=VERTEX_POINT('',#12630);
#4383=VERTEX_POINT('',#12632);
#4384=VERTEX_POINT('',#12634);
#4385=VERTEX_POINT('',#12637);
#4386=VERTEX_POINT('',#12638);
#4387=VERTEX_POINT('',#12640);
#4388=VERTEX_POINT('',#12642);
#4389=VERTEX_POINT('',#12645);
#4390=VERTEX_POINT('',#12646);
#4391=VERTEX_POINT('',#12648);
#4392=VERTEX_POINT('',#12650);
#4393=VERTEX_POINT('',#12653);
#4394=VERTEX_POINT('',#12654);
#4395=VERTEX_POINT('',#12656);
#4396=VERTEX_POINT('',#12658);
#4397=VERTEX_POINT('',#12661);
#4398=VERTEX_POINT('',#12662);
#4399=VERTEX_POINT('',#12664);
#4400=VERTEX_POINT('',#12666);
#4401=VERTEX_POINT('',#12669);
#4402=VERTEX_POINT('',#12670);
#4403=VERTEX_POINT('',#12672);
#4404=VERTEX_POINT('',#12674);
#4405=VERTEX_POINT('',#12677);
#4406=VERTEX_POINT('',#12678);
#4407=VERTEX_POINT('',#12680);
#4408=VERTEX_POINT('',#12682);
#4409=VERTEX_POINT('',#12685);
#4410=VERTEX_POINT('',#12686);
#4411=VERTEX_POINT('',#12688);
#4412=VERTEX_POINT('',#12690);
#4413=VERTEX_POINT('',#12694);
#4414=VERTEX_POINT('',#12698);
#4415=VERTEX_POINT('',#12701);
#4416=VERTEX_POINT('',#12702);
#4417=VERTEX_POINT('',#12704);
#4418=VERTEX_POINT('',#12706);
#4419=VERTEX_POINT('',#12709);
#4420=VERTEX_POINT('',#12710);
#4421=VERTEX_POINT('',#12712);
#4422=VERTEX_POINT('',#12714);
#4423=VERTEX_POINT('',#12719);
#4424=VERTEX_POINT('',#12721);
#4425=VERTEX_POINT('',#12723);
#4426=VERTEX_POINT('',#12725);
#4427=VERTEX_POINT('',#12731);
#4428=VERTEX_POINT('',#12733);
#4429=VERTEX_POINT('',#12735);
#4430=VERTEX_POINT('',#12737);
#4431=VERTEX_POINT('',#12742);
#4432=VERTEX_POINT('',#12747);
#4433=VERTEX_POINT('',#12758);
#4434=VERTEX_POINT('',#12763);
#4435=VERTEX_POINT('',#12774);
#4436=VERTEX_POINT('',#12779);
#4437=VERTEX_POINT('',#12790);
#4438=VERTEX_POINT('',#12795);
#4439=VERTEX_POINT('',#12896);
#4440=VERTEX_POINT('',#12897);
#4441=VERTEX_POINT('',#12899);
#4442=VERTEX_POINT('',#12901);
#4443=VERTEX_POINT('',#12904);
#4444=VERTEX_POINT('',#12905);
#4445=VERTEX_POINT('',#12907);
#4446=VERTEX_POINT('',#12910);
#4447=VERTEX_POINT('',#12912);
#4448=VERTEX_POINT('',#12914);
#4449=VERTEX_POINT('',#12916);
#4450=VERTEX_POINT('',#12919);
#4451=VERTEX_POINT('',#12923);
#4452=VERTEX_POINT('',#12924);
#4453=VERTEX_POINT('',#12926);
#4454=VERTEX_POINT('',#12928);
#4455=VERTEX_POINT('',#12931);
#4456=VERTEX_POINT('',#12933);
#4457=VERTEX_POINT('',#12935);
#4458=VERTEX_POINT('',#12937);
#4459=VERTEX_POINT('',#12940);
#4460=VERTEX_POINT('',#12942);
#4461=VERTEX_POINT('',#12944);
#4462=VERTEX_POINT('',#12946);
#4463=VERTEX_POINT('',#12950);
#4464=VERTEX_POINT('',#12952);
#4465=VERTEX_POINT('',#12957);
#4466=VERTEX_POINT('',#12959);
#4467=VERTEX_POINT('',#12964);
#4468=VERTEX_POINT('',#12965);
#4469=VERTEX_POINT('',#12971);
#4470=VERTEX_POINT('',#12972);
#4471=VERTEX_POINT('',#12985);
#4472=VERTEX_POINT('',#12989);
#4473=VERTEX_POINT('',#12996);
#4474=VERTEX_POINT('',#12998);
#4475=VERTEX_POINT('',#13007);
#4476=VERTEX_POINT('',#13009);
#4477=VERTEX_POINT('',#13018);
#4478=VERTEX_POINT('',#13022);
#4479=VERTEX_POINT('',#13029);
#4480=VERTEX_POINT('',#13033);
#4481=VERTEX_POINT('',#13040);
#4482=VERTEX_POINT('',#13044);
#4483=VERTEX_POINT('',#13063);
#4484=VERTEX_POINT('',#13070);
#4485=VERTEX_POINT('',#13073);
#4486=VERTEX_POINT('',#13087);
#4487=VERTEX_POINT('',#13089);
#4488=VERTEX_POINT('',#13093);
#4489=VERTEX_POINT('',#13097);
#4490=VERTEX_POINT('',#13104);
#4491=VERTEX_POINT('',#13106);
#4492=VERTEX_POINT('',#13110);
#4493=VERTEX_POINT('',#13114);
#4494=VERTEX_POINT('',#13118);
#4495=VERTEX_POINT('',#13122);
#4496=VERTEX_POINT('',#13126);
#4497=VERTEX_POINT('',#13130);
#4498=VERTEX_POINT('',#13134);
#4499=VERTEX_POINT('',#13138);
#4500=VERTEX_POINT('',#13142);
#4501=VERTEX_POINT('',#13146);
#4502=VERTEX_POINT('',#13153);
#4503=VERTEX_POINT('',#13155);
#4504=VERTEX_POINT('',#13159);
#4505=VERTEX_POINT('',#13163);
#4506=VERTEX_POINT('',#13171);
#4507=VERTEX_POINT('',#13172);
#4508=VERTEX_POINT('',#13174);
#4509=VERTEX_POINT('',#13176);
#4510=VERTEX_POINT('',#13180);
#4511=VERTEX_POINT('',#13181);
#4512=VERTEX_POINT('',#13183);
#4513=VERTEX_POINT('',#13185);
#4514=VERTEX_POINT('',#13189);
#4515=VERTEX_POINT('',#13190);
#4516=VERTEX_POINT('',#13192);
#4517=VERTEX_POINT('',#13194);
#4518=VERTEX_POINT('',#13196);
#4519=VERTEX_POINT('',#13198);
#4520=VERTEX_POINT('',#13200);
#4521=VERTEX_POINT('',#13202);
#4522=VERTEX_POINT('',#13206);
#4523=VERTEX_POINT('',#13207);
#4524=VERTEX_POINT('',#13209);
#4525=VERTEX_POINT('',#13211);
#4526=VERTEX_POINT('',#13215);
#4527=VERTEX_POINT('',#13216);
#4528=VERTEX_POINT('',#13218);
#4529=VERTEX_POINT('',#13220);
#4530=VERTEX_POINT('',#13224);
#4531=VERTEX_POINT('',#13225);
#4532=VERTEX_POINT('',#13227);
#4533=VERTEX_POINT('',#13229);
#4534=VERTEX_POINT('',#13233);
#4535=VERTEX_POINT('',#13234);
#4536=VERTEX_POINT('',#13236);
#4537=VERTEX_POINT('',#13238);
#4538=VERTEX_POINT('',#13242);
#4539=VERTEX_POINT('',#13243);
#4540=VERTEX_POINT('',#13245);
#4541=VERTEX_POINT('',#13247);
#4542=VERTEX_POINT('',#13251);
#4543=VERTEX_POINT('',#13252);
#4544=VERTEX_POINT('',#13254);
#4545=VERTEX_POINT('',#13256);
#4546=VERTEX_POINT('',#13260);
#4547=VERTEX_POINT('',#13261);
#4548=VERTEX_POINT('',#13263);
#4549=VERTEX_POINT('',#13265);
#4550=VERTEX_POINT('',#13269);
#4551=VERTEX_POINT('',#13270);
#4552=VERTEX_POINT('',#13272);
#4553=VERTEX_POINT('',#13274);
#4554=VERTEX_POINT('',#13278);
#4555=VERTEX_POINT('',#13279);
#4556=VERTEX_POINT('',#13281);
#4557=VERTEX_POINT('',#13283);
#4558=VERTEX_POINT('',#13287);
#4559=VERTEX_POINT('',#13288);
#4560=VERTEX_POINT('',#13290);
#4561=VERTEX_POINT('',#13292);
#4562=VERTEX_POINT('',#13296);
#4563=VERTEX_POINT('',#13297);
#4564=VERTEX_POINT('',#13299);
#4565=VERTEX_POINT('',#13301);
#4566=VERTEX_POINT('',#13305);
#4567=VERTEX_POINT('',#13306);
#4568=VERTEX_POINT('',#13308);
#4569=VERTEX_POINT('',#13310);
#4570=VERTEX_POINT('',#13314);
#4571=VERTEX_POINT('',#13315);
#4572=VERTEX_POINT('',#13317);
#4573=VERTEX_POINT('',#13319);
#4574=VERTEX_POINT('',#13323);
#4575=VERTEX_POINT('',#13324);
#4576=VERTEX_POINT('',#13326);
#4577=VERTEX_POINT('',#13328);
#4578=VERTEX_POINT('',#13332);
#4579=VERTEX_POINT('',#13333);
#4580=VERTEX_POINT('',#13335);
#4581=VERTEX_POINT('',#13337);
#4582=VERTEX_POINT('',#13341);
#4583=VERTEX_POINT('',#13342);
#4584=VERTEX_POINT('',#13344);
#4585=VERTEX_POINT('',#13346);
#4586=VERTEX_POINT('',#13350);
#4587=VERTEX_POINT('',#13351);
#4588=VERTEX_POINT('',#13353);
#4589=VERTEX_POINT('',#13355);
#4590=VERTEX_POINT('',#13357);
#4591=VERTEX_POINT('',#13359);
#4592=VERTEX_POINT('',#13361);
#4593=VERTEX_POINT('',#13363);
#4594=VERTEX_POINT('',#13367);
#4595=VERTEX_POINT('',#13368);
#4596=VERTEX_POINT('',#13370);
#4597=VERTEX_POINT('',#13372);
#4598=VERTEX_POINT('',#13376);
#4599=VERTEX_POINT('',#13377);
#4600=VERTEX_POINT('',#13379);
#4601=VERTEX_POINT('',#13381);
#4602=VERTEX_POINT('',#13385);
#4603=VERTEX_POINT('',#13386);
#4604=VERTEX_POINT('',#13388);
#4605=VERTEX_POINT('',#13390);
#4606=VERTEX_POINT('',#13394);
#4607=VERTEX_POINT('',#13395);
#4608=VERTEX_POINT('',#13397);
#4609=VERTEX_POINT('',#13399);
#4610=VERTEX_POINT('',#13403);
#4611=VERTEX_POINT('',#13404);
#4612=VERTEX_POINT('',#13406);
#4613=VERTEX_POINT('',#13408);
#4614=VERTEX_POINT('',#13412);
#4615=VERTEX_POINT('',#13413);
#4616=VERTEX_POINT('',#13415);
#4617=VERTEX_POINT('',#13417);
#4618=VERTEX_POINT('',#13421);
#4619=VERTEX_POINT('',#13422);
#4620=VERTEX_POINT('',#13424);
#4621=VERTEX_POINT('',#13426);
#4622=VERTEX_POINT('',#13430);
#4623=VERTEX_POINT('',#13431);
#4624=VERTEX_POINT('',#13433);
#4625=VERTEX_POINT('',#13435);
#4626=VERTEX_POINT('',#13440);
#4627=VERTEX_POINT('',#13442);
#4628=VERTEX_POINT('',#13455);
#4629=VERTEX_POINT('',#13456);
#4630=VERTEX_POINT('',#13459);
#4631=VERTEX_POINT('',#13461);
#4632=VERTEX_POINT('',#13465);
#4633=VERTEX_POINT('',#13466);
#4634=VERTEX_POINT('',#13469);
#4635=VERTEX_POINT('',#13471);
#4636=VERTEX_POINT('',#13475);
#4637=VERTEX_POINT('',#13476);
#4638=VERTEX_POINT('',#13479);
#4639=VERTEX_POINT('',#13481);
#4640=VERTEX_POINT('',#13485);
#4641=VERTEX_POINT('',#13486);
#4642=VERTEX_POINT('',#13489);
#4643=VERTEX_POINT('',#13491);
#4644=VERTEX_POINT('',#13495);
#4645=VERTEX_POINT('',#13496);
#4646=VERTEX_POINT('',#13498);
#4647=VERTEX_POINT('',#13500);
#4648=VERTEX_POINT('',#13504);
#4649=VERTEX_POINT('',#13505);
#4650=VERTEX_POINT('',#13507);
#4651=VERTEX_POINT('',#13509);
#4652=VERTEX_POINT('',#13523);
#4653=VERTEX_POINT('',#13525);
#4654=VERTEX_POINT('',#13529);
#4655=VERTEX_POINT('',#13531);
#4656=VERTEX_POINT('',#13533);
#4657=VERTEX_POINT('',#13535);
#4658=VERTEX_POINT('',#13539);
#4659=VERTEX_POINT('',#13541);
#4660=VERTEX_POINT('',#13543);
#4661=VERTEX_POINT('',#13545);
#4662=VERTEX_POINT('',#13549);
#4663=VERTEX_POINT('',#13551);
#4664=VERTEX_POINT('',#13553);
#4665=VERTEX_POINT('',#13555);
#4666=VERTEX_POINT('',#13559);
#4667=VERTEX_POINT('',#13561);
#4668=VERTEX_POINT('',#13563);
#4669=VERTEX_POINT('',#13565);
#4670=VERTEX_POINT('',#13569);
#4671=VERTEX_POINT('',#13570);
#4672=VERTEX_POINT('',#13575);
#4673=VERTEX_POINT('',#13577);
#4674=VERTEX_POINT('',#13581);
#4675=VERTEX_POINT('',#13582);
#4676=VERTEX_POINT('',#13587);
#4677=VERTEX_POINT('',#13589);
#4678=VERTEX_POINT('',#13593);
#4679=VERTEX_POINT('',#13594);
#4680=VERTEX_POINT('',#13599);
#4681=VERTEX_POINT('',#13601);
#4682=VERTEX_POINT('',#13605);
#4683=VERTEX_POINT('',#13606);
#4684=VERTEX_POINT('',#13611);
#4685=VERTEX_POINT('',#13613);
#4686=VERTEX_POINT('',#13617);
#4687=VERTEX_POINT('',#13618);
#4688=VERTEX_POINT('',#13620);
#4689=VERTEX_POINT('',#13622);
#4690=VERTEX_POINT('',#13626);
#4691=VERTEX_POINT('',#13627);
#4692=VERTEX_POINT('',#13629);
#4693=VERTEX_POINT('',#13631);
#4694=VERTEX_POINT('',#13639);
#4695=VERTEX_POINT('',#13640);
#4696=VERTEX_POINT('',#13642);
#4697=VERTEX_POINT('',#13644);
#4698=VERTEX_POINT('',#13647);
#4699=VERTEX_POINT('',#13648);
#4700=VERTEX_POINT('',#13650);
#4701=VERTEX_POINT('',#13652);
#4702=VERTEX_POINT('',#13655);
#4703=VERTEX_POINT('',#13656);
#4704=VERTEX_POINT('',#13658);
#4705=VERTEX_POINT('',#13660);
#4706=VERTEX_POINT('',#13664);
#4707=VERTEX_POINT('',#13666);
#4708=VERTEX_POINT('',#13671);
#4709=VERTEX_POINT('',#13673);
#4710=VERTEX_POINT('',#13675);
#4711=VERTEX_POINT('',#13677);
#4712=VERTEX_POINT('',#13679);
#4713=VERTEX_POINT('',#13681);
#4714=VERTEX_POINT('',#13683);
#4715=VERTEX_POINT('',#13685);
#4716=VERTEX_POINT('',#13687);
#4717=VERTEX_POINT('',#13689);
#4718=VERTEX_POINT('',#13691);
#4719=VERTEX_POINT('',#13693);
#4720=VERTEX_POINT('',#13695);
#4721=VERTEX_POINT('',#13707);
#4722=VERTEX_POINT('',#13711);
#4723=VERTEX_POINT('',#13715);
#4724=VERTEX_POINT('',#13717);
#4725=VERTEX_POINT('',#13722);
#4726=VERTEX_POINT('',#13723);
#4727=VERTEX_POINT('',#13729);
#4728=VERTEX_POINT('',#13731);
#4729=VERTEX_POINT('',#13736);
#4730=VERTEX_POINT('',#13737);
#4731=VERTEX_POINT('',#13743);
#4732=VERTEX_POINT('',#13745);
#4733=VERTEX_POINT('',#13750);
#4734=VERTEX_POINT('',#13751);
#4735=VERTEX_POINT('',#13757);
#4736=VERTEX_POINT('',#13759);
#4737=VERTEX_POINT('',#13764);
#4738=VERTEX_POINT('',#13765);
#4739=VERTEX_POINT('',#13771);
#4740=VERTEX_POINT('',#13772);
#4741=VERTEX_POINT('',#13778);
#4742=VERTEX_POINT('',#13780);
#4743=VERTEX_POINT('',#13785);
#4744=VERTEX_POINT('',#13787);
#4745=VERTEX_POINT('',#13792);
#4746=VERTEX_POINT('',#13793);
#4747=VERTEX_POINT('',#13809);
#4748=VERTEX_POINT('',#13811);
#4749=VERTEX_POINT('',#13813);
#4750=VERTEX_POINT('',#13815);
#4751=VERTEX_POINT('',#13817);
#4752=VERTEX_POINT('',#13819);
#4753=VERTEX_POINT('',#13821);
#4754=VERTEX_POINT('',#13823);
#4755=VERTEX_POINT('',#13825);
#4756=VERTEX_POINT('',#13827);
#4757=VERTEX_POINT('',#13829);
#4758=VERTEX_POINT('',#13831);
#4759=VERTEX_POINT('',#13833);
#4760=VERTEX_POINT('',#13839);
#4761=VERTEX_POINT('',#13841);
#4762=VERTEX_POINT('',#13845);
#4763=VERTEX_POINT('',#13847);
#4764=VERTEX_POINT('',#13851);
#4765=VERTEX_POINT('',#13853);
#4766=VERTEX_POINT('',#13857);
#4767=VERTEX_POINT('',#13859);
#4768=VERTEX_POINT('',#13863);
#4769=VERTEX_POINT('',#13865);
#4770=VERTEX_POINT('',#13874);
#4771=VERTEX_POINT('',#13875);
#4772=VERTEX_POINT('',#13877);
#4773=VERTEX_POINT('',#13879);
#4774=VERTEX_POINT('',#13883);
#4775=VERTEX_POINT('',#13885);
#4776=VERTEX_POINT('',#13889);
#4777=VERTEX_POINT('',#13891);
#4778=VERTEX_POINT('',#13898);
#4779=VERTEX_POINT('',#13900);
#4780=VERTEX_POINT('',#13966);
#4781=VERTEX_POINT('',#13967);
#4782=VERTEX_POINT('',#13969);
#4783=VERTEX_POINT('',#13971);
#4784=VERTEX_POINT('',#13975);
#4785=VERTEX_POINT('',#13977);
#4786=VERTEX_POINT('',#13981);
#4787=VERTEX_POINT('',#13983);
#4788=VERTEX_POINT('',#13987);
#4789=VERTEX_POINT('',#13989);
#4790=VERTEX_POINT('',#13993);
#4791=VERTEX_POINT('',#13995);
#4792=VERTEX_POINT('',#13999);
#4793=VERTEX_POINT('',#14001);
#4794=VERTEX_POINT('',#14005);
#4795=VERTEX_POINT('',#14007);
#4796=VERTEX_POINT('',#14011);
#4797=VERTEX_POINT('',#14013);
#4798=VERTEX_POINT('',#14017);
#4799=VERTEX_POINT('',#14019);
#4800=VERTEX_POINT('',#14023);
#4801=VERTEX_POINT('',#14025);
#4802=VERTEX_POINT('',#14029);
#4803=VERTEX_POINT('',#14031);
#4804=VERTEX_POINT('',#14035);
#4805=VERTEX_POINT('',#14037);
#4806=VERTEX_POINT('',#14041);
#4807=VERTEX_POINT('',#14043);
#4808=VERTEX_POINT('',#14047);
#4809=VERTEX_POINT('',#14049);
#4810=VERTEX_POINT('',#14053);
#4811=VERTEX_POINT('',#14055);
#4812=VERTEX_POINT('',#14059);
#4813=VERTEX_POINT('',#14061);
#4814=VERTEX_POINT('',#14065);
#4815=VERTEX_POINT('',#14067);
#4816=VERTEX_POINT('',#14071);
#4817=VERTEX_POINT('',#14073);
#4818=VERTEX_POINT('',#14077);
#4819=VERTEX_POINT('',#14079);
#4820=VERTEX_POINT('',#14083);
#4821=VERTEX_POINT('',#14085);
#4822=VERTEX_POINT('',#14089);
#4823=VERTEX_POINT('',#14091);
#4824=VERTEX_POINT('',#14095);
#4825=VERTEX_POINT('',#14097);
#4826=VERTEX_POINT('',#14101);
#4827=VERTEX_POINT('',#14103);
#4828=VERTEX_POINT('',#14107);
#4829=VERTEX_POINT('',#14109);
#4830=VERTEX_POINT('',#14113);
#4831=VERTEX_POINT('',#14115);
#4832=VERTEX_POINT('',#14119);
#4833=VERTEX_POINT('',#14121);
#4834=VERTEX_POINT('',#14125);
#4835=VERTEX_POINT('',#14127);
#4836=VERTEX_POINT('',#14131);
#4837=VERTEX_POINT('',#14133);
#4838=VERTEX_POINT('',#14137);
#4839=VERTEX_POINT('',#14139);
#4840=VERTEX_POINT('',#14143);
#4841=VERTEX_POINT('',#14145);
#4842=VERTEX_POINT('',#14149);
#4843=VERTEX_POINT('',#14151);
#4844=VERTEX_POINT('',#14155);
#4845=VERTEX_POINT('',#14157);
#4846=VERTEX_POINT('',#14161);
#4847=VERTEX_POINT('',#14163);
#4848=VERTEX_POINT('',#14167);
#4849=VERTEX_POINT('',#14169);
#4850=VERTEX_POINT('',#14173);
#4851=VERTEX_POINT('',#14175);
#4852=VERTEX_POINT('',#14185);
#4853=VERTEX_POINT('',#14186);
#4854=VERTEX_POINT('',#14188);
#4855=VERTEX_POINT('',#14190);
#4856=VERTEX_POINT('',#14194);
#4857=VERTEX_POINT('',#14196);
#4858=VERTEX_POINT('',#14200);
#4859=VERTEX_POINT('',#14202);
#4860=VERTEX_POINT('',#14206);
#4861=VERTEX_POINT('',#14208);
#4862=VERTEX_POINT('',#14212);
#4863=VERTEX_POINT('',#14214);
#4864=VERTEX_POINT('',#14218);
#4865=VERTEX_POINT('',#14220);
#4866=VERTEX_POINT('',#14224);
#4867=VERTEX_POINT('',#14226);
#4868=VERTEX_POINT('',#14230);
#4869=VERTEX_POINT('',#14232);
#4870=VERTEX_POINT('',#14236);
#4871=VERTEX_POINT('',#14238);
#4872=VERTEX_POINT('',#14242);
#4873=VERTEX_POINT('',#14244);
#4874=VERTEX_POINT('',#14248);
#4875=VERTEX_POINT('',#14250);
#4876=VERTEX_POINT('',#14254);
#4877=VERTEX_POINT('',#14256);
#4878=VERTEX_POINT('',#14260);
#4879=VERTEX_POINT('',#14262);
#4880=VERTEX_POINT('',#14266);
#4881=VERTEX_POINT('',#14268);
#4882=VERTEX_POINT('',#14272);
#4883=VERTEX_POINT('',#14274);
#4884=VERTEX_POINT('',#14278);
#4885=VERTEX_POINT('',#14280);
#4886=VERTEX_POINT('',#14284);
#4887=VERTEX_POINT('',#14286);
#4888=VERTEX_POINT('',#14290);
#4889=VERTEX_POINT('',#14292);
#4890=VERTEX_POINT('',#14296);
#4891=VERTEX_POINT('',#14298);
#4892=VERTEX_POINT('',#14302);
#4893=VERTEX_POINT('',#14304);
#4894=VERTEX_POINT('',#14308);
#4895=VERTEX_POINT('',#14310);
#4896=VERTEX_POINT('',#14314);
#4897=VERTEX_POINT('',#14316);
#4898=VERTEX_POINT('',#14320);
#4899=VERTEX_POINT('',#14322);
#4900=VERTEX_POINT('',#14326);
#4901=VERTEX_POINT('',#14328);
#4902=VERTEX_POINT('',#14332);
#4903=VERTEX_POINT('',#14334);
#4904=VERTEX_POINT('',#14338);
#4905=VERTEX_POINT('',#14340);
#4906=VERTEX_POINT('',#14344);
#4907=VERTEX_POINT('',#14346);
#4908=VERTEX_POINT('',#14350);
#4909=VERTEX_POINT('',#14352);
#4910=VERTEX_POINT('',#14356);
#4911=VERTEX_POINT('',#14358);
#4912=VERTEX_POINT('',#14362);
#4913=VERTEX_POINT('',#14364);
#4914=VERTEX_POINT('',#14368);
#4915=VERTEX_POINT('',#14370);
#4916=VERTEX_POINT('',#14374);
#4917=VERTEX_POINT('',#14376);
#4918=VERTEX_POINT('',#14380);
#4919=VERTEX_POINT('',#14382);
#4920=VERTEX_POINT('',#14386);
#4921=VERTEX_POINT('',#14388);
#4922=VERTEX_POINT('',#14392);
#4923=VERTEX_POINT('',#14394);
#4924=VERTEX_POINT('',#14398);
#4925=VERTEX_POINT('',#14400);
#4926=VERTEX_POINT('',#14404);
#4927=VERTEX_POINT('',#14406);
#4928=VERTEX_POINT('',#14410);
#4929=VERTEX_POINT('',#14412);
#4930=VERTEX_POINT('',#14416);
#4931=VERTEX_POINT('',#14418);
#4932=VERTEX_POINT('',#14422);
#4933=VERTEX_POINT('',#14424);
#4934=VERTEX_POINT('',#14428);
#4935=VERTEX_POINT('',#14430);
#4936=VERTEX_POINT('',#14434);
#4937=VERTEX_POINT('',#14436);
#4938=VERTEX_POINT('',#14440);
#4939=VERTEX_POINT('',#14442);
#4940=VERTEX_POINT('',#14446);
#4941=VERTEX_POINT('',#14448);
#4942=VERTEX_POINT('',#14452);
#4943=VERTEX_POINT('',#14454);
#4944=VERTEX_POINT('',#14458);
#4945=VERTEX_POINT('',#14460);
#4946=VERTEX_POINT('',#14464);
#4947=VERTEX_POINT('',#14466);
#4948=VERTEX_POINT('',#14470);
#4949=VERTEX_POINT('',#14472);
#4950=VERTEX_POINT('',#14476);
#4951=VERTEX_POINT('',#14478);
#4952=VERTEX_POINT('',#14482);
#4953=VERTEX_POINT('',#14484);
#4954=VERTEX_POINT('',#14488);
#4955=VERTEX_POINT('',#14490);
#4956=VERTEX_POINT('',#14494);
#4957=VERTEX_POINT('',#14496);
#4958=VERTEX_POINT('',#14500);
#4959=VERTEX_POINT('',#14502);
#4960=VERTEX_POINT('',#14506);
#4961=VERTEX_POINT('',#14508);
#4962=VERTEX_POINT('',#14512);
#4963=VERTEX_POINT('',#14514);
#4964=VERTEX_POINT('',#14518);
#4965=VERTEX_POINT('',#14520);
#4966=VERTEX_POINT('',#14524);
#4967=VERTEX_POINT('',#14526);
#4968=VERTEX_POINT('',#14530);
#4969=VERTEX_POINT('',#14532);
#4970=VERTEX_POINT('',#14536);
#4971=VERTEX_POINT('',#14538);
#4972=VERTEX_POINT('',#14542);
#4973=VERTEX_POINT('',#14544);
#4974=VERTEX_POINT('',#14548);
#4975=VERTEX_POINT('',#14550);
#4976=VERTEX_POINT('',#14554);
#4977=VERTEX_POINT('',#14556);
#4978=VERTEX_POINT('',#14560);
#4979=VERTEX_POINT('',#14562);
#4980=VERTEX_POINT('',#14566);
#4981=VERTEX_POINT('',#14568);
#4982=VERTEX_POINT('',#14572);
#4983=VERTEX_POINT('',#14574);
#4984=VERTEX_POINT('',#14578);
#4985=VERTEX_POINT('',#14580);
#4986=VERTEX_POINT('',#14584);
#4987=VERTEX_POINT('',#14586);
#4988=VERTEX_POINT('',#14590);
#4989=VERTEX_POINT('',#14592);
#4990=VERTEX_POINT('',#14596);
#4991=VERTEX_POINT('',#14598);
#4992=VERTEX_POINT('',#14602);
#4993=VERTEX_POINT('',#14604);
#4994=VERTEX_POINT('',#14608);
#4995=VERTEX_POINT('',#14610);
#4996=VERTEX_POINT('',#14614);
#4997=VERTEX_POINT('',#14616);
#4998=VERTEX_POINT('',#14620);
#4999=VERTEX_POINT('',#14622);
#5000=VERTEX_POINT('',#14626);
#5001=VERTEX_POINT('',#14628);
#5002=VERTEX_POINT('',#14632);
#5003=VERTEX_POINT('',#14634);
#5004=VERTEX_POINT('',#14638);
#5005=VERTEX_POINT('',#14640);
#5006=VERTEX_POINT('',#14644);
#5007=VERTEX_POINT('',#14646);
#5008=VERTEX_POINT('',#14650);
#5009=VERTEX_POINT('',#14652);
#5010=VERTEX_POINT('',#14656);
#5011=VERTEX_POINT('',#14658);
#5012=VERTEX_POINT('',#14662);
#5013=VERTEX_POINT('',#14664);
#5014=VERTEX_POINT('',#14668);
#5015=VERTEX_POINT('',#14670);
#5016=VERTEX_POINT('',#14674);
#5017=VERTEX_POINT('',#14676);
#5018=VERTEX_POINT('',#14680);
#5019=VERTEX_POINT('',#14682);
#5020=VERTEX_POINT('',#14686);
#5021=VERTEX_POINT('',#14688);
#5022=VERTEX_POINT('',#14692);
#5023=VERTEX_POINT('',#14694);
#5024=LINE('',#12101,#6169);
#5025=LINE('',#12104,#6170);
#5026=LINE('',#12106,#6171);
#5027=LINE('',#12108,#6172);
#5028=LINE('',#12110,#6173);
#5029=LINE('',#12112,#6174);
#5030=LINE('',#12114,#6175);
#5031=LINE('',#12116,#6176);
#5032=LINE('',#12118,#6177);
#5033=LINE('',#12120,#6178);
#5034=LINE('',#12122,#6179);
#5035=LINE('',#12124,#6180);
#5036=LINE('',#12125,#6181);
#5037=LINE('',#12128,#6182);
#5038=LINE('',#12130,#6183);
#5039=LINE('',#12132,#6184);
#5040=LINE('',#12133,#6185);
#5041=LINE('',#12136,#6186);
#5042=LINE('',#12138,#6187);
#5043=LINE('',#12140,#6188);
#5044=LINE('',#12141,#6189);
#5045=LINE('',#12144,#6190);
#5046=LINE('',#12146,#6191);
#5047=LINE('',#12148,#6192);
#5048=LINE('',#12150,#6193);
#5049=LINE('',#12153,#6194);
#5050=LINE('',#12155,#6195);
#5051=LINE('',#12157,#6196);
#5052=LINE('',#12159,#6197);
#5053=LINE('',#12161,#6198);
#5054=LINE('',#12163,#6199);
#5055=LINE('',#12165,#6200);
#5056=LINE('',#12168,#6201);
#5057=LINE('',#12170,#6202);
#5058=LINE('',#12172,#6203);
#5059=LINE('',#12174,#6204);
#5060=LINE('',#12176,#6205);
#5061=LINE('',#12178,#6206);
#5062=LINE('',#12181,#6207);
#5063=LINE('',#12183,#6208);
#5064=LINE('',#12185,#6209);
#5065=LINE('',#12187,#6210);
#5066=LINE('',#12189,#6211);
#5067=LINE('',#12191,#6212);
#5068=LINE('',#12194,#6213);
#5069=LINE('',#12196,#6214);
#5070=LINE('',#12198,#6215);
#5071=LINE('',#12200,#6216);
#5072=LINE('',#12202,#6217);
#5073=LINE('',#12204,#6218);
#5074=LINE('',#12207,#6219);
#5075=LINE('',#12209,#6220);
#5076=LINE('',#12211,#6221);
#5077=LINE('',#12213,#6222);
#5078=LINE('',#12215,#6223);
#5079=LINE('',#12217,#6224);
#5080=LINE('',#12220,#6225);
#5081=LINE('',#12222,#6226);
#5082=LINE('',#12224,#6227);
#5083=LINE('',#12225,#6228);
#5084=LINE('',#12228,#6229);
#5085=LINE('',#12230,#6230);
#5086=LINE('',#12232,#6231);
#5087=LINE('',#12234,#6232);
#5088=LINE('',#12237,#6233);
#5089=LINE('',#12239,#6234);
#5090=LINE('',#12241,#6235);
#5091=LINE('',#12242,#6236);
#5092=LINE('',#12245,#6237);
#5093=LINE('',#12247,#6238);
#5094=LINE('',#12249,#6239);
#5095=LINE('',#12251,#6240);
#5096=LINE('',#12254,#6241);
#5097=LINE('',#12256,#6242);
#5098=LINE('',#12258,#6243);
#5099=LINE('',#12259,#6244);
#5100=LINE('',#12262,#6245);
#5101=LINE('',#12264,#6246);
#5102=LINE('',#12266,#6247);
#5103=LINE('',#12268,#6248);
#5104=LINE('',#12271,#6249);
#5105=LINE('',#12273,#6250);
#5106=LINE('',#12275,#6251);
#5107=LINE('',#12276,#6252);
#5108=LINE('',#12279,#6253);
#5109=LINE('',#12281,#6254);
#5110=LINE('',#12283,#6255);
#5111=LINE('',#12285,#6256);
#5112=LINE('',#12288,#6257);
#5113=LINE('',#12290,#6258);
#5114=LINE('',#12292,#6259);
#5115=LINE('',#12293,#6260);
#5116=LINE('',#12296,#6261);
#5117=LINE('',#12298,#6262);
#5118=LINE('',#12300,#6263);
#5119=LINE('',#12302,#6264);
#5120=LINE('',#12305,#6265);
#5121=LINE('',#12307,#6266);
#5122=LINE('',#12309,#6267);
#5123=LINE('',#12310,#6268);
#5124=LINE('',#12313,#6269);
#5125=LINE('',#12315,#6270);
#5126=LINE('',#12317,#6271);
#5127=LINE('',#12319,#6272);
#5128=LINE('',#12322,#6273);
#5129=LINE('',#12324,#6274);
#5130=LINE('',#12326,#6275);
#5131=LINE('',#12327,#6276);
#5132=LINE('',#12329,#6277);
#5133=LINE('',#12331,#6278);
#5134=LINE('',#12333,#6279);
#5135=LINE('',#12336,#6280);
#5136=LINE('',#12338,#6281);
#5137=LINE('',#12340,#6282);
#5138=LINE('',#12341,#6283);
#5139=LINE('',#12344,#6284);
#5140=LINE('',#12345,#6285);
#5141=LINE('',#12347,#6286);
#5142=LINE('',#12350,#6287);
#5143=LINE('',#12352,#6288);
#5144=LINE('',#12354,#6289);
#5145=LINE('',#12355,#6290);
#5146=LINE('',#12358,#6291);
#5147=LINE('',#12359,#6292);
#5148=LINE('',#12361,#6293);
#5149=LINE('',#12364,#6294);
#5150=LINE('',#12366,#6295);
#5151=LINE('',#12368,#6296);
#5152=LINE('',#12369,#6297);
#5153=LINE('',#12371,#6298);
#5154=LINE('',#12373,#6299);
#5155=LINE('',#12375,#6300);
#5156=LINE('',#12377,#6301);
#5157=LINE('',#12379,#6302);
#5158=LINE('',#12381,#6303);
#5159=LINE('',#12383,#6304);
#5160=LINE('',#12385,#6305);
#5161=LINE('',#12387,#6306);
#5162=LINE('',#12389,#6307);
#5163=LINE('',#12391,#6308);
#5164=LINE('',#12393,#6309);
#5165=LINE('',#12395,#6310);
#5166=LINE('',#12397,#6311);
#5167=LINE('',#12399,#6312);
#5168=LINE('',#12401,#6313);
#5169=LINE('',#12403,#6314);
#5170=LINE('',#12405,#6315);
#5171=LINE('',#12407,#6316);
#5172=LINE('',#12409,#6317);
#5173=LINE('',#12411,#6318);
#5174=LINE('',#12413,#6319);
#5175=LINE('',#12415,#6320);
#5176=LINE('',#12417,#6321);
#5177=LINE('',#12419,#6322);
#5178=LINE('',#12421,#6323);
#5179=LINE('',#12423,#6324);
#5180=LINE('',#12425,#6325);
#5181=LINE('',#12427,#6326);
#5182=LINE('',#12429,#6327);
#5183=LINE('',#12431,#6328);
#5184=LINE('',#12433,#6329);
#5185=LINE('',#12435,#6330);
#5186=LINE('',#12437,#6331);
#5187=LINE('',#12439,#6332);
#5188=LINE('',#12441,#6333);
#5189=LINE('',#12443,#6334);
#5190=LINE('',#12445,#6335);
#5191=LINE('',#12447,#6336);
#5192=LINE('',#12449,#6337);
#5193=LINE('',#12451,#6338);
#5194=LINE('',#12453,#6339);
#5195=LINE('',#12455,#6340);
#5196=LINE('',#12457,#6341);
#5197=LINE('',#12459,#6342);
#5198=LINE('',#12461,#6343);
#5199=LINE('',#12463,#6344);
#5200=LINE('',#12465,#6345);
#5201=LINE('',#12467,#6346);
#5202=LINE('',#12469,#6347);
#5203=LINE('',#12471,#6348);
#5204=LINE('',#12473,#6349);
#5205=LINE('',#12475,#6350);
#5206=LINE('',#12477,#6351);
#5207=LINE('',#12479,#6352);
#5208=LINE('',#12481,#6353);
#5209=LINE('',#12483,#6354);
#5210=LINE('',#12485,#6355);
#5211=LINE('',#12487,#6356);
#5212=LINE('',#12489,#6357);
#5213=LINE('',#12491,#6358);
#5214=LINE('',#12493,#6359);
#5215=LINE('',#12495,#6360);
#5216=LINE('',#12497,#6361);
#5217=LINE('',#12499,#6362);
#5218=LINE('',#12501,#6363);
#5219=LINE('',#12503,#6364);
#5220=LINE('',#12504,#6365);
#5221=LINE('',#12506,#6366);
#5222=LINE('',#12507,#6367);
#5223=LINE('',#12509,#6368);
#5224=LINE('',#12510,#6369);
#5225=LINE('',#12512,#6370);
#5226=LINE('',#12513,#6371);
#5227=LINE('',#12515,#6372);
#5228=LINE('',#12516,#6373);
#5229=LINE('',#12518,#6374);
#5230=LINE('',#12519,#6375);
#5231=LINE('',#12521,#6376);
#5232=LINE('',#12522,#6377);
#5233=LINE('',#12524,#6378);
#5234=LINE('',#12525,#6379);
#5235=LINE('',#12527,#6380);
#5236=LINE('',#12530,#6381);
#5237=LINE('',#12531,#6382);
#5238=LINE('',#12533,#6383);
#5239=LINE('',#12535,#6384);
#5240=LINE('',#12537,#6385);
#5241=LINE('',#12539,#6386);
#5242=LINE('',#12542,#6387);
#5243=LINE('',#12543,#6388);
#5244=LINE('',#12545,#6389);
#5245=LINE('',#12547,#6390);
#5246=LINE('',#12549,#6391);
#5247=LINE('',#12551,#6392);
#5248=LINE('',#12553,#6393);
#5249=LINE('',#12555,#6394);
#5250=LINE('',#12557,#6395);
#5251=LINE('',#12560,#6396);
#5252=LINE('',#12561,#6397);
#5253=LINE('',#12563,#6398);
#5254=LINE('',#12565,#6399);
#5255=LINE('',#12567,#6400);
#5256=LINE('',#12569,#6401);
#5257=LINE('',#12572,#6402);
#5258=LINE('',#12573,#6403);
#5259=LINE('',#12575,#6404);
#5260=LINE('',#12578,#6405);
#5261=LINE('',#12580,#6406);
#5262=LINE('',#12582,#6407);
#5263=LINE('',#12584,#6408);
#5264=LINE('',#12586,#6409);
#5265=LINE('',#12588,#6410);
#5266=LINE('',#12590,#6411);
#5267=LINE('',#12591,#6412);
#5268=LINE('',#12592,#6413);
#5269=LINE('',#12593,#6414);
#5270=LINE('',#12595,#6415);
#5271=LINE('',#12596,#6416);
#5272=LINE('',#12599,#6417);
#5273=LINE('',#12601,#6418);
#5274=LINE('',#12603,#6419);
#5275=LINE('',#12604,#6420);
#5276=LINE('',#12607,#6421);
#5277=LINE('',#12609,#6422);
#5278=LINE('',#12611,#6423);
#5279=LINE('',#12612,#6424);
#5280=LINE('',#12615,#6425);
#5281=LINE('',#12617,#6426);
#5282=LINE('',#12619,#6427);
#5283=LINE('',#12620,#6428);
#5284=LINE('',#12623,#6429);
#5285=LINE('',#12625,#6430);
#5286=LINE('',#12627,#6431);
#5287=LINE('',#12628,#6432);
#5288=LINE('',#12631,#6433);
#5289=LINE('',#12633,#6434);
#5290=LINE('',#12635,#6435);
#5291=LINE('',#12636,#6436);
#5292=LINE('',#12639,#6437);
#5293=LINE('',#12641,#6438);
#5294=LINE('',#12643,#6439);
#5295=LINE('',#12644,#6440);
#5296=LINE('',#12647,#6441);
#5297=LINE('',#12649,#6442);
#5298=LINE('',#12651,#6443);
#5299=LINE('',#12652,#6444);
#5300=LINE('',#12655,#6445);
#5301=LINE('',#12657,#6446);
#5302=LINE('',#12659,#6447);
#5303=LINE('',#12660,#6448);
#5304=LINE('',#12663,#6449);
#5305=LINE('',#12665,#6450);
#5306=LINE('',#12667,#6451);
#5307=LINE('',#12668,#6452);
#5308=LINE('',#12671,#6453);
#5309=LINE('',#12673,#6454);
#5310=LINE('',#12675,#6455);
#5311=LINE('',#12676,#6456);
#5312=LINE('',#12679,#6457);
#5313=LINE('',#12681,#6458);
#5314=LINE('',#12683,#6459);
#5315=LINE('',#12684,#6460);
#5316=LINE('',#12687,#6461);
#5317=LINE('',#12689,#6462);
#5318=LINE('',#12691,#6463);
#5319=LINE('',#12693,#6464);
#5320=LINE('',#12695,#6465);
#5321=LINE('',#12696,#6466);
#5322=LINE('',#12697,#6467);
#5323=LINE('',#12699,#6468);
#5324=LINE('',#12700,#6469);
#5325=LINE('',#12703,#6470);
#5326=LINE('',#12705,#6471);
#5327=LINE('',#12707,#6472);
#5328=LINE('',#12708,#6473);
#5329=LINE('',#12711,#6474);
#5330=LINE('',#12713,#6475);
#5331=LINE('',#12715,#6476);
#5332=LINE('',#12716,#6477);
#5333=LINE('',#12717,#6478);
#5334=LINE('',#12718,#6479);
#5335=LINE('',#12720,#6480);
#5336=LINE('',#12722,#6481);
#5337=LINE('',#12724,#6482);
#5338=LINE('',#12726,#6483);
#5339=LINE('',#12727,#6484);
#5340=LINE('',#12728,#6485);
#5341=LINE('',#12729,#6486);
#5342=LINE('',#12730,#6487);
#5343=LINE('',#12732,#6488);
#5344=LINE('',#12734,#6489);
#5345=LINE('',#12736,#6490);
#5346=LINE('',#12738,#6491);
#5347=LINE('',#12739,#6492);
#5348=LINE('',#12741,#6493);
#5349=LINE('',#12743,#6494);
#5350=LINE('',#12744,#6495);
#5351=LINE('',#12746,#6496);
#5352=LINE('',#12748,#6497);
#5353=LINE('',#12749,#6498);
#5354=LINE('',#12751,#6499);
#5355=LINE('',#12752,#6500);
#5356=LINE('',#12754,#6501);
#5357=LINE('',#12755,#6502);
#5358=LINE('',#12757,#6503);
#5359=LINE('',#12759,#6504);
#5360=LINE('',#12760,#6505);
#5361=LINE('',#12762,#6506);
#5362=LINE('',#12764,#6507);
#5363=LINE('',#12765,#6508);
#5364=LINE('',#12767,#6509);
#5365=LINE('',#12768,#6510);
#5366=LINE('',#12770,#6511);
#5367=LINE('',#12771,#6512);
#5368=LINE('',#12773,#6513);
#5369=LINE('',#12775,#6514);
#5370=LINE('',#12776,#6515);
#5371=LINE('',#12778,#6516);
#5372=LINE('',#12780,#6517);
#5373=LINE('',#12781,#6518);
#5374=LINE('',#12783,#6519);
#5375=LINE('',#12784,#6520);
#5376=LINE('',#12786,#6521);
#5377=LINE('',#12787,#6522);
#5378=LINE('',#12789,#6523);
#5379=LINE('',#12791,#6524);
#5380=LINE('',#12792,#6525);
#5381=LINE('',#12794,#6526);
#5382=LINE('',#12796,#6527);
#5383=LINE('',#12797,#6528);
#5384=LINE('',#12799,#6529);
#5385=LINE('',#12800,#6530);
#5386=LINE('',#12802,#6531);
#5387=LINE('',#12803,#6532);
#5388=LINE('',#12815,#6533);
#5389=LINE('',#12816,#6534);
#5390=LINE('',#12818,#6535);
#5391=LINE('',#12820,#6536);
#5392=LINE('',#12821,#6537);
#5393=LINE('',#12823,#6538);
#5394=LINE('',#12825,#6539);
#5395=LINE('',#12826,#6540);
#5396=LINE('',#12828,#6541);
#5397=LINE('',#12830,#6542);
#5398=LINE('',#12831,#6543);
#5399=LINE('',#12833,#6544);
#5400=LINE('',#12835,#6545);
#5401=LINE('',#12836,#6546);
#5402=LINE('',#12838,#6547);
#5403=LINE('',#12840,#6548);
#5404=LINE('',#12842,#6549);
#5405=LINE('',#12844,#6550);
#5406=LINE('',#12846,#6551);
#5407=LINE('',#12848,#6552);
#5408=LINE('',#12850,#6553);
#5409=LINE('',#12851,#6554);
#5410=LINE('',#12853,#6555);
#5411=LINE('',#12855,#6556);
#5412=LINE('',#12856,#6557);
#5413=LINE('',#12858,#6558);
#5414=LINE('',#12860,#6559);
#5415=LINE('',#12861,#6560);
#5416=LINE('',#12863,#6561);
#5417=LINE('',#12865,#6562);
#5418=LINE('',#12866,#6563);
#5419=LINE('',#12868,#6564);
#5420=LINE('',#12870,#6565);
#5421=LINE('',#12871,#6566);
#5422=LINE('',#12873,#6567);
#5423=LINE('',#12875,#6568);
#5424=LINE('',#12877,#6569);
#5425=LINE('',#12879,#6570);
#5426=LINE('',#12881,#6571);
#5427=LINE('',#12883,#6572);
#5428=LINE('',#12895,#6573);
#5429=LINE('',#12898,#6574);
#5430=LINE('',#12900,#6575);
#5431=LINE('',#12902,#6576);
#5432=LINE('',#12903,#6577);
#5433=LINE('',#12906,#6578);
#5434=LINE('',#12908,#6579);
#5435=LINE('',#12909,#6580);
#5436=LINE('',#12911,#6581);
#5437=LINE('',#12913,#6582);
#5438=LINE('',#12915,#6583);
#5439=LINE('',#12917,#6584);
#5440=LINE('',#12918,#6585);
#5441=LINE('',#12920,#6586);
#5442=LINE('',#12922,#6587);
#5443=LINE('',#12925,#6588);
#5444=LINE('',#12927,#6589);
#5445=LINE('',#12929,#6590);
#5446=LINE('',#12930,#6591);
#5447=LINE('',#12932,#6592);
#5448=LINE('',#12934,#6593);
#5449=LINE('',#12936,#6594);
#5450=LINE('',#12938,#6595);
#5451=LINE('',#12939,#6596);
#5452=LINE('',#12941,#6597);
#5453=LINE('',#12943,#6598);
#5454=LINE('',#12945,#6599);
#5455=LINE('',#12947,#6600);
#5456=LINE('',#12949,#6601);
#5457=LINE('',#12951,#6602);
#5458=LINE('',#12953,#6603);
#5459=LINE('',#12954,#6604);
#5460=LINE('',#12956,#6605);
#5461=LINE('',#12958,#6606);
#5462=LINE('',#12960,#6607);
#5463=LINE('',#12961,#6608);
#5464=LINE('',#12963,#6609);
#5465=LINE('',#12966,#6610);
#5466=LINE('',#12967,#6611);
#5467=LINE('',#12968,#6612);
#5468=LINE('',#12970,#6613);
#5469=LINE('',#12973,#6614);
#5470=LINE('',#12974,#6615);
#5471=LINE('',#12975,#6616);
#5472=LINE('',#12977,#6617);
#5473=LINE('',#12979,#6618);
#5474=LINE('',#12984,#6619);
#5475=LINE('',#12986,#6620);
#5476=LINE('',#12988,#6621);
#5477=LINE('',#12990,#6622);
#5478=LINE('',#12992,#6623);
#5479=LINE('',#12995,#6624);
#5480=LINE('',#12997,#6625);
#5481=LINE('',#12999,#6626);
#5482=LINE('',#13001,#6627);
#5483=LINE('',#13003,#6628);
#5484=LINE('',#13006,#6629);
#5485=LINE('',#13008,#6630);
#5486=LINE('',#13010,#6631);
#5487=LINE('',#13012,#6632);
#5488=LINE('',#13014,#6633);
#5489=LINE('',#13017,#6634);
#5490=LINE('',#13019,#6635);
#5491=LINE('',#13021,#6636);
#5492=LINE('',#13023,#6637);
#5493=LINE('',#13025,#6638);
#5494=LINE('',#13028,#6639);
#5495=LINE('',#13030,#6640);
#5496=LINE('',#13032,#6641);
#5497=LINE('',#13034,#6642);
#5498=LINE('',#13036,#6643);
#5499=LINE('',#13039,#6644);
#5500=LINE('',#13041,#6645);
#5501=LINE('',#13043,#6646);
#5502=LINE('',#13045,#6647);
#5503=LINE('',#13047,#6648);
#5504=LINE('',#13062,#6649);
#5505=LINE('',#13064,#6650);
#5506=LINE('',#13066,#6651);
#5507=LINE('',#13069,#6652);
#5508=LINE('',#13071,#6653);
#5509=LINE('',#13072,#6654);
#5510=LINE('',#13074,#6655);
#5511=LINE('',#13077,#6656);
#5512=LINE('',#13079,#6657);
#5513=LINE('',#13080,#6658);
#5514=LINE('',#13086,#6659);
#5515=LINE('',#13088,#6660);
#5516=LINE('',#13090,#6661);
#5517=LINE('',#13092,#6662);
#5518=LINE('',#13094,#6663);
#5519=LINE('',#13096,#6664);
#5520=LINE('',#13098,#6665);
#5521=LINE('',#13100,#6666);
#5522=LINE('',#13103,#6667);
#5523=LINE('',#13105,#6668);
#5524=LINE('',#13107,#6669);
#5525=LINE('',#13109,#6670);
#5526=LINE('',#13111,#6671);
#5527=LINE('',#13113,#6672);
#5528=LINE('',#13115,#6673);
#5529=LINE('',#13117,#6674);
#5530=LINE('',#13119,#6675);
#5531=LINE('',#13121,#6676);
#5532=LINE('',#13123,#6677);
#5533=LINE('',#13125,#6678);
#5534=LINE('',#13127,#6679);
#5535=LINE('',#13129,#6680);
#5536=LINE('',#13131,#6681);
#5537=LINE('',#13133,#6682);
#5538=LINE('',#13135,#6683);
#5539=LINE('',#13137,#6684);
#5540=LINE('',#13139,#6685);
#5541=LINE('',#13141,#6686);
#5542=LINE('',#13143,#6687);
#5543=LINE('',#13145,#6688);
#5544=LINE('',#13147,#6689);
#5545=LINE('',#13149,#6690);
#5546=LINE('',#13152,#6691);
#5547=LINE('',#13154,#6692);
#5548=LINE('',#13156,#6693);
#5549=LINE('',#13158,#6694);
#5550=LINE('',#13160,#6695);
#5551=LINE('',#13162,#6696);
#5552=LINE('',#13164,#6697);
#5553=LINE('',#13166,#6698);
#5554=LINE('',#13170,#6699);
#5555=LINE('',#13173,#6700);
#5556=LINE('',#13175,#6701);
#5557=LINE('',#13177,#6702);
#5558=LINE('',#13179,#6703);
#5559=LINE('',#13182,#6704);
#5560=LINE('',#13184,#6705);
#5561=LINE('',#13186,#6706);
#5562=LINE('',#13188,#6707);
#5563=LINE('',#13191,#6708);
#5564=LINE('',#13193,#6709);
#5565=LINE('',#13195,#6710);
#5566=LINE('',#13197,#6711);
#5567=LINE('',#13199,#6712);
#5568=LINE('',#13201,#6713);
#5569=LINE('',#13203,#6714);
#5570=LINE('',#13205,#6715);
#5571=LINE('',#13208,#6716);
#5572=LINE('',#13210,#6717);
#5573=LINE('',#13212,#6718);
#5574=LINE('',#13214,#6719);
#5575=LINE('',#13217,#6720);
#5576=LINE('',#13219,#6721);
#5577=LINE('',#13221,#6722);
#5578=LINE('',#13223,#6723);
#5579=LINE('',#13226,#6724);
#5580=LINE('',#13228,#6725);
#5581=LINE('',#13230,#6726);
#5582=LINE('',#13232,#6727);
#5583=LINE('',#13235,#6728);
#5584=LINE('',#13237,#6729);
#5585=LINE('',#13239,#6730);
#5586=LINE('',#13241,#6731);
#5587=LINE('',#13244,#6732);
#5588=LINE('',#13246,#6733);
#5589=LINE('',#13248,#6734);
#5590=LINE('',#13250,#6735);
#5591=LINE('',#13253,#6736);
#5592=LINE('',#13255,#6737);
#5593=LINE('',#13257,#6738);
#5594=LINE('',#13259,#6739);
#5595=LINE('',#13262,#6740);
#5596=LINE('',#13264,#6741);
#5597=LINE('',#13266,#6742);
#5598=LINE('',#13268,#6743);
#5599=LINE('',#13271,#6744);
#5600=LINE('',#13273,#6745);
#5601=LINE('',#13275,#6746);
#5602=LINE('',#13277,#6747);
#5603=LINE('',#13280,#6748);
#5604=LINE('',#13282,#6749);
#5605=LINE('',#13284,#6750);
#5606=LINE('',#13286,#6751);
#5607=LINE('',#13289,#6752);
#5608=LINE('',#13291,#6753);
#5609=LINE('',#13293,#6754);
#5610=LINE('',#13295,#6755);
#5611=LINE('',#13298,#6756);
#5612=LINE('',#13300,#6757);
#5613=LINE('',#13302,#6758);
#5614=LINE('',#13304,#6759);
#5615=LINE('',#13307,#6760);
#5616=LINE('',#13309,#6761);
#5617=LINE('',#13311,#6762);
#5618=LINE('',#13313,#6763);
#5619=LINE('',#13316,#6764);
#5620=LINE('',#13318,#6765);
#5621=LINE('',#13320,#6766);
#5622=LINE('',#13322,#6767);
#5623=LINE('',#13325,#6768);
#5624=LINE('',#13327,#6769);
#5625=LINE('',#13329,#6770);
#5626=LINE('',#13331,#6771);
#5627=LINE('',#13334,#6772);
#5628=LINE('',#13336,#6773);
#5629=LINE('',#13338,#6774);
#5630=LINE('',#13340,#6775);
#5631=LINE('',#13343,#6776);
#5632=LINE('',#13345,#6777);
#5633=LINE('',#13347,#6778);
#5634=LINE('',#13349,#6779);
#5635=LINE('',#13352,#6780);
#5636=LINE('',#13354,#6781);
#5637=LINE('',#13356,#6782);
#5638=LINE('',#13358,#6783);
#5639=LINE('',#13360,#6784);
#5640=LINE('',#13362,#6785);
#5641=LINE('',#13364,#6786);
#5642=LINE('',#13366,#6787);
#5643=LINE('',#13369,#6788);
#5644=LINE('',#13371,#6789);
#5645=LINE('',#13373,#6790);
#5646=LINE('',#13375,#6791);
#5647=LINE('',#13378,#6792);
#5648=LINE('',#13380,#6793);
#5649=LINE('',#13382,#6794);
#5650=LINE('',#13384,#6795);
#5651=LINE('',#13387,#6796);
#5652=LINE('',#13389,#6797);
#5653=LINE('',#13391,#6798);
#5654=LINE('',#13393,#6799);
#5655=LINE('',#13396,#6800);
#5656=LINE('',#13398,#6801);
#5657=LINE('',#13400,#6802);
#5658=LINE('',#13402,#6803);
#5659=LINE('',#13405,#6804);
#5660=LINE('',#13407,#6805);
#5661=LINE('',#13409,#6806);
#5662=LINE('',#13411,#6807);
#5663=LINE('',#13414,#6808);
#5664=LINE('',#13416,#6809);
#5665=LINE('',#13418,#6810);
#5666=LINE('',#13420,#6811);
#5667=LINE('',#13423,#6812);
#5668=LINE('',#13425,#6813);
#5669=LINE('',#13427,#6814);
#5670=LINE('',#13429,#6815);
#5671=LINE('',#13432,#6816);
#5672=LINE('',#13434,#6817);
#5673=LINE('',#13436,#6818);
#5674=LINE('',#13439,#6819);
#5675=LINE('',#13441,#6820);
#5676=LINE('',#13443,#6821);
#5677=LINE('',#13457,#6822);
#5678=LINE('',#13458,#6823);
#5679=LINE('',#13460,#6824);
#5680=LINE('',#13468,#6825);
#5681=LINE('',#13470,#6826);
#5682=LINE('',#13478,#6827);
#5683=LINE('',#13480,#6828);
#5684=LINE('',#13488,#6829);
#5685=LINE('',#13490,#6830);
#5686=LINE('',#13494,#6831);
#5687=LINE('',#13497,#6832);
#5688=LINE('',#13499,#6833);
#5689=LINE('',#13501,#6834);
#5690=LINE('',#13503,#6835);
#5691=LINE('',#13506,#6836);
#5692=LINE('',#13508,#6837);
#5693=LINE('',#13510,#6838);
#5694=LINE('',#13522,#6839);
#5695=LINE('',#13524,#6840);
#5696=LINE('',#13526,#6841);
#5697=LINE('',#13534,#6842);
#5698=LINE('',#13536,#6843);
#5699=LINE('',#13544,#6844);
#5700=LINE('',#13546,#6845);
#5701=LINE('',#13554,#6846);
#5702=LINE('',#13556,#6847);
#5703=LINE('',#13564,#6848);
#5704=LINE('',#13566,#6849);
#5705=LINE('',#13568,#6850);
#5706=LINE('',#13571,#6851);
#5707=LINE('',#13572,#6852);
#5708=LINE('',#13574,#6853);
#5709=LINE('',#13576,#6854);
#5710=LINE('',#13578,#6855);
#5711=LINE('',#13580,#6856);
#5712=LINE('',#13583,#6857);
#5713=LINE('',#13584,#6858);
#5714=LINE('',#13586,#6859);
#5715=LINE('',#13588,#6860);
#5716=LINE('',#13590,#6861);
#5717=LINE('',#13592,#6862);
#5718=LINE('',#13595,#6863);
#5719=LINE('',#13596,#6864);
#5720=LINE('',#13598,#6865);
#5721=LINE('',#13600,#6866);
#5722=LINE('',#13602,#6867);
#5723=LINE('',#13604,#6868);
#5724=LINE('',#13607,#6869);
#5725=LINE('',#13608,#6870);
#5726=LINE('',#13610,#6871);
#5727=LINE('',#13612,#6872);
#5728=LINE('',#13614,#6873);
#5729=LINE('',#13616,#6874);
#5730=LINE('',#13619,#6875);
#5731=LINE('',#13621,#6876);
#5732=LINE('',#13623,#6877);
#5733=LINE('',#13625,#6878);
#5734=LINE('',#13628,#6879);
#5735=LINE('',#13630,#6880);
#5736=LINE('',#13632,#6881);
#5737=LINE('',#13634,#6882);
#5738=LINE('',#13636,#6883);
#5739=LINE('',#13638,#6884);
#5740=LINE('',#13641,#6885);
#5741=LINE('',#13643,#6886);
#5742=LINE('',#13645,#6887);
#5743=LINE('',#13646,#6888);
#5744=LINE('',#13649,#6889);
#5745=LINE('',#13651,#6890);
#5746=LINE('',#13653,#6891);
#5747=LINE('',#13654,#6892);
#5748=LINE('',#13657,#6893);
#5749=LINE('',#13659,#6894);
#5750=LINE('',#13661,#6895);
#5751=LINE('',#13663,#6896);
#5752=LINE('',#13665,#6897);
#5753=LINE('',#13667,#6898);
#5754=LINE('',#13670,#6899);
#5755=LINE('',#13672,#6900);
#5756=LINE('',#13694,#6901);
#5757=LINE('',#13696,#6902);
#5758=LINE('',#13706,#6903);
#5759=LINE('',#13708,#6904);
#5760=LINE('',#13710,#6905);
#5761=LINE('',#13712,#6906);
#5762=LINE('',#13714,#6907);
#5763=LINE('',#13719,#6908);
#5764=LINE('',#13725,#6909);
#5765=LINE('',#13733,#6910);
#5766=LINE('',#13739,#6911);
#5767=LINE('',#13747,#6912);
#5768=LINE('',#13753,#6913);
#5769=LINE('',#13761,#6914);
#5770=LINE('',#13767,#6915);
#5771=LINE('',#13774,#6916);
#5772=LINE('',#13782,#6917);
#5773=LINE('',#13784,#6918);
#5774=LINE('',#13789,#6919);
#5775=LINE('',#13794,#6920);
#5776=LINE('',#13795,#6921);
#5777=LINE('',#13808,#6922);
#5778=LINE('',#13810,#6923);
#5779=LINE('',#13832,#6924);
#5780=LINE('',#13834,#6925);
#5781=LINE('',#13835,#6926);
#5782=LINE('',#13838,#6927);
#5783=LINE('',#13840,#6928);
#5784=LINE('',#13842,#6929);
#5785=LINE('',#13844,#6930);
#5786=LINE('',#13846,#6931);
#5787=LINE('',#13848,#6932);
#5788=LINE('',#13850,#6933);
#5789=LINE('',#13852,#6934);
#5790=LINE('',#13854,#6935);
#5791=LINE('',#13856,#6936);
#5792=LINE('',#13858,#6937);
#5793=LINE('',#13860,#6938);
#5794=LINE('',#13862,#6939);
#5795=LINE('',#13864,#6940);
#5796=LINE('',#13866,#6941);
#5797=LINE('',#13868,#6942);
#5798=LINE('',#13869,#6943);
#5799=LINE('',#13873,#6944);
#5800=LINE('',#13876,#6945);
#5801=LINE('',#13878,#6946);
#5802=LINE('',#13880,#6947);
#5803=LINE('',#13882,#6948);
#5804=LINE('',#13884,#6949);
#5805=LINE('',#13886,#6950);
#5806=LINE('',#13888,#6951);
#5807=LINE('',#13890,#6952);
#5808=LINE('',#13892,#6953);
#5809=LINE('',#13894,#6954);
#5810=LINE('',#13895,#6955);
#5811=LINE('',#13897,#6956);
#5812=LINE('',#13899,#6957);
#5813=LINE('',#13901,#6958);
#5814=LINE('',#13903,#6959);
#5815=LINE('',#13904,#6960);
#5816=LINE('',#13908,#6961);
#5817=LINE('',#13910,#6962);
#5818=LINE('',#13912,#6963);
#5819=LINE('',#13913,#6964);
#5820=LINE('',#13915,#6965);
#5821=LINE('',#13916,#6966);
#5822=LINE('',#13918,#6967);
#5823=LINE('',#13920,#6968);
#5824=LINE('',#13921,#6969);
#5825=LINE('',#13923,#6970);
#5826=LINE('',#13925,#6971);
#5827=LINE('',#13926,#6972);
#5828=LINE('',#13928,#6973);
#5829=LINE('',#13930,#6974);
#5830=LINE('',#13931,#6975);
#5831=LINE('',#13933,#6976);
#5832=LINE('',#13935,#6977);
#5833=LINE('',#13936,#6978);
#5834=LINE('',#13938,#6979);
#5835=LINE('',#13940,#6980);
#5836=LINE('',#13941,#6981);
#5837=LINE('',#13943,#6982);
#5838=LINE('',#13945,#6983);
#5839=LINE('',#13946,#6984);
#5840=LINE('',#13948,#6985);
#5841=LINE('',#13950,#6986);
#5842=LINE('',#13951,#6987);
#5843=LINE('',#13953,#6988);
#5844=LINE('',#13955,#6989);
#5845=LINE('',#13956,#6990);
#5846=LINE('',#13958,#6991);
#5847=LINE('',#13960,#6992);
#5848=LINE('',#13961,#6993);
#5849=LINE('',#13965,#6994);
#5850=LINE('',#13968,#6995);
#5851=LINE('',#13970,#6996);
#5852=LINE('',#13972,#6997);
#5853=LINE('',#13976,#6998);
#5854=LINE('',#13980,#6999);
#5855=LINE('',#13982,#7000);
#5856=LINE('',#13984,#7001);
#5857=LINE('',#13988,#7002);
#5858=LINE('',#13992,#7003);
#5859=LINE('',#13994,#7004);
#5860=LINE('',#13996,#7005);
#5861=LINE('',#14000,#7006);
#5862=LINE('',#14004,#7007);
#5863=LINE('',#14006,#7008);
#5864=LINE('',#14008,#7009);
#5865=LINE('',#14012,#7010);
#5866=LINE('',#14016,#7011);
#5867=LINE('',#14018,#7012);
#5868=LINE('',#14020,#7013);
#5869=LINE('',#14024,#7014);
#5870=LINE('',#14028,#7015);
#5871=LINE('',#14030,#7016);
#5872=LINE('',#14032,#7017);
#5873=LINE('',#14036,#7018);
#5874=LINE('',#14040,#7019);
#5875=LINE('',#14042,#7020);
#5876=LINE('',#14044,#7021);
#5877=LINE('',#14048,#7022);
#5878=LINE('',#14052,#7023);
#5879=LINE('',#14054,#7024);
#5880=LINE('',#14056,#7025);
#5881=LINE('',#14060,#7026);
#5882=LINE('',#14064,#7027);
#5883=LINE('',#14066,#7028);
#5884=LINE('',#14068,#7029);
#5885=LINE('',#14072,#7030);
#5886=LINE('',#14076,#7031);
#5887=LINE('',#14078,#7032);
#5888=LINE('',#14080,#7033);
#5889=LINE('',#14084,#7034);
#5890=LINE('',#14088,#7035);
#5891=LINE('',#14090,#7036);
#5892=LINE('',#14092,#7037);
#5893=LINE('',#14096,#7038);
#5894=LINE('',#14100,#7039);
#5895=LINE('',#14102,#7040);
#5896=LINE('',#14104,#7041);
#5897=LINE('',#14108,#7042);
#5898=LINE('',#14112,#7043);
#5899=LINE('',#14114,#7044);
#5900=LINE('',#14116,#7045);
#5901=LINE('',#14120,#7046);
#5902=LINE('',#14124,#7047);
#5903=LINE('',#14126,#7048);
#5904=LINE('',#14128,#7049);
#5905=LINE('',#14132,#7050);
#5906=LINE('',#14136,#7051);
#5907=LINE('',#14138,#7052);
#5908=LINE('',#14140,#7053);
#5909=LINE('',#14144,#7054);
#5910=LINE('',#14148,#7055);
#5911=LINE('',#14150,#7056);
#5912=LINE('',#14152,#7057);
#5913=LINE('',#14156,#7058);
#5914=LINE('',#14160,#7059);
#5915=LINE('',#14162,#7060);
#5916=LINE('',#14164,#7061);
#5917=LINE('',#14168,#7062);
#5918=LINE('',#14172,#7063);
#5919=LINE('',#14174,#7064);
#5920=LINE('',#14176,#7065);
#5921=LINE('',#14184,#7066);
#5922=LINE('',#14187,#7067);
#5923=LINE('',#14189,#7068);
#5924=LINE('',#14191,#7069);
#5925=LINE('',#14193,#7070);
#5926=LINE('',#14195,#7071);
#5927=LINE('',#14197,#7072);
#5928=LINE('',#14199,#7073);
#5929=LINE('',#14201,#7074);
#5930=LINE('',#14203,#7075);
#5931=LINE('',#14205,#7076);
#5932=LINE('',#14207,#7077);
#5933=LINE('',#14209,#7078);
#5934=LINE('',#14211,#7079);
#5935=LINE('',#14213,#7080);
#5936=LINE('',#14215,#7081);
#5937=LINE('',#14217,#7082);
#5938=LINE('',#14219,#7083);
#5939=LINE('',#14221,#7084);
#5940=LINE('',#14223,#7085);
#5941=LINE('',#14225,#7086);
#5942=LINE('',#14227,#7087);
#5943=LINE('',#14229,#7088);
#5944=LINE('',#14231,#7089);
#5945=LINE('',#14233,#7090);
#5946=LINE('',#14235,#7091);
#5947=LINE('',#14237,#7092);
#5948=LINE('',#14239,#7093);
#5949=LINE('',#14241,#7094);
#5950=LINE('',#14243,#7095);
#5951=LINE('',#14245,#7096);
#5952=LINE('',#14247,#7097);
#5953=LINE('',#14249,#7098);
#5954=LINE('',#14251,#7099);
#5955=LINE('',#14253,#7100);
#5956=LINE('',#14255,#7101);
#5957=LINE('',#14257,#7102);
#5958=LINE('',#14259,#7103);
#5959=LINE('',#14261,#7104);
#5960=LINE('',#14263,#7105);
#5961=LINE('',#14265,#7106);
#5962=LINE('',#14267,#7107);
#5963=LINE('',#14269,#7108);
#5964=LINE('',#14271,#7109);
#5965=LINE('',#14273,#7110);
#5966=LINE('',#14275,#7111);
#5967=LINE('',#14277,#7112);
#5968=LINE('',#14279,#7113);
#5969=LINE('',#14281,#7114);
#5970=LINE('',#14283,#7115);
#5971=LINE('',#14285,#7116);
#5972=LINE('',#14287,#7117);
#5973=LINE('',#14289,#7118);
#5974=LINE('',#14291,#7119);
#5975=LINE('',#14293,#7120);
#5976=LINE('',#14295,#7121);
#5977=LINE('',#14297,#7122);
#5978=LINE('',#14299,#7123);
#5979=LINE('',#14301,#7124);
#5980=LINE('',#14303,#7125);
#5981=LINE('',#14305,#7126);
#5982=LINE('',#14307,#7127);
#5983=LINE('',#14309,#7128);
#5984=LINE('',#14311,#7129);
#5985=LINE('',#14313,#7130);
#5986=LINE('',#14315,#7131);
#5987=LINE('',#14317,#7132);
#5988=LINE('',#14319,#7133);
#5989=LINE('',#14321,#7134);
#5990=LINE('',#14323,#7135);
#5991=LINE('',#14325,#7136);
#5992=LINE('',#14327,#7137);
#5993=LINE('',#14329,#7138);
#5994=LINE('',#14331,#7139);
#5995=LINE('',#14333,#7140);
#5996=LINE('',#14335,#7141);
#5997=LINE('',#14337,#7142);
#5998=LINE('',#14339,#7143);
#5999=LINE('',#14341,#7144);
#6000=LINE('',#14343,#7145);
#6001=LINE('',#14345,#7146);
#6002=LINE('',#14347,#7147);
#6003=LINE('',#14353,#7148);
#6004=LINE('',#14355,#7149);
#6005=LINE('',#14357,#7150);
#6006=LINE('',#14359,#7151);
#6007=LINE('',#14361,#7152);
#6008=LINE('',#14363,#7153);
#6009=LINE('',#14365,#7154);
#6010=LINE('',#14367,#7155);
#6011=LINE('',#14369,#7156);
#6012=LINE('',#14371,#7157);
#6013=LINE('',#14373,#7158);
#6014=LINE('',#14375,#7159);
#6015=LINE('',#14377,#7160);
#6016=LINE('',#14379,#7161);
#6017=LINE('',#14381,#7162);
#6018=LINE('',#14383,#7163);
#6019=LINE('',#14385,#7164);
#6020=LINE('',#14387,#7165);
#6021=LINE('',#14389,#7166);
#6022=LINE('',#14391,#7167);
#6023=LINE('',#14393,#7168);
#6024=LINE('',#14395,#7169);
#6025=LINE('',#14397,#7170);
#6026=LINE('',#14399,#7171);
#6027=LINE('',#14401,#7172);
#6028=LINE('',#14403,#7173);
#6029=LINE('',#14405,#7174);
#6030=LINE('',#14407,#7175);
#6031=LINE('',#14409,#7176);
#6032=LINE('',#14411,#7177);
#6033=LINE('',#14413,#7178);
#6034=LINE('',#14415,#7179);
#6035=LINE('',#14417,#7180);
#6036=LINE('',#14419,#7181);
#6037=LINE('',#14421,#7182);
#6038=LINE('',#14423,#7183);
#6039=LINE('',#14425,#7184);
#6040=LINE('',#14427,#7185);
#6041=LINE('',#14429,#7186);
#6042=LINE('',#14431,#7187);
#6043=LINE('',#14437,#7188);
#6044=LINE('',#14439,#7189);
#6045=LINE('',#14441,#7190);
#6046=LINE('',#14443,#7191);
#6047=LINE('',#14445,#7192);
#6048=LINE('',#14447,#7193);
#6049=LINE('',#14449,#7194);
#6050=LINE('',#14451,#7195);
#6051=LINE('',#14453,#7196);
#6052=LINE('',#14455,#7197);
#6053=LINE('',#14457,#7198);
#6054=LINE('',#14459,#7199);
#6055=LINE('',#14461,#7200);
#6056=LINE('',#14463,#7201);
#6057=LINE('',#14465,#7202);
#6058=LINE('',#14467,#7203);
#6059=LINE('',#14469,#7204);
#6060=LINE('',#14471,#7205);
#6061=LINE('',#14473,#7206);
#6062=LINE('',#14475,#7207);
#6063=LINE('',#14477,#7208);
#6064=LINE('',#14479,#7209);
#6065=LINE('',#14481,#7210);
#6066=LINE('',#14483,#7211);
#6067=LINE('',#14485,#7212);
#6068=LINE('',#14487,#7213);
#6069=LINE('',#14489,#7214);
#6070=LINE('',#14491,#7215);
#6071=LINE('',#14493,#7216);
#6072=LINE('',#14495,#7217);
#6073=LINE('',#14497,#7218);
#6074=LINE('',#14499,#7219);
#6075=LINE('',#14501,#7220);
#6076=LINE('',#14503,#7221);
#6077=LINE('',#14505,#7222);
#6078=LINE('',#14507,#7223);
#6079=LINE('',#14509,#7224);
#6080=LINE('',#14511,#7225);
#6081=LINE('',#14513,#7226);
#6082=LINE('',#14515,#7227);
#6083=LINE('',#14521,#7228);
#6084=LINE('',#14523,#7229);
#6085=LINE('',#14525,#7230);
#6086=LINE('',#14527,#7231);
#6087=LINE('',#14529,#7232);
#6088=LINE('',#14531,#7233);
#6089=LINE('',#14533,#7234);
#6090=LINE('',#14535,#7235);
#6091=LINE('',#14537,#7236);
#6092=LINE('',#14539,#7237);
#6093=LINE('',#14541,#7238);
#6094=LINE('',#14543,#7239);
#6095=LINE('',#14545,#7240);
#6096=LINE('',#14547,#7241);
#6097=LINE('',#14549,#7242);
#6098=LINE('',#14551,#7243);
#6099=LINE('',#14553,#7244);
#6100=LINE('',#14555,#7245);
#6101=LINE('',#14557,#7246);
#6102=LINE('',#14559,#7247);
#6103=LINE('',#14561,#7248);
#6104=LINE('',#14563,#7249);
#6105=LINE('',#14565,#7250);
#6106=LINE('',#14567,#7251);
#6107=LINE('',#14569,#7252);
#6108=LINE('',#14571,#7253);
#6109=LINE('',#14573,#7254);
#6110=LINE('',#14575,#7255);
#6111=LINE('',#14577,#7256);
#6112=LINE('',#14579,#7257);
#6113=LINE('',#14581,#7258);
#6114=LINE('',#14583,#7259);
#6115=LINE('',#14585,#7260);
#6116=LINE('',#14587,#7261);
#6117=LINE('',#14589,#7262);
#6118=LINE('',#14591,#7263);
#6119=LINE('',#14593,#7264);
#6120=LINE('',#14595,#7265);
#6121=LINE('',#14597,#7266);
#6122=LINE('',#14599,#7267);
#6123=LINE('',#14605,#7268);
#6124=LINE('',#14607,#7269);
#6125=LINE('',#14609,#7270);
#6126=LINE('',#14611,#7271);
#6127=LINE('',#14613,#7272);
#6128=LINE('',#14615,#7273);
#6129=LINE('',#14617,#7274);
#6130=LINE('',#14619,#7275);
#6131=LINE('',#14621,#7276);
#6132=LINE('',#14623,#7277);
#6133=LINE('',#14625,#7278);
#6134=LINE('',#14627,#7279);
#6135=LINE('',#14629,#7280);
#6136=LINE('',#14631,#7281);
#6137=LINE('',#14633,#7282);
#6138=LINE('',#14635,#7283);
#6139=LINE('',#14637,#7284);
#6140=LINE('',#14639,#7285);
#6141=LINE('',#14641,#7286);
#6142=LINE('',#14643,#7287);
#6143=LINE('',#14645,#7288);
#6144=LINE('',#14647,#7289);
#6145=LINE('',#14649,#7290);
#6146=LINE('',#14651,#7291);
#6147=LINE('',#14653,#7292);
#6148=LINE('',#14655,#7293);
#6149=LINE('',#14657,#7294);
#6150=LINE('',#14659,#7295);
#6151=LINE('',#14661,#7296);
#6152=LINE('',#14663,#7297);
#6153=LINE('',#14665,#7298);
#6154=LINE('',#14667,#7299);
#6155=LINE('',#14669,#7300);
#6156=LINE('',#14671,#7301);
#6157=LINE('',#14673,#7302);
#6158=LINE('',#14675,#7303);
#6159=LINE('',#14677,#7304);
#6160=LINE('',#14679,#7305);
#6161=LINE('',#14681,#7306);
#6162=LINE('',#14683,#7307);
#6163=LINE('',#14689,#7308);
#6164=LINE('',#14691,#7309);
#6165=LINE('',#14693,#7310);
#6166=LINE('',#14695,#7311);
#6167=LINE('',#14697,#7312);
#6168=LINE('',#14698,#7313);
#6169=VECTOR('',#9756,39.3700787401575);
#6170=VECTOR('',#9757,39.3700787401575);
#6171=VECTOR('',#9758,39.3700787401575);
#6172=VECTOR('',#9759,39.3700787401575);
#6173=VECTOR('',#9760,39.3700787401575);
#6174=VECTOR('',#9761,39.3700787401575);
#6175=VECTOR('',#9762,39.3700787401575);
#6176=VECTOR('',#9763,39.3700787401575);
#6177=VECTOR('',#9764,39.3700787401575);
#6178=VECTOR('',#9765,39.3700787401575);
#6179=VECTOR('',#9766,39.3700787401575);
#6180=VECTOR('',#9767,39.3700787401575);
#6181=VECTOR('',#9768,39.3700787401575);
#6182=VECTOR('',#9769,39.3700787401575);
#6183=VECTOR('',#9770,39.3700787401575);
#6184=VECTOR('',#9771,39.3700787401575);
#6185=VECTOR('',#9772,39.3700787401575);
#6186=VECTOR('',#9773,39.3700787401575);
#6187=VECTOR('',#9774,39.3700787401575);
#6188=VECTOR('',#9775,39.3700787401575);
#6189=VECTOR('',#9776,39.3700787401575);
#6190=VECTOR('',#9777,39.3700787401575);
#6191=VECTOR('',#9778,39.3700787401575);
#6192=VECTOR('',#9779,39.3700787401575);
#6193=VECTOR('',#9782,39.3700787401575);
#6194=VECTOR('',#9783,39.3700787401575);
#6195=VECTOR('',#9784,39.3700787401575);
#6196=VECTOR('',#9785,39.3700787401575);
#6197=VECTOR('',#9786,39.3700787401575);
#6198=VECTOR('',#9787,39.3700787401575);
#6199=VECTOR('',#9788,39.3700787401575);
#6200=VECTOR('',#9791,39.3700787401575);
#6201=VECTOR('',#9792,39.3700787401575);
#6202=VECTOR('',#9793,39.3700787401575);
#6203=VECTOR('',#9794,39.3700787401575);
#6204=VECTOR('',#9795,39.3700787401575);
#6205=VECTOR('',#9796,39.3700787401575);
#6206=VECTOR('',#9799,39.3700787401575);
#6207=VECTOR('',#9800,39.3700787401575);
#6208=VECTOR('',#9801,39.3700787401575);
#6209=VECTOR('',#9802,39.3700787401575);
#6210=VECTOR('',#9803,39.3700787401575);
#6211=VECTOR('',#9804,39.3700787401575);
#6212=VECTOR('',#9807,39.3700787401575);
#6213=VECTOR('',#9808,39.3700787401575);
#6214=VECTOR('',#9809,39.3700787401575);
#6215=VECTOR('',#9810,39.3700787401575);
#6216=VECTOR('',#9811,39.3700787401575);
#6217=VECTOR('',#9812,39.3700787401575);
#6218=VECTOR('',#9815,39.3700787401575);
#6219=VECTOR('',#9816,39.3700787401575);
#6220=VECTOR('',#9817,39.3700787401575);
#6221=VECTOR('',#9818,39.3700787401575);
#6222=VECTOR('',#9819,39.3700787401575);
#6223=VECTOR('',#9820,39.3700787401575);
#6224=VECTOR('',#9823,39.3700787401575);
#6225=VECTOR('',#9824,39.3700787401575);
#6226=VECTOR('',#9825,39.3700787401575);
#6227=VECTOR('',#9826,39.3700787401575);
#6228=VECTOR('',#9827,39.3700787401575);
#6229=VECTOR('',#9828,39.3700787401575);
#6230=VECTOR('',#9829,39.3700787401575);
#6231=VECTOR('',#9830,39.3700787401575);
#6232=VECTOR('',#9833,39.3700787401575);
#6233=VECTOR('',#9834,39.3700787401575);
#6234=VECTOR('',#9835,39.3700787401575);
#6235=VECTOR('',#9836,39.3700787401575);
#6236=VECTOR('',#9837,39.3700787401575);
#6237=VECTOR('',#9838,39.3700787401575);
#6238=VECTOR('',#9839,39.3700787401575);
#6239=VECTOR('',#9840,39.3700787401575);
#6240=VECTOR('',#9843,39.3700787401575);
#6241=VECTOR('',#9844,39.3700787401575);
#6242=VECTOR('',#9845,39.3700787401575);
#6243=VECTOR('',#9846,39.3700787401575);
#6244=VECTOR('',#9847,39.3700787401575);
#6245=VECTOR('',#9848,39.3700787401575);
#6246=VECTOR('',#9849,39.3700787401575);
#6247=VECTOR('',#9850,39.3700787401575);
#6248=VECTOR('',#9853,39.3700787401575);
#6249=VECTOR('',#9854,39.3700787401575);
#6250=VECTOR('',#9855,39.3700787401575);
#6251=VECTOR('',#9856,39.3700787401575);
#6252=VECTOR('',#9857,39.3700787401575);
#6253=VECTOR('',#9858,39.3700787401575);
#6254=VECTOR('',#9859,39.3700787401575);
#6255=VECTOR('',#9860,39.3700787401575);
#6256=VECTOR('',#9863,39.3700787401575);
#6257=VECTOR('',#9864,39.3700787401575);
#6258=VECTOR('',#9865,39.3700787401575);
#6259=VECTOR('',#9866,39.3700787401575);
#6260=VECTOR('',#9867,39.3700787401575);
#6261=VECTOR('',#9868,39.3700787401575);
#6262=VECTOR('',#9869,39.3700787401575);
#6263=VECTOR('',#9870,39.3700787401575);
#6264=VECTOR('',#9873,39.3700787401575);
#6265=VECTOR('',#9874,39.3700787401575);
#6266=VECTOR('',#9875,39.3700787401575);
#6267=VECTOR('',#9876,39.3700787401575);
#6268=VECTOR('',#9877,39.3700787401575);
#6269=VECTOR('',#9878,39.3700787401575);
#6270=VECTOR('',#9879,39.3700787401575);
#6271=VECTOR('',#9880,39.3700787401575);
#6272=VECTOR('',#9883,39.3700787401575);
#6273=VECTOR('',#9884,39.3700787401575);
#6274=VECTOR('',#9885,39.3700787401575);
#6275=VECTOR('',#9886,39.3700787401575);
#6276=VECTOR('',#9887,39.3700787401575);
#6277=VECTOR('',#9888,39.3700787401575);
#6278=VECTOR('',#9889,39.3700787401575);
#6279=VECTOR('',#9892,39.3700787401575);
#6280=VECTOR('',#9893,39.3700787401575);
#6281=VECTOR('',#9894,39.3700787401575);
#6282=VECTOR('',#9895,39.3700787401575);
#6283=VECTOR('',#9896,39.3700787401575);
#6284=VECTOR('',#9897,39.3700787401575);
#6285=VECTOR('',#9898,39.3700787401575);
#6286=VECTOR('',#9901,39.3700787401575);
#6287=VECTOR('',#9902,39.3700787401575);
#6288=VECTOR('',#9903,39.3700787401575);
#6289=VECTOR('',#9904,39.3700787401575);
#6290=VECTOR('',#9905,39.3700787401575);
#6291=VECTOR('',#9906,39.3700787401575);
#6292=VECTOR('',#9907,39.3700787401575);
#6293=VECTOR('',#9910,39.3700787401575);
#6294=VECTOR('',#9911,39.3700787401575);
#6295=VECTOR('',#9912,39.3700787401575);
#6296=VECTOR('',#9913,39.3700787401575);
#6297=VECTOR('',#9914,39.3700787401575);
#6298=VECTOR('',#9915,39.3700787401575);
#6299=VECTOR('',#9916,39.3700787401575);
#6300=VECTOR('',#9919,39.3700787401575);
#6301=VECTOR('',#9920,39.3700787401575);
#6302=VECTOR('',#9921,39.3700787401575);
#6303=VECTOR('',#9922,39.3700787401575);
#6304=VECTOR('',#9925,39.3700787401575);
#6305=VECTOR('',#9926,39.3700787401575);
#6306=VECTOR('',#9927,39.3700787401575);
#6307=VECTOR('',#9928,39.3700787401575);
#6308=VECTOR('',#9931,39.3700787401575);
#6309=VECTOR('',#9932,39.3700787401575);
#6310=VECTOR('',#9933,39.3700787401575);
#6311=VECTOR('',#9934,39.3700787401575);
#6312=VECTOR('',#9937,39.3700787401575);
#6313=VECTOR('',#9938,39.3700787401575);
#6314=VECTOR('',#9939,39.3700787401575);
#6315=VECTOR('',#9940,39.3700787401575);
#6316=VECTOR('',#9943,39.3700787401575);
#6317=VECTOR('',#9944,39.3700787401575);
#6318=VECTOR('',#9945,39.3700787401575);
#6319=VECTOR('',#9946,39.3700787401575);
#6320=VECTOR('',#9949,39.3700787401575);
#6321=VECTOR('',#9950,39.3700787401575);
#6322=VECTOR('',#9951,39.3700787401575);
#6323=VECTOR('',#9952,39.3700787401575);
#6324=VECTOR('',#9955,39.3700787401575);
#6325=VECTOR('',#9956,39.3700787401575);
#6326=VECTOR('',#9957,39.3700787401575);
#6327=VECTOR('',#9958,39.3700787401575);
#6328=VECTOR('',#9961,39.3700787401575);
#6329=VECTOR('',#9962,39.3700787401575);
#6330=VECTOR('',#9963,39.3700787401575);
#6331=VECTOR('',#9964,39.3700787401575);
#6332=VECTOR('',#9967,39.3700787401575);
#6333=VECTOR('',#9968,39.3700787401575);
#6334=VECTOR('',#9969,39.3700787401575);
#6335=VECTOR('',#9970,39.3700787401575);
#6336=VECTOR('',#9973,39.3700787401575);
#6337=VECTOR('',#9974,39.3700787401575);
#6338=VECTOR('',#9975,39.3700787401575);
#6339=VECTOR('',#9976,39.3700787401575);
#6340=VECTOR('',#9979,39.3700787401575);
#6341=VECTOR('',#9980,39.3700787401575);
#6342=VECTOR('',#9981,39.3700787401575);
#6343=VECTOR('',#9982,39.3700787401575);
#6344=VECTOR('',#9985,39.3700787401575);
#6345=VECTOR('',#9986,39.3700787401575);
#6346=VECTOR('',#9987,39.3700787401575);
#6347=VECTOR('',#9988,39.3700787401575);
#6348=VECTOR('',#9991,39.3700787401575);
#6349=VECTOR('',#9992,39.3700787401575);
#6350=VECTOR('',#9993,39.3700787401575);
#6351=VECTOR('',#9994,39.3700787401575);
#6352=VECTOR('',#9997,39.3700787401575);
#6353=VECTOR('',#9998,39.3700787401575);
#6354=VECTOR('',#9999,39.3700787401575);
#6355=VECTOR('',#10000,39.3700787401575);
#6356=VECTOR('',#10003,39.3700787401575);
#6357=VECTOR('',#10004,39.3700787401575);
#6358=VECTOR('',#10005,39.3700787401575);
#6359=VECTOR('',#10006,39.3700787401575);
#6360=VECTOR('',#10009,39.3700787401575);
#6361=VECTOR('',#10010,39.3700787401575);
#6362=VECTOR('',#10011,39.3700787401575);
#6363=VECTOR('',#10012,39.3700787401575);
#6364=VECTOR('',#10015,39.3700787401575);
#6365=VECTOR('',#10016,39.3700787401575);
#6366=VECTOR('',#10019,39.3700787401575);
#6367=VECTOR('',#10020,39.3700787401575);
#6368=VECTOR('',#10023,39.3700787401575);
#6369=VECTOR('',#10024,39.3700787401575);
#6370=VECTOR('',#10027,39.3700787401575);
#6371=VECTOR('',#10028,39.3700787401575);
#6372=VECTOR('',#10031,39.3700787401575);
#6373=VECTOR('',#10032,39.3700787401575);
#6374=VECTOR('',#10035,39.3700787401575);
#6375=VECTOR('',#10036,39.3700787401575);
#6376=VECTOR('',#10039,39.3700787401575);
#6377=VECTOR('',#10040,39.3700787401575);
#6378=VECTOR('',#10043,39.3700787401575);
#6379=VECTOR('',#10044,39.3700787401575);
#6380=VECTOR('',#10047,39.3700787401575);
#6381=VECTOR('',#10048,39.3700787401575);
#6382=VECTOR('',#10049,39.3700787401575);
#6383=VECTOR('',#10052,39.3700787401575);
#6384=VECTOR('',#10053,39.3700787401575);
#6385=VECTOR('',#10054,39.3700787401575);
#6386=VECTOR('',#10057,39.3700787401575);
#6387=VECTOR('',#10058,39.3700787401575);
#6388=VECTOR('',#10059,39.3700787401575);
#6389=VECTOR('',#10062,39.3700787401575);
#6390=VECTOR('',#10063,39.3700787401575);
#6391=VECTOR('',#10064,39.3700787401575);
#6392=VECTOR('',#10067,39.3700787401575);
#6393=VECTOR('',#10068,39.3700787401575);
#6394=VECTOR('',#10069,39.3700787401575);
#6395=VECTOR('',#10072,39.3700787401575);
#6396=VECTOR('',#10073,39.3700787401575);
#6397=VECTOR('',#10074,39.3700787401575);
#6398=VECTOR('',#10077,39.3700787401575);
#6399=VECTOR('',#10078,39.3700787401575);
#6400=VECTOR('',#10079,39.3700787401575);
#6401=VECTOR('',#10082,39.3700787401575);
#6402=VECTOR('',#10083,39.3700787401575);
#6403=VECTOR('',#10084,39.3700787401575);
#6404=VECTOR('',#10087,39.3700787401575);
#6405=VECTOR('',#10088,39.3700787401575);
#6406=VECTOR('',#10089,39.3700787401575);
#6407=VECTOR('',#10090,39.3700787401575);
#6408=VECTOR('',#10093,39.3700787401575);
#6409=VECTOR('',#10094,39.3700787401575);
#6410=VECTOR('',#10095,39.3700787401575);
#6411=VECTOR('',#10096,39.3700787401575);
#6412=VECTOR('',#10097,39.3700787401575);
#6413=VECTOR('',#10098,39.3700787401575);
#6414=VECTOR('',#10099,39.3700787401575);
#6415=VECTOR('',#10100,39.3700787401575);
#6416=VECTOR('',#10101,39.3700787401575);
#6417=VECTOR('',#10102,39.3700787401575);
#6418=VECTOR('',#10103,39.3700787401575);
#6419=VECTOR('',#10104,39.3700787401575);
#6420=VECTOR('',#10105,39.3700787401575);
#6421=VECTOR('',#10106,39.3700787401575);
#6422=VECTOR('',#10107,39.3700787401575);
#6423=VECTOR('',#10108,39.3700787401575);
#6424=VECTOR('',#10109,39.3700787401575);
#6425=VECTOR('',#10110,39.3700787401575);
#6426=VECTOR('',#10111,39.3700787401575);
#6427=VECTOR('',#10112,39.3700787401575);
#6428=VECTOR('',#10113,39.3700787401575);
#6429=VECTOR('',#10114,39.3700787401575);
#6430=VECTOR('',#10115,39.3700787401575);
#6431=VECTOR('',#10116,39.3700787401575);
#6432=VECTOR('',#10117,39.3700787401575);
#6433=VECTOR('',#10118,39.3700787401575);
#6434=VECTOR('',#10119,39.3700787401575);
#6435=VECTOR('',#10120,39.3700787401575);
#6436=VECTOR('',#10121,39.3700787401575);
#6437=VECTOR('',#10122,39.3700787401575);
#6438=VECTOR('',#10123,39.3700787401575);
#6439=VECTOR('',#10124,39.3700787401575);
#6440=VECTOR('',#10125,39.3700787401575);
#6441=VECTOR('',#10126,39.3700787401575);
#6442=VECTOR('',#10127,39.3700787401575);
#6443=VECTOR('',#10128,39.3700787401575);
#6444=VECTOR('',#10129,39.3700787401575);
#6445=VECTOR('',#10130,39.3700787401575);
#6446=VECTOR('',#10131,39.3700787401575);
#6447=VECTOR('',#10132,39.3700787401575);
#6448=VECTOR('',#10133,39.3700787401575);
#6449=VECTOR('',#10134,39.3700787401575);
#6450=VECTOR('',#10135,39.3700787401575);
#6451=VECTOR('',#10136,39.3700787401575);
#6452=VECTOR('',#10137,39.3700787401575);
#6453=VECTOR('',#10138,39.3700787401575);
#6454=VECTOR('',#10139,39.3700787401575);
#6455=VECTOR('',#10140,39.3700787401575);
#6456=VECTOR('',#10141,39.3700787401575);
#6457=VECTOR('',#10142,39.3700787401575);
#6458=VECTOR('',#10143,39.3700787401575);
#6459=VECTOR('',#10144,39.3700787401575);
#6460=VECTOR('',#10145,39.3700787401575);
#6461=VECTOR('',#10146,39.3700787401575);
#6462=VECTOR('',#10147,39.3700787401575);
#6463=VECTOR('',#10148,39.3700787401575);
#6464=VECTOR('',#10151,39.3700787401575);
#6465=VECTOR('',#10152,39.3700787401575);
#6466=VECTOR('',#10153,39.3700787401575);
#6467=VECTOR('',#10154,39.3700787401575);
#6468=VECTOR('',#10155,39.3700787401575);
#6469=VECTOR('',#10156,39.3700787401575);
#6470=VECTOR('',#10157,39.3700787401575);
#6471=VECTOR('',#10158,39.3700787401575);
#6472=VECTOR('',#10159,39.3700787401575);
#6473=VECTOR('',#10160,39.3700787401575);
#6474=VECTOR('',#10161,39.3700787401575);
#6475=VECTOR('',#10162,39.3700787401575);
#6476=VECTOR('',#10163,39.3700787401575);
#6477=VECTOR('',#10164,39.3700787401575);
#6478=VECTOR('',#10165,39.3700787401575);
#6479=VECTOR('',#10166,39.3700787401575);
#6480=VECTOR('',#10167,39.3700787401575);
#6481=VECTOR('',#10168,39.3700787401575);
#6482=VECTOR('',#10169,39.3700787401575);
#6483=VECTOR('',#10170,39.3700787401575);
#6484=VECTOR('',#10171,39.3700787401575);
#6485=VECTOR('',#10172,39.3700787401575);
#6486=VECTOR('',#10173,39.3700787401575);
#6487=VECTOR('',#10174,39.3700787401575);
#6488=VECTOR('',#10175,39.3700787401575);
#6489=VECTOR('',#10176,39.3700787401575);
#6490=VECTOR('',#10177,39.3700787401575);
#6491=VECTOR('',#10178,39.3700787401575);
#6492=VECTOR('',#10179,39.3700787401575);
#6493=VECTOR('',#10182,39.3700787401575);
#6494=VECTOR('',#10183,39.3700787401575);
#6495=VECTOR('',#10184,39.3700787401575);
#6496=VECTOR('',#10187,39.3700787401575);
#6497=VECTOR('',#10188,39.3700787401575);
#6498=VECTOR('',#10189,39.3700787401575);
#6499=VECTOR('',#10192,39.3700787401575);
#6500=VECTOR('',#10193,39.3700787401575);
#6501=VECTOR('',#10196,39.3700787401575);
#6502=VECTOR('',#10197,39.3700787401575);
#6503=VECTOR('',#10200,39.3700787401575);
#6504=VECTOR('',#10201,39.3700787401575);
#6505=VECTOR('',#10202,39.3700787401575);
#6506=VECTOR('',#10205,39.3700787401575);
#6507=VECTOR('',#10206,39.3700787401575);
#6508=VECTOR('',#10207,39.3700787401575);
#6509=VECTOR('',#10210,39.3700787401575);
#6510=VECTOR('',#10211,39.3700787401575);
#6511=VECTOR('',#10214,39.3700787401575);
#6512=VECTOR('',#10215,39.3700787401575);
#6513=VECTOR('',#10218,39.3700787401575);
#6514=VECTOR('',#10219,39.3700787401575);
#6515=VECTOR('',#10220,39.3700787401575);
#6516=VECTOR('',#10223,39.3700787401575);
#6517=VECTOR('',#10224,39.3700787401575);
#6518=VECTOR('',#10225,39.3700787401575);
#6519=VECTOR('',#10228,39.3700787401575);
#6520=VECTOR('',#10229,39.3700787401575);
#6521=VECTOR('',#10232,39.3700787401575);
#6522=VECTOR('',#10233,39.3700787401575);
#6523=VECTOR('',#10236,39.3700787401575);
#6524=VECTOR('',#10237,39.3700787401575);
#6525=VECTOR('',#10238,39.3700787401575);
#6526=VECTOR('',#10241,39.3700787401575);
#6527=VECTOR('',#10242,39.3700787401575);
#6528=VECTOR('',#10243,39.3700787401575);
#6529=VECTOR('',#10246,39.3700787401575);
#6530=VECTOR('',#10247,39.3700787401575);
#6531=VECTOR('',#10250,39.3700787401575);
#6532=VECTOR('',#10251,39.3700787401575);
#6533=VECTOR('',#10274,39.3700787401575);
#6534=VECTOR('',#10275,39.3700787401575);
#6535=VECTOR('',#10278,39.3700787401575);
#6536=VECTOR('',#10281,39.3700787401575);
#6537=VECTOR('',#10282,39.3700787401575);
#6538=VECTOR('',#10285,39.3700787401575);
#6539=VECTOR('',#10288,39.3700787401575);
#6540=VECTOR('',#10289,39.3700787401575);
#6541=VECTOR('',#10292,39.3700787401575);
#6542=VECTOR('',#10295,39.3700787401575);
#6543=VECTOR('',#10296,39.3700787401575);
#6544=VECTOR('',#10299,39.3700787401575);
#6545=VECTOR('',#10302,39.3700787401575);
#6546=VECTOR('',#10303,39.3700787401575);
#6547=VECTOR('',#10306,39.3700787401575);
#6548=VECTOR('',#10309,39.3700787401575);
#6549=VECTOR('',#10312,39.3700787401575);
#6550=VECTOR('',#10315,39.3700787401575);
#6551=VECTOR('',#10318,39.3700787401575);
#6552=VECTOR('',#10321,39.3700787401575);
#6553=VECTOR('',#10324,39.3700787401575);
#6554=VECTOR('',#10325,39.3700787401575);
#6555=VECTOR('',#10328,39.3700787401575);
#6556=VECTOR('',#10331,39.3700787401575);
#6557=VECTOR('',#10332,39.3700787401575);
#6558=VECTOR('',#10335,39.3700787401575);
#6559=VECTOR('',#10338,39.3700787401575);
#6560=VECTOR('',#10339,39.3700787401575);
#6561=VECTOR('',#10342,39.3700787401575);
#6562=VECTOR('',#10345,39.3700787401575);
#6563=VECTOR('',#10346,39.3700787401575);
#6564=VECTOR('',#10349,39.3700787401575);
#6565=VECTOR('',#10352,39.3700787401575);
#6566=VECTOR('',#10353,39.3700787401575);
#6567=VECTOR('',#10356,39.3700787401575);
#6568=VECTOR('',#10359,39.3700787401575);
#6569=VECTOR('',#10362,39.3700787401575);
#6570=VECTOR('',#10365,39.3700787401575);
#6571=VECTOR('',#10368,39.3700787401575);
#6572=VECTOR('',#10371,39.3700787401575);
#6573=VECTOR('',#10394,39.3700787401575);
#6574=VECTOR('',#10395,39.3700787401575);
#6575=VECTOR('',#10396,39.3700787401575);
#6576=VECTOR('',#10397,39.3700787401575);
#6577=VECTOR('',#10398,39.3700787401575);
#6578=VECTOR('',#10399,39.3700787401575);
#6579=VECTOR('',#10400,39.3700787401575);
#6580=VECTOR('',#10401,39.3700787401575);
#6581=VECTOR('',#10402,39.3700787401575);
#6582=VECTOR('',#10403,39.3700787401575);
#6583=VECTOR('',#10404,39.3700787401575);
#6584=VECTOR('',#10405,39.3700787401575);
#6585=VECTOR('',#10406,39.3700787401575);
#6586=VECTOR('',#10407,39.3700787401575);
#6587=VECTOR('',#10410,39.3700787401575);
#6588=VECTOR('',#10411,39.3700787401575);
#6589=VECTOR('',#10412,39.3700787401575);
#6590=VECTOR('',#10413,39.3700787401575);
#6591=VECTOR('',#10414,39.3700787401575);
#6592=VECTOR('',#10415,39.3700787401575);
#6593=VECTOR('',#10416,39.3700787401575);
#6594=VECTOR('',#10417,39.3700787401575);
#6595=VECTOR('',#10418,39.3700787401575);
#6596=VECTOR('',#10419,39.3700787401575);
#6597=VECTOR('',#10420,39.3700787401575);
#6598=VECTOR('',#10421,39.3700787401575);
#6599=VECTOR('',#10422,39.3700787401575);
#6600=VECTOR('',#10423,39.3700787401575);
#6601=VECTOR('',#10426,39.3700787401575);
#6602=VECTOR('',#10427,39.3700787401575);
#6603=VECTOR('',#10428,39.3700787401575);
#6604=VECTOR('',#10429,39.3700787401575);
#6605=VECTOR('',#10432,39.3700787401575);
#6606=VECTOR('',#10433,39.3700787401575);
#6607=VECTOR('',#10434,39.3700787401575);
#6608=VECTOR('',#10435,39.3700787401575);
#6609=VECTOR('',#10438,39.3700787401575);
#6610=VECTOR('',#10439,39.3700787401575);
#6611=VECTOR('',#10440,39.3700787401575);
#6612=VECTOR('',#10441,39.3700787401575);
#6613=VECTOR('',#10444,39.3700787401575);
#6614=VECTOR('',#10445,39.3700787401575);
#6615=VECTOR('',#10446,39.3700787401575);
#6616=VECTOR('',#10447,39.3700787401575);
#6617=VECTOR('',#10450,39.3700787401575);
#6618=VECTOR('',#10453,39.3700787401575);
#6619=VECTOR('',#10462,39.3700787401575);
#6620=VECTOR('',#10463,39.3700787401575);
#6621=VECTOR('',#10466,39.3700787401575);
#6622=VECTOR('',#10467,39.3700787401575);
#6623=VECTOR('',#10470,39.3700787401575);
#6624=VECTOR('',#10475,39.3700787401575);
#6625=VECTOR('',#10476,39.3700787401575);
#6626=VECTOR('',#10477,39.3700787401575);
#6627=VECTOR('',#10480,39.3700787401575);
#6628=VECTOR('',#10483,39.3700787401575);
#6629=VECTOR('',#10488,39.3700787401575);
#6630=VECTOR('',#10489,39.3700787401575);
#6631=VECTOR('',#10490,39.3700787401575);
#6632=VECTOR('',#10493,39.3700787401575);
#6633=VECTOR('',#10496,39.3700787401575);
#6634=VECTOR('',#10501,39.3700787401575);
#6635=VECTOR('',#10502,39.3700787401575);
#6636=VECTOR('',#10505,39.3700787401575);
#6637=VECTOR('',#10506,39.3700787401575);
#6638=VECTOR('',#10509,39.3700787401575);
#6639=VECTOR('',#10514,39.3700787401575);
#6640=VECTOR('',#10515,39.3700787401575);
#6641=VECTOR('',#10518,39.3700787401575);
#6642=VECTOR('',#10519,39.3700787401575);
#6643=VECTOR('',#10522,39.3700787401575);
#6644=VECTOR('',#10527,39.3700787401575);
#6645=VECTOR('',#10528,39.3700787401575);
#6646=VECTOR('',#10531,39.3700787401575);
#6647=VECTOR('',#10532,39.3700787401575);
#6648=VECTOR('',#10535,39.3700787401575);
#6649=VECTOR('',#10564,39.3700787401575);
#6650=VECTOR('',#10565,39.3700787401575);
#6651=VECTOR('',#10568,39.3700787401575);
#6652=VECTOR('',#10573,39.3700787401575);
#6653=VECTOR('',#10574,39.3700787401575);
#6654=VECTOR('',#10575,39.3700787401575);
#6655=VECTOR('',#10576,39.3700787401575);
#6656=VECTOR('',#10581,39.3700787401575);
#6657=VECTOR('',#10584,39.3700787401575);
#6658=VECTOR('',#10585,39.3700787401575);
#6659=VECTOR('',#10596,39.3700787401575);
#6660=VECTOR('',#10597,39.3700787401575);
#6661=VECTOR('',#10598,39.3700787401575);
#6662=VECTOR('',#10601,39.3700787401575);
#6663=VECTOR('',#10602,39.3700787401575);
#6664=VECTOR('',#10605,39.3700787401575);
#6665=VECTOR('',#10606,39.3700787401575);
#6666=VECTOR('',#10609,39.3700787401575);
#6667=VECTOR('',#10614,39.3700787401575);
#6668=VECTOR('',#10615,39.3700787401575);
#6669=VECTOR('',#10616,39.3700787401575);
#6670=VECTOR('',#10619,39.3700787401575);
#6671=VECTOR('',#10620,39.3700787401575);
#6672=VECTOR('',#10623,39.3700787401575);
#6673=VECTOR('',#10624,39.3700787401575);
#6674=VECTOR('',#10627,39.3700787401575);
#6675=VECTOR('',#10628,39.3700787401575);
#6676=VECTOR('',#10631,39.3700787401575);
#6677=VECTOR('',#10632,39.3700787401575);
#6678=VECTOR('',#10635,39.3700787401575);
#6679=VECTOR('',#10636,39.3700787401575);
#6680=VECTOR('',#10639,39.3700787401575);
#6681=VECTOR('',#10640,39.3700787401575);
#6682=VECTOR('',#10643,39.3700787401575);
#6683=VECTOR('',#10644,39.3700787401575);
#6684=VECTOR('',#10647,39.3700787401575);
#6685=VECTOR('',#10648,39.3700787401575);
#6686=VECTOR('',#10651,39.3700787401575);
#6687=VECTOR('',#10652,39.3700787401575);
#6688=VECTOR('',#10655,39.3700787401575);
#6689=VECTOR('',#10656,39.3700787401575);
#6690=VECTOR('',#10659,39.3700787401575);
#6691=VECTOR('',#10664,39.3700787401575);
#6692=VECTOR('',#10665,39.3700787401575);
#6693=VECTOR('',#10666,39.3700787401575);
#6694=VECTOR('',#10669,39.3700787401575);
#6695=VECTOR('',#10670,39.3700787401575);
#6696=VECTOR('',#10673,39.3700787401575);
#6697=VECTOR('',#10674,39.3700787401575);
#6698=VECTOR('',#10677,39.3700787401575);
#6699=VECTOR('',#10684,39.3700787401575);
#6700=VECTOR('',#10685,39.3700787401575);
#6701=VECTOR('',#10686,39.3700787401575);
#6702=VECTOR('',#10687,39.3700787401575);
#6703=VECTOR('',#10690,39.3700787401575);
#6704=VECTOR('',#10691,39.3700787401575);
#6705=VECTOR('',#10692,39.3700787401575);
#6706=VECTOR('',#10693,39.3700787401575);
#6707=VECTOR('',#10696,39.3700787401575);
#6708=VECTOR('',#10697,39.3700787401575);
#6709=VECTOR('',#10698,39.3700787401575);
#6710=VECTOR('',#10699,39.3700787401575);
#6711=VECTOR('',#10700,39.3700787401575);
#6712=VECTOR('',#10701,39.3700787401575);
#6713=VECTOR('',#10702,39.3700787401575);
#6714=VECTOR('',#10703,39.3700787401575);
#6715=VECTOR('',#10706,39.3700787401575);
#6716=VECTOR('',#10707,39.3700787401575);
#6717=VECTOR('',#10708,39.3700787401575);
#6718=VECTOR('',#10709,39.3700787401575);
#6719=VECTOR('',#10712,39.3700787401575);
#6720=VECTOR('',#10713,39.3700787401575);
#6721=VECTOR('',#10714,39.3700787401575);
#6722=VECTOR('',#10715,39.3700787401575);
#6723=VECTOR('',#10718,39.3700787401575);
#6724=VECTOR('',#10719,39.3700787401575);
#6725=VECTOR('',#10720,39.3700787401575);
#6726=VECTOR('',#10721,39.3700787401575);
#6727=VECTOR('',#10724,39.3700787401575);
#6728=VECTOR('',#10725,39.3700787401575);
#6729=VECTOR('',#10726,39.3700787401575);
#6730=VECTOR('',#10727,39.3700787401575);
#6731=VECTOR('',#10730,39.3700787401575);
#6732=VECTOR('',#10731,39.3700787401575);
#6733=VECTOR('',#10732,39.3700787401575);
#6734=VECTOR('',#10733,39.3700787401575);
#6735=VECTOR('',#10736,39.3700787401575);
#6736=VECTOR('',#10737,39.3700787401575);
#6737=VECTOR('',#10738,39.3700787401575);
#6738=VECTOR('',#10739,39.3700787401575);
#6739=VECTOR('',#10742,39.3700787401575);
#6740=VECTOR('',#10743,39.3700787401575);
#6741=VECTOR('',#10744,39.3700787401575);
#6742=VECTOR('',#10745,39.3700787401575);
#6743=VECTOR('',#10748,39.3700787401575);
#6744=VECTOR('',#10749,39.3700787401575);
#6745=VECTOR('',#10750,39.3700787401575);
#6746=VECTOR('',#10751,39.3700787401575);
#6747=VECTOR('',#10754,39.3700787401575);
#6748=VECTOR('',#10755,39.3700787401575);
#6749=VECTOR('',#10756,39.3700787401575);
#6750=VECTOR('',#10757,39.3700787401575);
#6751=VECTOR('',#10760,39.3700787401575);
#6752=VECTOR('',#10761,39.3700787401575);
#6753=VECTOR('',#10762,39.3700787401575);
#6754=VECTOR('',#10763,39.3700787401575);
#6755=VECTOR('',#10766,39.3700787401575);
#6756=VECTOR('',#10767,39.3700787401575);
#6757=VECTOR('',#10768,39.3700787401575);
#6758=VECTOR('',#10769,39.3700787401575);
#6759=VECTOR('',#10772,39.3700787401575);
#6760=VECTOR('',#10773,39.3700787401575);
#6761=VECTOR('',#10774,39.3700787401575);
#6762=VECTOR('',#10775,39.3700787401575);
#6763=VECTOR('',#10778,39.3700787401575);
#6764=VECTOR('',#10779,39.3700787401575);
#6765=VECTOR('',#10780,39.3700787401575);
#6766=VECTOR('',#10781,39.3700787401575);
#6767=VECTOR('',#10784,39.3700787401575);
#6768=VECTOR('',#10785,39.3700787401575);
#6769=VECTOR('',#10786,39.3700787401575);
#6770=VECTOR('',#10787,39.3700787401575);
#6771=VECTOR('',#10790,39.3700787401575);
#6772=VECTOR('',#10791,39.3700787401575);
#6773=VECTOR('',#10792,39.3700787401575);
#6774=VECTOR('',#10793,39.3700787401575);
#6775=VECTOR('',#10796,39.3700787401575);
#6776=VECTOR('',#10797,39.3700787401575);
#6777=VECTOR('',#10798,39.3700787401575);
#6778=VECTOR('',#10799,39.3700787401575);
#6779=VECTOR('',#10802,39.3700787401575);
#6780=VECTOR('',#10803,39.3700787401575);
#6781=VECTOR('',#10804,39.3700787401575);
#6782=VECTOR('',#10805,39.3700787401575);
#6783=VECTOR('',#10806,39.3700787401575);
#6784=VECTOR('',#10807,39.3700787401575);
#6785=VECTOR('',#10808,39.3700787401575);
#6786=VECTOR('',#10809,39.3700787401575);
#6787=VECTOR('',#10812,39.3700787401575);
#6788=VECTOR('',#10813,39.3700787401575);
#6789=VECTOR('',#10814,39.3700787401575);
#6790=VECTOR('',#10815,39.3700787401575);
#6791=VECTOR('',#10818,39.3700787401575);
#6792=VECTOR('',#10819,39.3700787401575);
#6793=VECTOR('',#10820,39.3700787401575);
#6794=VECTOR('',#10821,39.3700787401575);
#6795=VECTOR('',#10824,39.3700787401575);
#6796=VECTOR('',#10825,39.3700787401575);
#6797=VECTOR('',#10826,39.3700787401575);
#6798=VECTOR('',#10827,39.3700787401575);
#6799=VECTOR('',#10830,39.3700787401575);
#6800=VECTOR('',#10831,39.3700787401575);
#6801=VECTOR('',#10832,39.3700787401575);
#6802=VECTOR('',#10833,39.3700787401575);
#6803=VECTOR('',#10836,39.3700787401575);
#6804=VECTOR('',#10837,39.3700787401575);
#6805=VECTOR('',#10838,39.3700787401575);
#6806=VECTOR('',#10839,39.3700787401575);
#6807=VECTOR('',#10842,39.3700787401575);
#6808=VECTOR('',#10843,39.3700787401575);
#6809=VECTOR('',#10844,39.3700787401575);
#6810=VECTOR('',#10845,39.3700787401575);
#6811=VECTOR('',#10848,39.3700787401575);
#6812=VECTOR('',#10849,39.3700787401575);
#6813=VECTOR('',#10850,39.3700787401575);
#6814=VECTOR('',#10851,39.3700787401575);
#6815=VECTOR('',#10854,39.3700787401575);
#6816=VECTOR('',#10855,39.3700787401575);
#6817=VECTOR('',#10856,39.3700787401575);
#6818=VECTOR('',#10857,39.3700787401575);
#6819=VECTOR('',#10862,39.3700787401575);
#6820=VECTOR('',#10863,39.3700787401575);
#6821=VECTOR('',#10864,39.3700787401575);
#6822=VECTOR('',#10887,39.3700787401575);
#6823=VECTOR('',#10888,39.3700787401575);
#6824=VECTOR('',#10889,39.3700787401575);
#6825=VECTOR('',#10898,39.3700787401575);
#6826=VECTOR('',#10899,39.3700787401575);
#6827=VECTOR('',#10908,39.3700787401575);
#6828=VECTOR('',#10909,39.3700787401575);
#6829=VECTOR('',#10918,39.3700787401575);
#6830=VECTOR('',#10919,39.3700787401575);
#6831=VECTOR('',#10924,39.3700787401575);
#6832=VECTOR('',#10925,39.3700787401575);
#6833=VECTOR('',#10926,39.3700787401575);
#6834=VECTOR('',#10927,39.3700787401575);
#6835=VECTOR('',#10930,39.3700787401575);
#6836=VECTOR('',#10931,39.3700787401575);
#6837=VECTOR('',#10932,39.3700787401575);
#6838=VECTOR('',#10933,39.3700787401575);
#6839=VECTOR('',#10956,39.3700787401575);
#6840=VECTOR('',#10957,39.3700787401575);
#6841=VECTOR('',#10958,39.3700787401575);
#6842=VECTOR('',#10967,39.3700787401575);
#6843=VECTOR('',#10968,39.3700787401575);
#6844=VECTOR('',#10977,39.3700787401575);
#6845=VECTOR('',#10978,39.3700787401575);
#6846=VECTOR('',#10987,39.3700787401575);
#6847=VECTOR('',#10988,39.3700787401575);
#6848=VECTOR('',#10997,39.3700787401575);
#6849=VECTOR('',#10998,39.3700787401575);
#6850=VECTOR('',#11001,39.3700787401575);
#6851=VECTOR('',#11002,39.3700787401575);
#6852=VECTOR('',#11003,39.3700787401575);
#6853=VECTOR('',#11006,39.3700787401575);
#6854=VECTOR('',#11007,39.3700787401575);
#6855=VECTOR('',#11008,39.3700787401575);
#6856=VECTOR('',#11011,39.3700787401575);
#6857=VECTOR('',#11012,39.3700787401575);
#6858=VECTOR('',#11013,39.3700787401575);
#6859=VECTOR('',#11016,39.3700787401575);
#6860=VECTOR('',#11017,39.3700787401575);
#6861=VECTOR('',#11018,39.3700787401575);
#6862=VECTOR('',#11021,39.3700787401575);
#6863=VECTOR('',#11022,39.3700787401575);
#6864=VECTOR('',#11023,39.3700787401575);
#6865=VECTOR('',#11026,39.3700787401575);
#6866=VECTOR('',#11027,39.3700787401575);
#6867=VECTOR('',#11028,39.3700787401575);
#6868=VECTOR('',#11031,39.3700787401575);
#6869=VECTOR('',#11032,39.3700787401575);
#6870=VECTOR('',#11033,39.3700787401575);
#6871=VECTOR('',#11036,39.3700787401575);
#6872=VECTOR('',#11037,39.3700787401575);
#6873=VECTOR('',#11038,39.3700787401575);
#6874=VECTOR('',#11041,39.3700787401575);
#6875=VECTOR('',#11042,39.3700787401575);
#6876=VECTOR('',#11043,39.3700787401575);
#6877=VECTOR('',#11044,39.3700787401575);
#6878=VECTOR('',#11047,39.3700787401575);
#6879=VECTOR('',#11048,39.3700787401575);
#6880=VECTOR('',#11049,39.3700787401575);
#6881=VECTOR('',#11050,39.3700787401575);
#6882=VECTOR('',#11053,39.3700787401575);
#6883=VECTOR('',#11056,39.3700787401575);
#6884=VECTOR('',#11059,39.3700787401575);
#6885=VECTOR('',#11060,39.3700787401575);
#6886=VECTOR('',#11061,39.3700787401575);
#6887=VECTOR('',#11062,39.3700787401575);
#6888=VECTOR('',#11063,39.3700787401575);
#6889=VECTOR('',#11064,39.3700787401575);
#6890=VECTOR('',#11065,39.3700787401575);
#6891=VECTOR('',#11066,39.3700787401575);
#6892=VECTOR('',#11067,39.3700787401575);
#6893=VECTOR('',#11068,39.3700787401575);
#6894=VECTOR('',#11069,39.3700787401575);
#6895=VECTOR('',#11070,39.3700787401575);
#6896=VECTOR('',#11073,39.3700787401575);
#6897=VECTOR('',#11074,39.3700787401575);
#6898=VECTOR('',#11075,39.3700787401575);
#6899=VECTOR('',#11080,39.3700787401575);
#6900=VECTOR('',#11081,39.3700787401575);
#6901=VECTOR('',#11102,39.3700787401575);
#6902=VECTOR('',#11103,39.3700787401575);
#6903=VECTOR('',#11122,39.3700787401575);
#6904=VECTOR('',#11123,39.3700787401575);
#6905=VECTOR('',#11126,39.3700787401575);
#6906=VECTOR('',#11127,39.3700787401575);
#6907=VECTOR('',#11130,39.3700787401575);
#6908=VECTOR('',#11135,39.3700787401575);
#6909=VECTOR('',#11142,39.3700787401575);
#6910=VECTOR('',#11153,39.3700787401575);
#6911=VECTOR('',#11160,39.3700787401575);
#6912=VECTOR('',#11171,39.3700787401575);
#6913=VECTOR('',#11178,39.3700787401575);
#6914=VECTOR('',#11189,39.3700787401575);
#6915=VECTOR('',#11196,39.3700787401575);
#6916=VECTOR('',#11205,39.3700787401575);
#6917=VECTOR('',#11216,39.3700787401575);
#6918=VECTOR('',#11219,39.3700787401575);
#6919=VECTOR('',#11224,39.3700787401575);
#6920=VECTOR('',#11229,39.3700787401575);
#6921=VECTOR('',#11230,39.3700787401575);
#6922=VECTOR('',#11255,39.3700787401575);
#6923=VECTOR('',#11256,39.3700787401575);
#6924=VECTOR('',#11277,39.3700787401575);
#6925=VECTOR('',#11278,39.3700787401575);
#6926=VECTOR('',#11279,39.3700787401575);
#6927=VECTOR('',#11284,39.3700787401575);
#6928=VECTOR('',#11285,39.3700787401575);
#6929=VECTOR('',#11286,39.3700787401575);
#6930=VECTOR('',#11289,39.3700787401575);
#6931=VECTOR('',#11290,39.3700787401575);
#6932=VECTOR('',#11291,39.3700787401575);
#6933=VECTOR('',#11294,39.3700787401575);
#6934=VECTOR('',#11295,39.3700787401575);
#6935=VECTOR('',#11296,39.3700787401575);
#6936=VECTOR('',#11299,39.3700787401575);
#6937=VECTOR('',#11300,39.3700787401575);
#6938=VECTOR('',#11301,39.3700787401575);
#6939=VECTOR('',#11304,39.3700787401575);
#6940=VECTOR('',#11305,39.3700787401575);
#6941=VECTOR('',#11306,39.3700787401575);
#6942=VECTOR('',#11309,39.3700787401575);
#6943=VECTOR('',#11310,39.3700787401575);
#6944=VECTOR('',#11317,39.3700787401575);
#6945=VECTOR('',#11318,39.3700787401575);
#6946=VECTOR('',#11319,39.3700787401575);
#6947=VECTOR('',#11320,39.3700787401575);
#6948=VECTOR('',#11323,39.3700787401575);
#6949=VECTOR('',#11324,39.3700787401575);
#6950=VECTOR('',#11325,39.3700787401575);
#6951=VECTOR('',#11328,39.3700787401575);
#6952=VECTOR('',#11329,39.3700787401575);
#6953=VECTOR('',#11330,39.3700787401575);
#6954=VECTOR('',#11333,39.3700787401575);
#6955=VECTOR('',#11334,39.3700787401575);
#6956=VECTOR('',#11337,39.3700787401575);
#6957=VECTOR('',#11338,39.3700787401575);
#6958=VECTOR('',#11339,39.3700787401575);
#6959=VECTOR('',#11342,39.3700787401575);
#6960=VECTOR('',#11343,39.3700787401575);
#6961=VECTOR('',#11350,39.3700787401575);
#6962=VECTOR('',#11353,39.3700787401575);
#6963=VECTOR('',#11356,39.3700787401575);
#6964=VECTOR('',#11357,39.3700787401575);
#6965=VECTOR('',#11360,39.3700787401575);
#6966=VECTOR('',#11361,39.3700787401575);
#6967=VECTOR('',#11364,39.3700787401575);
#6968=VECTOR('',#11367,39.3700787401575);
#6969=VECTOR('',#11368,39.3700787401575);
#6970=VECTOR('',#11371,39.3700787401575);
#6971=VECTOR('',#11374,39.3700787401575);
#6972=VECTOR('',#11375,39.3700787401575);
#6973=VECTOR('',#11378,39.3700787401575);
#6974=VECTOR('',#11381,39.3700787401575);
#6975=VECTOR('',#11382,39.3700787401575);
#6976=VECTOR('',#11385,39.3700787401575);
#6977=VECTOR('',#11388,39.3700787401575);
#6978=VECTOR('',#11389,39.3700787401575);
#6979=VECTOR('',#11392,39.3700787401575);
#6980=VECTOR('',#11395,39.3700787401575);
#6981=VECTOR('',#11396,39.3700787401575);
#6982=VECTOR('',#11399,39.3700787401575);
#6983=VECTOR('',#11402,39.3700787401575);
#6984=VECTOR('',#11403,39.3700787401575);
#6985=VECTOR('',#11406,39.3700787401575);
#6986=VECTOR('',#11409,39.3700787401575);
#6987=VECTOR('',#11410,39.3700787401575);
#6988=VECTOR('',#11413,39.3700787401575);
#6989=VECTOR('',#11416,39.3700787401575);
#6990=VECTOR('',#11417,39.3700787401575);
#6991=VECTOR('',#11420,39.3700787401575);
#6992=VECTOR('',#11423,39.3700787401575);
#6993=VECTOR('',#11424,39.3700787401575);
#6994=VECTOR('',#11431,39.3700787401575);
#6995=VECTOR('',#11432,39.3700787401575);
#6996=VECTOR('',#11433,39.3700787401575);
#6997=VECTOR('',#11434,39.3700787401575);
#6998=VECTOR('',#11439,39.3700787401575);
#6999=VECTOR('',#11444,39.3700787401575);
#7000=VECTOR('',#11445,39.3700787401575);
#7001=VECTOR('',#11446,39.3700787401575);
#7002=VECTOR('',#11451,39.3700787401575);
#7003=VECTOR('',#11456,39.3700787401575);
#7004=VECTOR('',#11457,39.3700787401575);
#7005=VECTOR('',#11458,39.3700787401575);
#7006=VECTOR('',#11463,39.3700787401575);
#7007=VECTOR('',#11468,39.3700787401575);
#7008=VECTOR('',#11469,39.3700787401575);
#7009=VECTOR('',#11470,39.3700787401575);
#7010=VECTOR('',#11475,39.3700787401575);
#7011=VECTOR('',#11480,39.3700787401575);
#7012=VECTOR('',#11481,39.3700787401575);
#7013=VECTOR('',#11482,39.3700787401575);
#7014=VECTOR('',#11487,39.3700787401575);
#7015=VECTOR('',#11492,39.3700787401575);
#7016=VECTOR('',#11493,39.3700787401575);
#7017=VECTOR('',#11494,39.3700787401575);
#7018=VECTOR('',#11499,39.3700787401575);
#7019=VECTOR('',#11504,39.3700787401575);
#7020=VECTOR('',#11505,39.3700787401575);
#7021=VECTOR('',#11506,39.3700787401575);
#7022=VECTOR('',#11511,39.3700787401575);
#7023=VECTOR('',#11516,39.3700787401575);
#7024=VECTOR('',#11517,39.3700787401575);
#7025=VECTOR('',#11518,39.3700787401575);
#7026=VECTOR('',#11523,39.3700787401575);
#7027=VECTOR('',#11528,39.3700787401575);
#7028=VECTOR('',#11529,39.3700787401575);
#7029=VECTOR('',#11530,39.3700787401575);
#7030=VECTOR('',#11535,39.3700787401575);
#7031=VECTOR('',#11540,39.3700787401575);
#7032=VECTOR('',#11541,39.3700787401575);
#7033=VECTOR('',#11542,39.3700787401575);
#7034=VECTOR('',#11547,39.3700787401575);
#7035=VECTOR('',#11552,39.3700787401575);
#7036=VECTOR('',#11553,39.3700787401575);
#7037=VECTOR('',#11554,39.3700787401575);
#7038=VECTOR('',#11559,39.3700787401575);
#7039=VECTOR('',#11564,39.3700787401575);
#7040=VECTOR('',#11565,39.3700787401575);
#7041=VECTOR('',#11566,39.3700787401575);
#7042=VECTOR('',#11571,39.3700787401575);
#7043=VECTOR('',#11576,39.3700787401575);
#7044=VECTOR('',#11577,39.3700787401575);
#7045=VECTOR('',#11578,39.3700787401575);
#7046=VECTOR('',#11583,39.3700787401575);
#7047=VECTOR('',#11588,39.3700787401575);
#7048=VECTOR('',#11589,39.3700787401575);
#7049=VECTOR('',#11590,39.3700787401575);
#7050=VECTOR('',#11595,39.3700787401575);
#7051=VECTOR('',#11600,39.3700787401575);
#7052=VECTOR('',#11601,39.3700787401575);
#7053=VECTOR('',#11602,39.3700787401575);
#7054=VECTOR('',#11607,39.3700787401575);
#7055=VECTOR('',#11612,39.3700787401575);
#7056=VECTOR('',#11613,39.3700787401575);
#7057=VECTOR('',#11614,39.3700787401575);
#7058=VECTOR('',#11619,39.3700787401575);
#7059=VECTOR('',#11624,39.3700787401575);
#7060=VECTOR('',#11625,39.3700787401575);
#7061=VECTOR('',#11626,39.3700787401575);
#7062=VECTOR('',#11631,39.3700787401575);
#7063=VECTOR('',#11636,39.3700787401575);
#7064=VECTOR('',#11637,39.3700787401575);
#7065=VECTOR('',#11638,39.3700787401575);
#7066=VECTOR('',#11653,39.3700787401575);
#7067=VECTOR('',#11654,39.3700787401575);
#7068=VECTOR('',#11655,39.3700787401575);
#7069=VECTOR('',#11656,39.3700787401575);
#7070=VECTOR('',#11659,39.3700787401575);
#7071=VECTOR('',#11660,39.3700787401575);
#7072=VECTOR('',#11661,39.3700787401575);
#7073=VECTOR('',#11664,39.3700787401575);
#7074=VECTOR('',#11665,39.3700787401575);
#7075=VECTOR('',#11666,39.3700787401575);
#7076=VECTOR('',#11669,39.3700787401575);
#7077=VECTOR('',#11670,39.3700787401575);
#7078=VECTOR('',#11671,39.3700787401575);
#7079=VECTOR('',#11674,39.3700787401575);
#7080=VECTOR('',#11675,39.3700787401575);
#7081=VECTOR('',#11676,39.3700787401575);
#7082=VECTOR('',#11679,39.3700787401575);
#7083=VECTOR('',#11680,39.3700787401575);
#7084=VECTOR('',#11681,39.3700787401575);
#7085=VECTOR('',#11684,39.3700787401575);
#7086=VECTOR('',#11685,39.3700787401575);
#7087=VECTOR('',#11686,39.3700787401575);
#7088=VECTOR('',#11689,39.3700787401575);
#7089=VECTOR('',#11690,39.3700787401575);
#7090=VECTOR('',#11691,39.3700787401575);
#7091=VECTOR('',#11694,39.3700787401575);
#7092=VECTOR('',#11695,39.3700787401575);
#7093=VECTOR('',#11696,39.3700787401575);
#7094=VECTOR('',#11699,39.3700787401575);
#7095=VECTOR('',#11700,39.3700787401575);
#7096=VECTOR('',#11701,39.3700787401575);
#7097=VECTOR('',#11704,39.3700787401575);
#7098=VECTOR('',#11705,39.3700787401575);
#7099=VECTOR('',#11706,39.3700787401575);
#7100=VECTOR('',#11709,39.3700787401575);
#7101=VECTOR('',#11710,39.3700787401575);
#7102=VECTOR('',#11711,39.3700787401575);
#7103=VECTOR('',#11714,39.3700787401575);
#7104=VECTOR('',#11715,39.3700787401575);
#7105=VECTOR('',#11716,39.3700787401575);
#7106=VECTOR('',#11719,39.3700787401575);
#7107=VECTOR('',#11720,39.3700787401575);
#7108=VECTOR('',#11721,39.3700787401575);
#7109=VECTOR('',#11724,39.3700787401575);
#7110=VECTOR('',#11725,39.3700787401575);
#7111=VECTOR('',#11726,39.3700787401575);
#7112=VECTOR('',#11729,39.3700787401575);
#7113=VECTOR('',#11730,39.3700787401575);
#7114=VECTOR('',#11731,39.3700787401575);
#7115=VECTOR('',#11734,39.3700787401575);
#7116=VECTOR('',#11735,39.3700787401575);
#7117=VECTOR('',#11736,39.3700787401575);
#7118=VECTOR('',#11739,39.3700787401575);
#7119=VECTOR('',#11740,39.3700787401575);
#7120=VECTOR('',#11741,39.3700787401575);
#7121=VECTOR('',#11744,39.3700787401575);
#7122=VECTOR('',#11745,39.3700787401575);
#7123=VECTOR('',#11746,39.3700787401575);
#7124=VECTOR('',#11749,39.3700787401575);
#7125=VECTOR('',#11750,39.3700787401575);
#7126=VECTOR('',#11751,39.3700787401575);
#7127=VECTOR('',#11754,39.3700787401575);
#7128=VECTOR('',#11755,39.3700787401575);
#7129=VECTOR('',#11756,39.3700787401575);
#7130=VECTOR('',#11759,39.3700787401575);
#7131=VECTOR('',#11760,39.3700787401575);
#7132=VECTOR('',#11761,39.3700787401575);
#7133=VECTOR('',#11764,39.3700787401575);
#7134=VECTOR('',#11765,39.3700787401575);
#7135=VECTOR('',#11766,39.3700787401575);
#7136=VECTOR('',#11769,39.3700787401575);
#7137=VECTOR('',#11770,39.3700787401575);
#7138=VECTOR('',#11771,39.3700787401575);
#7139=VECTOR('',#11774,39.3700787401575);
#7140=VECTOR('',#11775,39.3700787401575);
#7141=VECTOR('',#11776,39.3700787401575);
#7142=VECTOR('',#11779,39.3700787401575);
#7143=VECTOR('',#11780,39.3700787401575);
#7144=VECTOR('',#11781,39.3700787401575);
#7145=VECTOR('',#11784,39.3700787401575);
#7146=VECTOR('',#11785,39.3700787401575);
#7147=VECTOR('',#11786,39.3700787401575);
#7148=VECTOR('',#11793,39.3700787401575);
#7149=VECTOR('',#11796,39.3700787401575);
#7150=VECTOR('',#11797,39.3700787401575);
#7151=VECTOR('',#11798,39.3700787401575);
#7152=VECTOR('',#11801,39.3700787401575);
#7153=VECTOR('',#11802,39.3700787401575);
#7154=VECTOR('',#11803,39.3700787401575);
#7155=VECTOR('',#11806,39.3700787401575);
#7156=VECTOR('',#11807,39.3700787401575);
#7157=VECTOR('',#11808,39.3700787401575);
#7158=VECTOR('',#11811,39.3700787401575);
#7159=VECTOR('',#11812,39.3700787401575);
#7160=VECTOR('',#11813,39.3700787401575);
#7161=VECTOR('',#11816,39.3700787401575);
#7162=VECTOR('',#11817,39.3700787401575);
#7163=VECTOR('',#11818,39.3700787401575);
#7164=VECTOR('',#11821,39.3700787401575);
#7165=VECTOR('',#11822,39.3700787401575);
#7166=VECTOR('',#11823,39.3700787401575);
#7167=VECTOR('',#11826,39.3700787401575);
#7168=VECTOR('',#11827,39.3700787401575);
#7169=VECTOR('',#11828,39.3700787401575);
#7170=VECTOR('',#11831,39.3700787401575);
#7171=VECTOR('',#11832,39.3700787401575);
#7172=VECTOR('',#11833,39.3700787401575);
#7173=VECTOR('',#11836,39.3700787401575);
#7174=VECTOR('',#11837,39.3700787401575);
#7175=VECTOR('',#11838,39.3700787401575);
#7176=VECTOR('',#11841,39.3700787401575);
#7177=VECTOR('',#11842,39.3700787401575);
#7178=VECTOR('',#11843,39.3700787401575);
#7179=VECTOR('',#11846,39.3700787401575);
#7180=VECTOR('',#11847,39.3700787401575);
#7181=VECTOR('',#11848,39.3700787401575);
#7182=VECTOR('',#11851,39.3700787401575);
#7183=VECTOR('',#11852,39.3700787401575);
#7184=VECTOR('',#11853,39.3700787401575);
#7185=VECTOR('',#11856,39.3700787401575);
#7186=VECTOR('',#11857,39.3700787401575);
#7187=VECTOR('',#11858,39.3700787401575);
#7188=VECTOR('',#11865,39.3700787401575);
#7189=VECTOR('',#11868,39.3700787401575);
#7190=VECTOR('',#11869,39.3700787401575);
#7191=VECTOR('',#11870,39.3700787401575);
#7192=VECTOR('',#11873,39.3700787401575);
#7193=VECTOR('',#11874,39.3700787401575);
#7194=VECTOR('',#11875,39.3700787401575);
#7195=VECTOR('',#11878,39.3700787401575);
#7196=VECTOR('',#11879,39.3700787401575);
#7197=VECTOR('',#11880,39.3700787401575);
#7198=VECTOR('',#11883,39.3700787401575);
#7199=VECTOR('',#11884,39.3700787401575);
#7200=VECTOR('',#11885,39.3700787401575);
#7201=VECTOR('',#11888,39.3700787401575);
#7202=VECTOR('',#11889,39.3700787401575);
#7203=VECTOR('',#11890,39.3700787401575);
#7204=VECTOR('',#11893,39.3700787401575);
#7205=VECTOR('',#11894,39.3700787401575);
#7206=VECTOR('',#11895,39.3700787401575);
#7207=VECTOR('',#11898,39.3700787401575);
#7208=VECTOR('',#11899,39.3700787401575);
#7209=VECTOR('',#11900,39.3700787401575);
#7210=VECTOR('',#11903,39.3700787401575);
#7211=VECTOR('',#11904,39.3700787401575);
#7212=VECTOR('',#11905,39.3700787401575);
#7213=VECTOR('',#11908,39.3700787401575);
#7214=VECTOR('',#11909,39.3700787401575);
#7215=VECTOR('',#11910,39.3700787401575);
#7216=VECTOR('',#11913,39.3700787401575);
#7217=VECTOR('',#11914,39.3700787401575);
#7218=VECTOR('',#11915,39.3700787401575);
#7219=VECTOR('',#11918,39.3700787401575);
#7220=VECTOR('',#11919,39.3700787401575);
#7221=VECTOR('',#11920,39.3700787401575);
#7222=VECTOR('',#11923,39.3700787401575);
#7223=VECTOR('',#11924,39.3700787401575);
#7224=VECTOR('',#11925,39.3700787401575);
#7225=VECTOR('',#11928,39.3700787401575);
#7226=VECTOR('',#11929,39.3700787401575);
#7227=VECTOR('',#11930,39.3700787401575);
#7228=VECTOR('',#11937,39.3700787401575);
#7229=VECTOR('',#11940,39.3700787401575);
#7230=VECTOR('',#11941,39.3700787401575);
#7231=VECTOR('',#11942,39.3700787401575);
#7232=VECTOR('',#11945,39.3700787401575);
#7233=VECTOR('',#11946,39.3700787401575);
#7234=VECTOR('',#11947,39.3700787401575);
#7235=VECTOR('',#11950,39.3700787401575);
#7236=VECTOR('',#11951,39.3700787401575);
#7237=VECTOR('',#11952,39.3700787401575);
#7238=VECTOR('',#11955,39.3700787401575);
#7239=VECTOR('',#11956,39.3700787401575);
#7240=VECTOR('',#11957,39.3700787401575);
#7241=VECTOR('',#11960,39.3700787401575);
#7242=VECTOR('',#11961,39.3700787401575);
#7243=VECTOR('',#11962,39.3700787401575);
#7244=VECTOR('',#11965,39.3700787401575);
#7245=VECTOR('',#11966,39.3700787401575);
#7246=VECTOR('',#11967,39.3700787401575);
#7247=VECTOR('',#11970,39.3700787401575);
#7248=VECTOR('',#11971,39.3700787401575);
#7249=VECTOR('',#11972,39.3700787401575);
#7250=VECTOR('',#11975,39.3700787401575);
#7251=VECTOR('',#11976,39.3700787401575);
#7252=VECTOR('',#11977,39.3700787401575);
#7253=VECTOR('',#11980,39.3700787401575);
#7254=VECTOR('',#11981,39.3700787401575);
#7255=VECTOR('',#11982,39.3700787401575);
#7256=VECTOR('',#11985,39.3700787401575);
#7257=VECTOR('',#11986,39.3700787401575);
#7258=VECTOR('',#11987,39.3700787401575);
#7259=VECTOR('',#11990,39.3700787401575);
#7260=VECTOR('',#11991,39.3700787401575);
#7261=VECTOR('',#11992,39.3700787401575);
#7262=VECTOR('',#11995,39.3700787401575);
#7263=VECTOR('',#11996,39.3700787401575);
#7264=VECTOR('',#11997,39.3700787401575);
#7265=VECTOR('',#12000,39.3700787401575);
#7266=VECTOR('',#12001,39.3700787401575);
#7267=VECTOR('',#12002,39.3700787401575);
#7268=VECTOR('',#12009,39.3700787401575);
#7269=VECTOR('',#12012,39.3700787401575);
#7270=VECTOR('',#12013,39.3700787401575);
#7271=VECTOR('',#12014,39.3700787401575);
#7272=VECTOR('',#12017,39.3700787401575);
#7273=VECTOR('',#12018,39.3700787401575);
#7274=VECTOR('',#12019,39.3700787401575);
#7275=VECTOR('',#12022,39.3700787401575);
#7276=VECTOR('',#12023,39.3700787401575);
#7277=VECTOR('',#12024,39.3700787401575);
#7278=VECTOR('',#12027,39.3700787401575);
#7279=VECTOR('',#12028,39.3700787401575);
#7280=VECTOR('',#12029,39.3700787401575);
#7281=VECTOR('',#12032,39.3700787401575);
#7282=VECTOR('',#12033,39.3700787401575);
#7283=VECTOR('',#12034,39.3700787401575);
#7284=VECTOR('',#12037,39.3700787401575);
#7285=VECTOR('',#12038,39.3700787401575);
#7286=VECTOR('',#12039,39.3700787401575);
#7287=VECTOR('',#12042,39.3700787401575);
#7288=VECTOR('',#12043,39.3700787401575);
#7289=VECTOR('',#12044,39.3700787401575);
#7290=VECTOR('',#12047,39.3700787401575);
#7291=VECTOR('',#12048,39.3700787401575);
#7292=VECTOR('',#12049,39.3700787401575);
#7293=VECTOR('',#12052,39.3700787401575);
#7294=VECTOR('',#12053,39.3700787401575);
#7295=VECTOR('',#12054,39.3700787401575);
#7296=VECTOR('',#12057,39.3700787401575);
#7297=VECTOR('',#12058,39.3700787401575);
#7298=VECTOR('',#12059,39.3700787401575);
#7299=VECTOR('',#12062,39.3700787401575);
#7300=VECTOR('',#12063,39.3700787401575);
#7301=VECTOR('',#12064,39.3700787401575);
#7302=VECTOR('',#12067,39.3700787401575);
#7303=VECTOR('',#12068,39.3700787401575);
#7304=VECTOR('',#12069,39.3700787401575);
#7305=VECTOR('',#12072,39.3700787401575);
#7306=VECTOR('',#12073,39.3700787401575);
#7307=VECTOR('',#12074,39.3700787401575);
#7308=VECTOR('',#12081,39.3700787401575);
#7309=VECTOR('',#12084,39.3700787401575);
#7310=VECTOR('',#12085,39.3700787401575);
#7311=VECTOR('',#12086,39.3700787401575);
#7312=VECTOR('',#12089,39.3700787401575);
#7313=VECTOR('',#12090,39.3700787401575);
#7314=EDGE_LOOP('',(#245,#246,#247,#248,#249,#250,#251,#252,#253,#254,#255,
#256));
#7315=EDGE_LOOP('',(#257,#258,#259,#260));
#7316=EDGE_LOOP('',(#261,#262,#263,#264));
#7317=EDGE_LOOP('',(#265,#266,#267,#268));
#7318=EDGE_LOOP('',(#269,#270,#271,#272,#273,#274,#275));
#7319=EDGE_LOOP('',(#276,#277,#278,#279,#280,#281));
#7320=EDGE_LOOP('',(#282,#283,#284,#285,#286,#287));
#7321=EDGE_LOOP('',(#288,#289,#290,#291,#292,#293));
#7322=EDGE_LOOP('',(#294,#295,#296,#297,#298,#299));
#7323=EDGE_LOOP('',(#300,#301,#302,#303));
#7324=EDGE_LOOP('',(#304,#305,#306,#307));
#7325=EDGE_LOOP('',(#308,#309,#310,#311));
#7326=EDGE_LOOP('',(#312,#313,#314,#315));
#7327=EDGE_LOOP('',(#316,#317,#318,#319));
#7328=EDGE_LOOP('',(#320,#321,#322,#323));
#7329=EDGE_LOOP('',(#324,#325,#326,#327));
#7330=EDGE_LOOP('',(#328,#329,#330,#331));
#7331=EDGE_LOOP('',(#332,#333,#334,#335));
#7332=EDGE_LOOP('',(#336,#337,#338,#339));
#7333=EDGE_LOOP('',(#340,#341,#342,#343));
#7334=EDGE_LOOP('',(#344,#345,#346,#347));
#7335=EDGE_LOOP('',(#348,#349,#350,#351));
#7336=EDGE_LOOP('',(#352,#353,#354,#355));
#7337=EDGE_LOOP('',(#356,#357,#358,#359));
#7338=EDGE_LOOP('',(#360,#361,#362,#363));
#7339=EDGE_LOOP('',(#364,#365,#366,#367));
#7340=EDGE_LOOP('',(#368,#369,#370,#371));
#7341=EDGE_LOOP('',(#372,#373,#374,#375));
#7342=EDGE_LOOP('',(#376,#377,#378,#379));
#7343=EDGE_LOOP('',(#380,#381,#382,#383,#384));
#7344=EDGE_LOOP('',(#385,#386,#387,#388,#389));
#7345=EDGE_LOOP('',(#390,#391,#392,#393,#394));
#7346=EDGE_LOOP('',(#395,#396,#397,#398,#399));
#7347=EDGE_LOOP('',(#400,#401,#402,#403,#404));
#7348=EDGE_LOOP('',(#405,#406,#407,#408,#409));
#7349=EDGE_LOOP('',(#410,#411,#412,#413,#414));
#7350=EDGE_LOOP('',(#415,#416,#417,#418,#419));
#7351=EDGE_LOOP('',(#420,#421,#422,#423,#424));
#7352=EDGE_LOOP('',(#425,#426,#427,#428,#429));
#7353=EDGE_LOOP('',(#430,#431,#432,#433,#434));
#7354=EDGE_LOOP('',(#435,#436,#437,#438,#439));
#7355=EDGE_LOOP('',(#440,#441,#442,#443,#444));
#7356=EDGE_LOOP('',(#445,#446,#447,#448,#449));
#7357=EDGE_LOOP('',(#450,#451,#452,#453,#454));
#7358=EDGE_LOOP('',(#455,#456,#457,#458,#459));
#7359=EDGE_LOOP('',(#460,#461,#462,#463));
#7360=EDGE_LOOP('',(#464,#465,#466,#467));
#7361=EDGE_LOOP('',(#468,#469,#470,#471));
#7362=EDGE_LOOP('',(#472,#473,#474,#475));
#7363=EDGE_LOOP('',(#476,#477,#478,#479));
#7364=EDGE_LOOP('',(#480,#481,#482,#483));
#7365=EDGE_LOOP('',(#484,#485,#486,#487));
#7366=EDGE_LOOP('',(#488,#489,#490,#491));
#7367=EDGE_LOOP('',(#492,#493,#494,#495));
#7368=EDGE_LOOP('',(#496,#497,#498,#499));
#7369=EDGE_LOOP('',(#500,#501,#502,#503));
#7370=EDGE_LOOP('',(#504,#505,#506,#507));
#7371=EDGE_LOOP('',(#508,#509,#510,#511));
#7372=EDGE_LOOP('',(#512,#513,#514,#515));
#7373=EDGE_LOOP('',(#516,#517,#518,#519));
#7374=EDGE_LOOP('',(#520,#521,#522,#523));
#7375=EDGE_LOOP('',(#524,#525,#526,#527));
#7376=EDGE_LOOP('',(#528,#529,#530,#531,#532,#533,#534,#535,#536,#537,#538,
#539));
#7377=EDGE_LOOP('',(#540,#541,#542,#543));
#7378=EDGE_LOOP('',(#544,#545,#546,#547));
#7379=EDGE_LOOP('',(#548,#549,#550,#551));
#7380=EDGE_LOOP('',(#552,#553,#554,#555));
#7381=EDGE_LOOP('',(#556,#557,#558,#559));
#7382=EDGE_LOOP('',(#560,#561,#562,#563));
#7383=EDGE_LOOP('',(#564,#565,#566,#567));
#7384=EDGE_LOOP('',(#568,#569,#570,#571));
#7385=EDGE_LOOP('',(#572,#573,#574,#575));
#7386=EDGE_LOOP('',(#576,#577,#578,#579));
#7387=EDGE_LOOP('',(#580,#581,#582,#583));
#7388=EDGE_LOOP('',(#584,#585,#586,#587));
#7389=EDGE_LOOP('',(#588,#589,#590,#591,#592,#593,#594,#595));
#7390=EDGE_LOOP('',(#596,#597,#598,#599));
#7391=EDGE_LOOP('',(#600,#601,#602,#603));
#7392=EDGE_LOOP('',(#604,#605,#606,#607,#608,#609,#610,#611,#612,#613,#614,
#615,#616,#617,#618,#619,#620,#621,#622,#623,#624,#625,#626,#627));
#7393=EDGE_LOOP('',(#628,#629,#630,#631));
#7394=EDGE_LOOP('',(#632,#633,#634,#635));
#7395=EDGE_LOOP('',(#636,#637,#638,#639));
#7396=EDGE_LOOP('',(#640,#641,#642,#643));
#7397=EDGE_LOOP('',(#644,#645,#646,#647));
#7398=EDGE_LOOP('',(#648,#649,#650,#651));
#7399=EDGE_LOOP('',(#652,#653,#654,#655));
#7400=EDGE_LOOP('',(#656,#657,#658,#659));
#7401=EDGE_LOOP('',(#660,#661,#662,#663));
#7402=EDGE_LOOP('',(#664,#665,#666,#667));
#7403=EDGE_LOOP('',(#668,#669,#670,#671));
#7404=EDGE_LOOP('',(#672,#673,#674,#675));
#7405=EDGE_LOOP('',(#676,#677,#678,#679));
#7406=EDGE_LOOP('',(#680,#681,#682,#683));
#7407=EDGE_LOOP('',(#684,#685,#686,#687));
#7408=EDGE_LOOP('',(#688,#689,#690,#691));
#7409=EDGE_LOOP('',(#692,#693,#694,#695,#696,#697));
#7410=EDGE_LOOP('',(#698,#699,#700,#701,#702,#703));
#7411=EDGE_LOOP('',(#704,#705,#706,#707,#708,#709));
#7412=EDGE_LOOP('',(#710,#711,#712,#713,#714));
#7413=EDGE_LOOP('',(#715,#716,#717,#718,#719,#720));
#7414=EDGE_LOOP('',(#721,#722,#723,#724,#725,#726));
#7415=EDGE_LOOP('',(#727,#728,#729,#730,#731,#732));
#7416=EDGE_LOOP('',(#733,#734,#735,#736,#737));
#7417=EDGE_LOOP('',(#738,#739,#740,#741,#742));
#7418=EDGE_LOOP('',(#743,#744,#745,#746,#747));
#7419=EDGE_LOOP('',(#748,#749,#750,#751));
#7420=EDGE_LOOP('',(#752,#753,#754,#755));
#7421=EDGE_LOOP('',(#756,#757,#758,#759));
#7422=EDGE_LOOP('',(#760,#761,#762,#763));
#7423=EDGE_LOOP('',(#764,#765,#766,#767));
#7424=EDGE_LOOP('',(#768,#769,#770,#771));
#7425=EDGE_LOOP('',(#772,#773,#774,#775));
#7426=EDGE_LOOP('',(#776,#777,#778,#779));
#7427=EDGE_LOOP('',(#780,#781,#782,#783));
#7428=EDGE_LOOP('',(#784,#785,#786,#787));
#7429=EDGE_LOOP('',(#788,#789,#790,#791));
#7430=EDGE_LOOP('',(#792,#793,#794,#795));
#7431=EDGE_LOOP('',(#796,#797,#798,#799));
#7432=EDGE_LOOP('',(#800,#801,#802,#803));
#7433=EDGE_LOOP('',(#804,#805,#806,#807));
#7434=EDGE_LOOP('',(#808,#809,#810,#811));
#7435=EDGE_LOOP('',(#812,#813,#814,#815));
#7436=EDGE_LOOP('',(#816,#817,#818,#819));
#7437=EDGE_LOOP('',(#820,#821,#822,#823));
#7438=EDGE_LOOP('',(#824,#825,#826,#827));
#7439=EDGE_LOOP('',(#828,#829,#830,#831));
#7440=EDGE_LOOP('',(#832,#833,#834,#835));
#7441=EDGE_LOOP('',(#836,#837,#838,#839));
#7442=EDGE_LOOP('',(#840,#841,#842,#843));
#7443=EDGE_LOOP('',(#844,#845,#846,#847));
#7444=EDGE_LOOP('',(#848,#849,#850,#851));
#7445=EDGE_LOOP('',(#852,#853,#854,#855));
#7446=EDGE_LOOP('',(#856,#857,#858,#859));
#7447=EDGE_LOOP('',(#860,#861,#862,#863));
#7448=EDGE_LOOP('',(#864,#865,#866,#867));
#7449=EDGE_LOOP('',(#868,#869,#870,#871));
#7450=EDGE_LOOP('',(#872,#873,#874,#875));
#7451=EDGE_LOOP('',(#876,#877,#878,#879));
#7452=EDGE_LOOP('',(#880,#881,#882,#883));
#7453=EDGE_LOOP('',(#884,#885,#886,#887));
#7454=EDGE_LOOP('',(#888,#889,#890,#891));
#7455=EDGE_LOOP('',(#892,#893,#894,#895));
#7456=EDGE_LOOP('',(#896,#897,#898,#899));
#7457=EDGE_LOOP('',(#900,#901,#902,#903));
#7458=EDGE_LOOP('',(#904,#905,#906,#907));
#7459=EDGE_LOOP('',(#908,#909,#910,#911));
#7460=EDGE_LOOP('',(#912,#913,#914,#915,#916,#917,#918,#919,#920,#921,#922,
#923));
#7461=EDGE_LOOP('',(#924,#925,#926,#927));
#7462=EDGE_LOOP('',(#928,#929,#930,#931,#932,#933,#934,#935,#936,#937,#938,
#939));
#7463=EDGE_LOOP('',(#940,#941,#942,#943,#944,#945,#946,#947));
#7464=EDGE_LOOP('',(#948,#949,#950,#951,#952,#953,#954,#955));
#7465=EDGE_LOOP('',(#956,#957,#958,#959,#960,#961,#962,#963));
#7466=EDGE_LOOP('',(#964,#965,#966,#967,#968,#969,#970,#971));
#7467=EDGE_LOOP('',(#972,#973,#974,#975));
#7468=EDGE_LOOP('',(#976,#977,#978,#979));
#7469=EDGE_LOOP('',(#980,#981,#982,#983));
#7470=EDGE_LOOP('',(#984,#985,#986,#987));
#7471=EDGE_LOOP('',(#988,#989,#990,#991));
#7472=EDGE_LOOP('',(#992,#993,#994));
#7473=EDGE_LOOP('',(#995,#996,#997));
#7474=EDGE_LOOP('',(#998,#999,#1000,#1001));
#7475=EDGE_LOOP('',(#1002,#1003,#1004,#1005));
#7476=EDGE_LOOP('',(#1006,#1007,#1008,#1009));
#7477=EDGE_LOOP('',(#1010,#1011,#1012));
#7478=EDGE_LOOP('',(#1013,#1014,#1015));
#7479=EDGE_LOOP('',(#1016,#1017,#1018,#1019));
#7480=EDGE_LOOP('',(#1020,#1021,#1022,#1023));
#7481=EDGE_LOOP('',(#1024,#1025,#1026,#1027));
#7482=EDGE_LOOP('',(#1028,#1029,#1030,#1031));
#7483=EDGE_LOOP('',(#1032,#1033,#1034,#1035));
#7484=EDGE_LOOP('',(#1036,#1037,#1038,#1039));
#7485=EDGE_LOOP('',(#1040,#1041,#1042,#1043));
#7486=EDGE_LOOP('',(#1044,#1045,#1046,#1047));
#7487=EDGE_LOOP('',(#1048,#1049,#1050,#1051));
#7488=EDGE_LOOP('',(#1052,#1053,#1054,#1055));
#7489=EDGE_LOOP('',(#1056,#1057,#1058,#1059));
#7490=EDGE_LOOP('',(#1060,#1061,#1062,#1063));
#7491=EDGE_LOOP('',(#1064,#1065,#1066,#1067));
#7492=EDGE_LOOP('',(#1068,#1069,#1070,#1071));
#7493=EDGE_LOOP('',(#1072,#1073,#1074,#1075));
#7494=EDGE_LOOP('',(#1076,#1077,#1078,#1079));
#7495=EDGE_LOOP('',(#1080,#1081,#1082,#1083));
#7496=EDGE_LOOP('',(#1084,#1085,#1086));
#7497=EDGE_LOOP('',(#1087,#1088,#1089));
#7498=EDGE_LOOP('',(#1090,#1091,#1092));
#7499=EDGE_LOOP('',(#1093,#1094,#1095));
#7500=EDGE_LOOP('',(#1096,#1097,#1098));
#7501=EDGE_LOOP('',(#1099,#1100,#1101));
#7502=EDGE_LOOP('',(#1102,#1103,#1104));
#7503=EDGE_LOOP('',(#1105,#1106,#1107));
#7504=EDGE_LOOP('',(#1108,#1109,#1110,#1111));
#7505=EDGE_LOOP('',(#1112,#1113,#1114,#1115));
#7506=EDGE_LOOP('',(#1116,#1117,#1118,#1119));
#7507=EDGE_LOOP('',(#1120,#1121,#1122,#1123));
#7508=EDGE_LOOP('',(#1124,#1125,#1126,#1127));
#7509=EDGE_LOOP('',(#1128,#1129,#1130,#1131));
#7510=EDGE_LOOP('',(#1132,#1133,#1134));
#7511=EDGE_LOOP('',(#1135,#1136,#1137,#1138));
#7512=EDGE_LOOP('',(#1139,#1140,#1141,#1142,#1143,#1144,#1145,#1146,#1147,
#1148,#1149,#1150,#1151,#1152,#1153,#1154,#1155,#1156,#1157,#1158,#1159,
#1160,#1161,#1162));
#7513=EDGE_LOOP('',(#1163,#1164,#1165,#1166,#1167,#1168,#1169,#1170,#1171,
#1172,#1173,#1174,#1175,#1176,#1177,#1178,#1179,#1180,#1181,#1182,#1183,
#1184,#1185,#1186));
#7514=EDGE_LOOP('',(#1187,#1188,#1189,#1190));
#7515=EDGE_LOOP('',(#1191,#1192,#1193));
#7516=EDGE_LOOP('',(#1194,#1195,#1196));
#7517=EDGE_LOOP('',(#1197,#1198,#1199,#1200));
#7518=EDGE_LOOP('',(#1201,#1202,#1203,#1204));
#7519=EDGE_LOOP('',(#1205,#1206,#1207,#1208));
#7520=EDGE_LOOP('',(#1209,#1210,#1211,#1212));
#7521=EDGE_LOOP('',(#1213,#1214,#1215,#1216));
#7522=EDGE_LOOP('',(#1217,#1218,#1219,#1220));
#7523=EDGE_LOOP('',(#1221,#1222,#1223,#1224));
#7524=EDGE_LOOP('',(#1225,#1226,#1227,#1228));
#7525=EDGE_LOOP('',(#1229,#1230,#1231,#1232));
#7526=EDGE_LOOP('',(#1233,#1234,#1235,#1236));
#7527=EDGE_LOOP('',(#1237,#1238,#1239,#1240));
#7528=EDGE_LOOP('',(#1241,#1242,#1243,#1244));
#7529=EDGE_LOOP('',(#1245,#1246,#1247,#1248));
#7530=EDGE_LOOP('',(#1249,#1250,#1251,#1252));
#7531=EDGE_LOOP('',(#1253,#1254,#1255,#1256));
#7532=EDGE_LOOP('',(#1257,#1258,#1259,#1260));
#7533=EDGE_LOOP('',(#1261,#1262,#1263,#1264));
#7534=EDGE_LOOP('',(#1265,#1266,#1267,#1268));
#7535=EDGE_LOOP('',(#1269,#1270,#1271,#1272));
#7536=EDGE_LOOP('',(#1273,#1274,#1275,#1276,#1277,#1278,#1279,#1280,#1281,
#1282,#1283,#1284));
#7537=EDGE_LOOP('',(#1285,#1286,#1287,#1288));
#7538=EDGE_LOOP('',(#1289,#1290,#1291,#1292));
#7539=EDGE_LOOP('',(#1293,#1294,#1295,#1296));
#7540=EDGE_LOOP('',(#1297,#1298,#1299,#1300));
#7541=EDGE_LOOP('',(#1301,#1302,#1303,#1304));
#7542=EDGE_LOOP('',(#1305,#1306,#1307,#1308));
#7543=EDGE_LOOP('',(#1309,#1310,#1311,#1312));
#7544=EDGE_LOOP('',(#1313,#1314,#1315,#1316,#1317,#1318,#1319,#1320));
#7545=EDGE_LOOP('',(#1321,#1322,#1323,#1324));
#7546=EDGE_LOOP('',(#1325,#1326,#1327,#1328));
#7547=EDGE_LOOP('',(#1329,#1330,#1331,#1332));
#7548=EDGE_LOOP('',(#1333,#1334,#1335,#1336));
#7549=EDGE_LOOP('',(#1337,#1338,#1339,#1340));
#7550=EDGE_LOOP('',(#1341,#1342,#1343,#1344));
#7551=EDGE_LOOP('',(#1345,#1346,#1347,#1348));
#7552=EDGE_LOOP('',(#1349,#1350,#1351,#1352));
#7553=EDGE_LOOP('',(#1353,#1354,#1355,#1356));
#7554=EDGE_LOOP('',(#1357,#1358,#1359,#1360));
#7555=EDGE_LOOP('',(#1361,#1362,#1363,#1364));
#7556=EDGE_LOOP('',(#1365,#1366,#1367,#1368));
#7557=EDGE_LOOP('',(#1369,#1370,#1371,#1372));
#7558=EDGE_LOOP('',(#1373,#1374,#1375,#1376));
#7559=EDGE_LOOP('',(#1377,#1378,#1379,#1380));
#7560=EDGE_LOOP('',(#1381,#1382,#1383,#1384));
#7561=EDGE_LOOP('',(#1385,#1386,#1387,#1388,#1389,#1390,#1391,#1392));
#7562=EDGE_LOOP('',(#1393,#1394,#1395,#1396));
#7563=EDGE_LOOP('',(#1397,#1398,#1399,#1400));
#7564=EDGE_LOOP('',(#1401,#1402,#1403,#1404));
#7565=EDGE_LOOP('',(#1405,#1406,#1407,#1408));
#7566=EDGE_LOOP('',(#1409,#1410,#1411,#1412));
#7567=EDGE_LOOP('',(#1413,#1414,#1415,#1416));
#7568=EDGE_LOOP('',(#1417,#1418,#1419,#1420));
#7569=EDGE_LOOP('',(#1421,#1422,#1423,#1424));
#7570=EDGE_LOOP('',(#1425,#1426,#1427,#1428,#1429,#1430,#1431,#1432,#1433,
#1434,#1435,#1436,#1437,#1438,#1439,#1440,#1441,#1442,#1443,#1444,#1445,
#1446,#1447,#1448));
#7571=EDGE_LOOP('',(#1449,#1450,#1451,#1452,#1453,#1454));
#7572=EDGE_LOOP('',(#1455,#1456,#1457,#1458,#1459,#1460));
#7573=EDGE_LOOP('',(#1461,#1462,#1463,#1464,#1465,#1466));
#7574=EDGE_LOOP('',(#1467,#1468,#1469,#1470,#1471,#1472));
#7575=EDGE_LOOP('',(#1473,#1474,#1475,#1476));
#7576=EDGE_LOOP('',(#1477,#1478,#1479,#1480));
#7577=EDGE_LOOP('',(#1481,#1482,#1483,#1484,#1485,#1486,#1487,#1488,#1489,
#1490,#1491,#1492,#1493,#1494,#1495,#1496,#1497,#1498,#1499,#1500,#1501,
#1502,#1503,#1504));
#7578=EDGE_LOOP('',(#1505,#1506,#1507,#1508,#1509,#1510));
#7579=EDGE_LOOP('',(#1511,#1512,#1513,#1514,#1515,#1516));
#7580=EDGE_LOOP('',(#1517,#1518,#1519,#1520,#1521,#1522));
#7581=EDGE_LOOP('',(#1523,#1524,#1525,#1526,#1527,#1528));
#7582=EDGE_LOOP('',(#1529,#1530,#1531,#1532));
#7583=EDGE_LOOP('',(#1533,#1534,#1535,#1536));
#7584=EDGE_LOOP('',(#1537,#1538,#1539,#1540));
#7585=EDGE_LOOP('',(#1541,#1542,#1543,#1544));
#7586=EDGE_LOOP('',(#1545,#1546,#1547,#1548));
#7587=EDGE_LOOP('',(#1549,#1550,#1551,#1552));
#7588=EDGE_LOOP('',(#1553,#1554,#1555,#1556));
#7589=EDGE_LOOP('',(#1557,#1558,#1559,#1560));
#7590=EDGE_LOOP('',(#1561,#1562,#1563,#1564));
#7591=EDGE_LOOP('',(#1565,#1566,#1567,#1568));
#7592=EDGE_LOOP('',(#1569,#1570,#1571,#1572));
#7593=EDGE_LOOP('',(#1573,#1574,#1575,#1576));
#7594=EDGE_LOOP('',(#1577,#1578,#1579,#1580));
#7595=EDGE_LOOP('',(#1581,#1582,#1583,#1584));
#7596=EDGE_LOOP('',(#1585,#1586,#1587,#1588));
#7597=EDGE_LOOP('',(#1589,#1590,#1591,#1592));
#7598=EDGE_LOOP('',(#1593,#1594,#1595,#1596));
#7599=EDGE_LOOP('',(#1597,#1598,#1599,#1600,#1601,#1602,#1603,#1604,#1605,
#1606,#1607,#1608,#1609,#1610,#1611,#1612,#1613,#1614,#1615,#1616,#1617,
#1618,#1619,#1620,#1621,#1622,#1623,#1624,#1625,#1626,#1627,#1628,#1629,
#1630,#1631));
#7600=EDGE_LOOP('',(#1632,#1633,#1634,#1635));
#7601=EDGE_LOOP('',(#1636,#1637,#1638,#1639));
#7602=EDGE_LOOP('',(#1640,#1641,#1642,#1643,#1644,#1645));
#7603=EDGE_LOOP('',(#1646,#1647,#1648,#1649,#1650,#1651));
#7604=EDGE_LOOP('',(#1652,#1653,#1654,#1655,#1656,#1657));
#7605=EDGE_LOOP('',(#1658,#1659,#1660,#1661,#1662,#1663));
#7606=EDGE_LOOP('',(#1664,#1665,#1666,#1667,#1668,#1669));
#7607=EDGE_LOOP('',(#1670,#1671,#1672,#1673,#1674,#1675));
#7608=EDGE_LOOP('',(#1676,#1677,#1678,#1679,#1680,#1681));
#7609=EDGE_LOOP('',(#1682,#1683,#1684,#1685,#1686,#1687));
#7610=EDGE_LOOP('',(#1688,#1689,#1690,#1691,#1692,#1693));
#7611=EDGE_LOOP('',(#1694,#1695,#1696,#1697,#1698,#1699));
#7612=EDGE_LOOP('',(#1700,#1701,#1702,#1703,#1704,#1705));
#7613=EDGE_LOOP('',(#1706,#1707,#1708,#1709,#1710,#1711));
#7614=EDGE_LOOP('',(#1712,#1713,#1714,#1715,#1716,#1717,#1718,#1719,#1720,
#1721,#1722,#1723,#1724,#1725,#1726,#1727,#1728,#1729,#1730,#1731,#1732,
#1733,#1734,#1735,#1736,#1737,#1738,#1739,#1740,#1741,#1742,#1743,#1744,
#1745,#1746));
#7615=EDGE_LOOP('',(#1747,#1748,#1749,#1750));
#7616=EDGE_LOOP('',(#1751,#1752,#1753,#1754));
#7617=EDGE_LOOP('',(#1755,#1756,#1757,#1758));
#7618=EDGE_LOOP('',(#1759,#1760,#1761,#1762));
#7619=EDGE_LOOP('',(#1763,#1764,#1765,#1766));
#7620=EDGE_LOOP('',(#1767,#1768,#1769,#1770));
#7621=EDGE_LOOP('',(#1771,#1772,#1773,#1774));
#7622=EDGE_LOOP('',(#1775,#1776,#1777,#1778));
#7623=EDGE_LOOP('',(#1779,#1780,#1781,#1782));
#7624=EDGE_LOOP('',(#1783,#1784,#1785,#1786));
#7625=EDGE_LOOP('',(#1787,#1788,#1789,#1790));
#7626=EDGE_LOOP('',(#1791,#1792,#1793,#1794));
#7627=EDGE_LOOP('',(#1795,#1796,#1797,#1798));
#7628=EDGE_LOOP('',(#1799,#1800,#1801,#1802));
#7629=EDGE_LOOP('',(#1803,#1804,#1805,#1806));
#7630=EDGE_LOOP('',(#1807,#1808,#1809,#1810));
#7631=EDGE_LOOP('',(#1811,#1812,#1813,#1814));
#7632=EDGE_LOOP('',(#1815,#1816,#1817,#1818));
#7633=EDGE_LOOP('',(#1819,#1820,#1821,#1822,#1823,#1824,#1825));
#7634=EDGE_LOOP('',(#1826,#1827,#1828,#1829,#1830,#1831,#1832));
#7635=EDGE_LOOP('',(#1833,#1834,#1835,#1836));
#7636=EDGE_LOOP('',(#1837,#1838,#1839,#1840));
#7637=EDGE_LOOP('',(#1841,#1842,#1843,#1844));
#7638=EDGE_LOOP('',(#1845,#1846,#1847,#1848));
#7639=EDGE_LOOP('',(#1849,#1850,#1851,#1852));
#7640=EDGE_LOOP('',(#1853,#1854,#1855,#1856));
#7641=EDGE_LOOP('',(#1857,#1858,#1859,#1860,#1861,#1862,#1863));
#7642=EDGE_LOOP('',(#1864,#1865,#1866,#1867,#1868,#1869,#1870));
#7643=EDGE_LOOP('',(#1871,#1872,#1873,#1874));
#7644=EDGE_LOOP('',(#1875,#1876,#1877,#1878));
#7645=EDGE_LOOP('',(#1879,#1880,#1881,#1882,#1883,#1884,#1885,#1886));
#7646=EDGE_LOOP('',(#1887,#1888,#1889,#1890,#1891,#1892,#1893,#1894));
#7647=EDGE_LOOP('',(#1895,#1896,#1897,#1898));
#7648=EDGE_LOOP('',(#1899,#1900,#1901,#1902,#1903,#1904,#1905,#1906,#1907,
#1908,#1909,#1910));
#7649=EDGE_LOOP('',(#1911,#1912,#1913,#1914));
#7650=EDGE_LOOP('',(#1915,#1916,#1917,#1918,#1919,#1920,#1921,#1922,#1923,
#1924,#1925,#1926));
#7651=EDGE_LOOP('',(#1927,#1928,#1929,#1930));
#7652=EDGE_LOOP('',(#1931,#1932,#1933,#1934,#1935,#1936,#1937,#1938,#1939,
#1940,#1941,#1942));
#7653=EDGE_LOOP('',(#1943,#1944,#1945,#1946));
#7654=EDGE_LOOP('',(#1947,#1948,#1949,#1950,#1951,#1952,#1953,#1954,#1955,
#1956,#1957,#1958));
#7655=EDGE_LOOP('',(#1959,#1960,#1961,#1962));
#7656=EDGE_LOOP('',(#1963,#1964,#1965,#1966,#1967,#1968,#1969,#1970,#1971,
#1972,#1973,#1974));
#7657=EDGE_LOOP('',(#1975,#1976,#1977,#1978));
#7658=EDGE_LOOP('',(#1979,#1980,#1981,#1982,#1983,#1984,#1985,#1986,#1987,
#1988,#1989,#1990));
#7659=EDGE_LOOP('',(#1991,#1992,#1993,#1994));
#7660=EDGE_LOOP('',(#1995,#1996,#1997,#1998,#1999,#2000,#2001,#2002,#2003,
#2004,#2005,#2006));
#7661=EDGE_LOOP('',(#2007,#2008,#2009,#2010));
#7662=EDGE_LOOP('',(#2011,#2012,#2013,#2014,#2015,#2016,#2017,#2018));
#7663=EDGE_LOOP('',(#2019,#2020,#2021,#2022));
#7664=EDGE_LOOP('',(#2023,#2024,#2025,#2026,#2027,#2028,#2029,#2030,#2031,
#2032,#2033,#2034));
#7665=EDGE_LOOP('',(#2035,#2036,#2037,#2038,#2039,#2040,#2041,#2042));
#7666=EDGE_LOOP('',(#2043,#2044,#2045,#2046));
#7667=EDGE_LOOP('',(#2047,#2048,#2049,#2050));
#7668=EDGE_LOOP('',(#2051,#2052,#2053,#2054));
#7669=EDGE_LOOP('',(#2055,#2056,#2057,#2058));
#7670=EDGE_LOOP('',(#2059,#2060,#2061,#2062));
#7671=EDGE_LOOP('',(#2063,#2064,#2065,#2066));
#7672=EDGE_LOOP('',(#2067,#2068,#2069,#2070));
#7673=EDGE_LOOP('',(#2071,#2072,#2073,#2074));
#7674=EDGE_LOOP('',(#2075,#2076,#2077,#2078));
#7675=EDGE_LOOP('',(#2079,#2080,#2081,#2082));
#7676=EDGE_LOOP('',(#2083,#2084,#2085,#2086));
#7677=EDGE_LOOP('',(#2087,#2088,#2089,#2090));
#7678=EDGE_LOOP('',(#2091,#2092,#2093,#2094));
#7679=EDGE_LOOP('',(#2095,#2096,#2097,#2098));
#7680=EDGE_LOOP('',(#2099,#2100,#2101,#2102));
#7681=EDGE_LOOP('',(#2103,#2104,#2105,#2106));
#7682=EDGE_LOOP('',(#2107,#2108,#2109,#2110));
#7683=EDGE_LOOP('',(#2111,#2112,#2113,#2114));
#7684=EDGE_LOOP('',(#2115,#2116,#2117,#2118));
#7685=EDGE_LOOP('',(#2119,#2120,#2121,#2122));
#7686=EDGE_LOOP('',(#2123,#2124,#2125,#2126));
#7687=EDGE_LOOP('',(#2127,#2128,#2129,#2130));
#7688=EDGE_LOOP('',(#2131,#2132,#2133,#2134));
#7689=EDGE_LOOP('',(#2135,#2136,#2137,#2138));
#7690=EDGE_LOOP('',(#2139,#2140,#2141,#2142));
#7691=EDGE_LOOP('',(#2143,#2144,#2145,#2146));
#7692=EDGE_LOOP('',(#2147,#2148,#2149,#2150));
#7693=EDGE_LOOP('',(#2151,#2152,#2153,#2154));
#7694=EDGE_LOOP('',(#2155,#2156,#2157,#2158));
#7695=EDGE_LOOP('',(#2159,#2160,#2161,#2162));
#7696=EDGE_LOOP('',(#2163,#2164,#2165,#2166));
#7697=EDGE_LOOP('',(#2167,#2168,#2169,#2170));
#7698=EDGE_LOOP('',(#2171,#2172,#2173,#2174));
#7699=EDGE_LOOP('',(#2175,#2176,#2177,#2178));
#7700=EDGE_LOOP('',(#2179,#2180,#2181,#2182));
#7701=EDGE_LOOP('',(#2183,#2184,#2185,#2186));
#7702=EDGE_LOOP('',(#2187,#2188,#2189,#2190));
#7703=EDGE_LOOP('',(#2191,#2192,#2193,#2194));
#7704=EDGE_LOOP('',(#2195,#2196,#2197,#2198));
#7705=EDGE_LOOP('',(#2199,#2200,#2201,#2202));
#7706=EDGE_LOOP('',(#2203,#2204,#2205,#2206));
#7707=EDGE_LOOP('',(#2207,#2208,#2209,#2210));
#7708=EDGE_LOOP('',(#2211,#2212,#2213,#2214));
#7709=EDGE_LOOP('',(#2215,#2216,#2217,#2218));
#7710=EDGE_LOOP('',(#2219,#2220,#2221,#2222));
#7711=EDGE_LOOP('',(#2223,#2224,#2225,#2226));
#7712=EDGE_LOOP('',(#2227,#2228,#2229,#2230));
#7713=EDGE_LOOP('',(#2231,#2232,#2233,#2234));
#7714=EDGE_LOOP('',(#2235,#2236,#2237,#2238));
#7715=EDGE_LOOP('',(#2239,#2240,#2241,#2242));
#7716=EDGE_LOOP('',(#2243,#2244,#2245,#2246));
#7717=EDGE_LOOP('',(#2247,#2248,#2249,#2250));
#7718=EDGE_LOOP('',(#2251,#2252,#2253,#2254));
#7719=EDGE_LOOP('',(#2255,#2256,#2257,#2258));
#7720=EDGE_LOOP('',(#2259,#2260,#2261,#2262));
#7721=EDGE_LOOP('',(#2263,#2264,#2265,#2266));
#7722=EDGE_LOOP('',(#2267,#2268,#2269,#2270));
#7723=EDGE_LOOP('',(#2271,#2272,#2273,#2274,#2275,#2276,#2277,#2278,#2279,
#2280,#2281,#2282,#2283,#2284,#2285,#2286,#2287,#2288,#2289,#2290,#2291,
#2292,#2293,#2294,#2295,#2296,#2297,#2298,#2299,#2300,#2301,#2302,#2303,
#2304,#2305,#2306));
#7724=EDGE_LOOP('',(#2307,#2308,#2309,#2310,#2311,#2312,#2313,#2314,#2315,
#2316,#2317,#2318,#2319,#2320,#2321,#2322,#2323,#2324,#2325,#2326,#2327,
#2328,#2329,#2330,#2331,#2332,#2333,#2334,#2335,#2336,#2337,#2338,#2339,
#2340,#2341,#2342));
#7725=EDGE_LOOP('',(#2343,#2344,#2345,#2346));
#7726=EDGE_LOOP('',(#2347,#2348,#2349,#2350));
#7727=EDGE_LOOP('',(#2351,#2352,#2353,#2354));
#7728=EDGE_LOOP('',(#2355,#2356,#2357,#2358));
#7729=EDGE_LOOP('',(#2359,#2360,#2361,#2362));
#7730=EDGE_LOOP('',(#2363,#2364,#2365,#2366));
#7731=EDGE_LOOP('',(#2367,#2368,#2369,#2370));
#7732=EDGE_LOOP('',(#2371,#2372,#2373,#2374));
#7733=EDGE_LOOP('',(#2375,#2376,#2377,#2378));
#7734=EDGE_LOOP('',(#2379,#2380,#2381,#2382));
#7735=EDGE_LOOP('',(#2383,#2384,#2385,#2386));
#7736=EDGE_LOOP('',(#2387,#2388,#2389,#2390));
#7737=EDGE_LOOP('',(#2391,#2392,#2393,#2394));
#7738=EDGE_LOOP('',(#2395,#2396,#2397,#2398));
#7739=EDGE_LOOP('',(#2399,#2400,#2401,#2402));
#7740=EDGE_LOOP('',(#2403,#2404,#2405,#2406));
#7741=EDGE_LOOP('',(#2407,#2408,#2409,#2410));
#7742=EDGE_LOOP('',(#2411,#2412,#2413,#2414));
#7743=EDGE_LOOP('',(#2415,#2416,#2417,#2418));
#7744=EDGE_LOOP('',(#2419,#2420,#2421,#2422));
#7745=EDGE_LOOP('',(#2423,#2424,#2425,#2426));
#7746=EDGE_LOOP('',(#2427,#2428,#2429,#2430));
#7747=EDGE_LOOP('',(#2431,#2432,#2433,#2434));
#7748=EDGE_LOOP('',(#2435,#2436,#2437,#2438));
#7749=EDGE_LOOP('',(#2439,#2440,#2441,#2442));
#7750=EDGE_LOOP('',(#2443,#2444,#2445,#2446));
#7751=EDGE_LOOP('',(#2447,#2448,#2449,#2450));
#7752=EDGE_LOOP('',(#2451,#2452,#2453,#2454));
#7753=EDGE_LOOP('',(#2455,#2456,#2457,#2458));
#7754=EDGE_LOOP('',(#2459,#2460,#2461,#2462));
#7755=EDGE_LOOP('',(#2463,#2464,#2465,#2466));
#7756=EDGE_LOOP('',(#2467,#2468,#2469,#2470));
#7757=EDGE_LOOP('',(#2471,#2472,#2473,#2474));
#7758=EDGE_LOOP('',(#2475,#2476,#2477,#2478));
#7759=EDGE_LOOP('',(#2479,#2480,#2481,#2482));
#7760=EDGE_LOOP('',(#2483,#2484,#2485,#2486));
#7761=EDGE_LOOP('',(#2487,#2488,#2489,#2490));
#7762=EDGE_LOOP('',(#2491,#2492,#2493,#2494));
#7763=EDGE_LOOP('',(#2495,#2496,#2497,#2498));
#7764=EDGE_LOOP('',(#2499,#2500,#2501,#2502));
#7765=EDGE_LOOP('',(#2503,#2504,#2505,#2506));
#7766=EDGE_LOOP('',(#2507,#2508,#2509,#2510));
#7767=EDGE_LOOP('',(#2511,#2512,#2513,#2514));
#7768=EDGE_LOOP('',(#2515,#2516,#2517,#2518));
#7769=EDGE_LOOP('',(#2519,#2520,#2521,#2522));
#7770=EDGE_LOOP('',(#2523,#2524,#2525,#2526));
#7771=EDGE_LOOP('',(#2527,#2528,#2529,#2530));
#7772=EDGE_LOOP('',(#2531,#2532,#2533,#2534));
#7773=EDGE_LOOP('',(#2535,#2536,#2537,#2538));
#7774=EDGE_LOOP('',(#2539,#2540,#2541,#2542));
#7775=EDGE_LOOP('',(#2543,#2544,#2545,#2546));
#7776=EDGE_LOOP('',(#2547,#2548,#2549,#2550));
#7777=EDGE_LOOP('',(#2551,#2552,#2553,#2554));
#7778=EDGE_LOOP('',(#2555,#2556,#2557,#2558));
#7779=EDGE_LOOP('',(#2559,#2560,#2561,#2562));
#7780=EDGE_LOOP('',(#2563,#2564,#2565,#2566));
#7781=EDGE_LOOP('',(#2567,#2568,#2569,#2570));
#7782=EDGE_LOOP('',(#2571,#2572,#2573,#2574));
#7783=EDGE_LOOP('',(#2575,#2576,#2577,#2578));
#7784=EDGE_LOOP('',(#2579,#2580,#2581,#2582));
#7785=EDGE_LOOP('',(#2583,#2584,#2585,#2586));
#7786=EDGE_LOOP('',(#2587,#2588,#2589,#2590));
#7787=EDGE_LOOP('',(#2591,#2592,#2593,#2594));
#7788=EDGE_LOOP('',(#2595,#2596,#2597,#2598));
#7789=EDGE_LOOP('',(#2599,#2600,#2601,#2602));
#7790=EDGE_LOOP('',(#2603,#2604,#2605,#2606));
#7791=EDGE_LOOP('',(#2607,#2608,#2609,#2610));
#7792=EDGE_LOOP('',(#2611,#2612,#2613,#2614));
#7793=EDGE_LOOP('',(#2615,#2616,#2617,#2618));
#7794=EDGE_LOOP('',(#2619,#2620,#2621,#2622));
#7795=EDGE_LOOP('',(#2623,#2624,#2625,#2626));
#7796=EDGE_LOOP('',(#2627,#2628,#2629,#2630));
#7797=EDGE_LOOP('',(#2631,#2632,#2633,#2634));
#7798=EDGE_LOOP('',(#2635,#2636,#2637,#2638));
#7799=EDGE_LOOP('',(#2639,#2640,#2641,#2642));
#7800=EDGE_LOOP('',(#2643,#2644,#2645,#2646));
#7801=EDGE_LOOP('',(#2647,#2648,#2649,#2650));
#7802=EDGE_LOOP('',(#2651,#2652,#2653,#2654));
#7803=EDGE_LOOP('',(#2655,#2656,#2657,#2658));
#7804=EDGE_LOOP('',(#2659,#2660,#2661,#2662));
#7805=EDGE_LOOP('',(#2663,#2664,#2665,#2666));
#7806=EDGE_LOOP('',(#2667,#2668,#2669,#2670));
#7807=EDGE_LOOP('',(#2671,#2672,#2673,#2674));
#7808=EDGE_LOOP('',(#2675,#2676,#2677,#2678));
#7809=EDGE_LOOP('',(#2679,#2680,#2681,#2682));
#7810=EDGE_LOOP('',(#2683,#2684,#2685,#2686));
#7811=EDGE_LOOP('',(#2687,#2688,#2689,#2690,#2691,#2692,#2693,#2694,#2695,
#2696,#2697,#2698,#2699,#2700,#2701,#2702,#2703,#2704,#2705,#2706,#2707,
#2708,#2709,#2710,#2711,#2712,#2713,#2714,#2715,#2716,#2717,#2718,#2719,
#2720,#2721,#2722,#2723,#2724,#2725,#2726,#2727,#2728,#2729,#2730,#2731,
#2732,#2733,#2734,#2735,#2736,#2737,#2738,#2739,#2740,#2741,#2742,#2743,
#2744,#2745,#2746,#2747,#2748,#2749,#2750,#2751,#2752,#2753,#2754,#2755,
#2756,#2757,#2758,#2759,#2760,#2761,#2762,#2763,#2764,#2765,#2766,#2767,
#2768,#2769,#2770,#2771,#2772));
#7812=EDGE_LOOP('',(#2773,#2774,#2775,#2776,#2777,#2778,#2779,#2780,#2781,
#2782,#2783,#2784,#2785,#2786,#2787,#2788,#2789,#2790,#2791,#2792,#2793,
#2794,#2795,#2796,#2797,#2798,#2799,#2800,#2801,#2802,#2803,#2804,#2805,
#2806,#2807,#2808,#2809,#2810,#2811,#2812,#2813,#2814,#2815,#2816,#2817,
#2818,#2819,#2820,#2821,#2822,#2823,#2824,#2825,#2826,#2827,#2828,#2829,
#2830,#2831,#2832,#2833,#2834,#2835,#2836,#2837,#2838,#2839,#2840,#2841,
#2842,#2843,#2844,#2845,#2846,#2847,#2848,#2849,#2850,#2851,#2852,#2853,
#2854,#2855,#2856,#2857,#2858));
#7813=FACE_BOUND('',#7314,.T.);
#7814=FACE_BOUND('',#7315,.T.);
#7815=FACE_BOUND('',#7316,.T.);
#7816=FACE_BOUND('',#7317,.T.);
#7817=FACE_BOUND('',#7318,.T.);
#7818=FACE_BOUND('',#7319,.T.);
#7819=FACE_BOUND('',#7320,.T.);
#7820=FACE_BOUND('',#7321,.T.);
#7821=FACE_BOUND('',#7322,.T.);
#7822=FACE_BOUND('',#7323,.T.);
#7823=FACE_BOUND('',#7324,.T.);
#7824=FACE_BOUND('',#7325,.T.);
#7825=FACE_BOUND('',#7326,.T.);
#7826=FACE_BOUND('',#7327,.T.);
#7827=FACE_BOUND('',#7328,.T.);
#7828=FACE_BOUND('',#7329,.T.);
#7829=FACE_BOUND('',#7330,.T.);
#7830=FACE_BOUND('',#7331,.T.);
#7831=FACE_BOUND('',#7332,.T.);
#7832=FACE_BOUND('',#7333,.T.);
#7833=FACE_BOUND('',#7334,.T.);
#7834=FACE_BOUND('',#7335,.T.);
#7835=FACE_BOUND('',#7336,.T.);
#7836=FACE_BOUND('',#7337,.T.);
#7837=FACE_BOUND('',#7338,.T.);
#7838=FACE_BOUND('',#7339,.T.);
#7839=FACE_BOUND('',#7340,.T.);
#7840=FACE_BOUND('',#7341,.T.);
#7841=FACE_BOUND('',#7342,.T.);
#7842=FACE_BOUND('',#7343,.T.);
#7843=FACE_BOUND('',#7344,.T.);
#7844=FACE_BOUND('',#7345,.T.);
#7845=FACE_BOUND('',#7346,.T.);
#7846=FACE_BOUND('',#7347,.T.);
#7847=FACE_BOUND('',#7348,.T.);
#7848=FACE_BOUND('',#7349,.T.);
#7849=FACE_BOUND('',#7350,.T.);
#7850=FACE_BOUND('',#7351,.T.);
#7851=FACE_BOUND('',#7352,.T.);
#7852=FACE_BOUND('',#7353,.T.);
#7853=FACE_BOUND('',#7354,.T.);
#7854=FACE_BOUND('',#7355,.T.);
#7855=FACE_BOUND('',#7356,.T.);
#7856=FACE_BOUND('',#7357,.T.);
#7857=FACE_BOUND('',#7358,.T.);
#7858=FACE_BOUND('',#7359,.T.);
#7859=FACE_BOUND('',#7360,.T.);
#7860=FACE_BOUND('',#7361,.T.);
#7861=FACE_BOUND('',#7362,.T.);
#7862=FACE_BOUND('',#7363,.T.);
#7863=FACE_BOUND('',#7364,.T.);
#7864=FACE_BOUND('',#7365,.T.);
#7865=FACE_BOUND('',#7366,.T.);
#7866=FACE_BOUND('',#7367,.T.);
#7867=FACE_BOUND('',#7368,.T.);
#7868=FACE_BOUND('',#7369,.T.);
#7869=FACE_BOUND('',#7370,.T.);
#7870=FACE_BOUND('',#7371,.T.);
#7871=FACE_BOUND('',#7372,.T.);
#7872=FACE_BOUND('',#7373,.T.);
#7873=FACE_BOUND('',#7374,.T.);
#7874=FACE_BOUND('',#7375,.T.);
#7875=FACE_BOUND('',#7376,.T.);
#7876=FACE_BOUND('',#7377,.T.);
#7877=FACE_BOUND('',#7378,.T.);
#7878=FACE_BOUND('',#7379,.T.);
#7879=FACE_BOUND('',#7380,.T.);
#7880=FACE_BOUND('',#7381,.T.);
#7881=FACE_BOUND('',#7382,.T.);
#7882=FACE_BOUND('',#7383,.T.);
#7883=FACE_BOUND('',#7384,.T.);
#7884=FACE_BOUND('',#7385,.T.);
#7885=FACE_BOUND('',#7386,.T.);
#7886=FACE_BOUND('',#7387,.T.);
#7887=FACE_BOUND('',#7388,.T.);
#7888=FACE_BOUND('',#7389,.T.);
#7889=FACE_BOUND('',#7390,.T.);
#7890=FACE_BOUND('',#7391,.T.);
#7891=FACE_BOUND('',#7392,.T.);
#7892=FACE_BOUND('',#7393,.T.);
#7893=FACE_BOUND('',#7394,.T.);
#7894=FACE_BOUND('',#7395,.T.);
#7895=FACE_BOUND('',#7396,.T.);
#7896=FACE_BOUND('',#7397,.T.);
#7897=FACE_BOUND('',#7398,.T.);
#7898=FACE_BOUND('',#7399,.T.);
#7899=FACE_BOUND('',#7400,.T.);
#7900=FACE_BOUND('',#7401,.T.);
#7901=FACE_BOUND('',#7402,.T.);
#7902=FACE_BOUND('',#7403,.T.);
#7903=FACE_BOUND('',#7404,.T.);
#7904=FACE_BOUND('',#7405,.T.);
#7905=FACE_BOUND('',#7406,.T.);
#7906=FACE_BOUND('',#7407,.T.);
#7907=FACE_BOUND('',#7408,.T.);
#7908=FACE_BOUND('',#7409,.T.);
#7909=FACE_BOUND('',#7410,.T.);
#7910=FACE_BOUND('',#7411,.T.);
#7911=FACE_BOUND('',#7412,.T.);
#7912=FACE_BOUND('',#7413,.T.);
#7913=FACE_BOUND('',#7414,.T.);
#7914=FACE_BOUND('',#7415,.T.);
#7915=FACE_BOUND('',#7416,.T.);
#7916=FACE_BOUND('',#7417,.T.);
#7917=FACE_BOUND('',#7418,.T.);
#7918=FACE_BOUND('',#7419,.T.);
#7919=FACE_BOUND('',#7420,.T.);
#7920=FACE_BOUND('',#7421,.T.);
#7921=FACE_BOUND('',#7422,.T.);
#7922=FACE_BOUND('',#7423,.T.);
#7923=FACE_BOUND('',#7424,.T.);
#7924=FACE_BOUND('',#7425,.T.);
#7925=FACE_BOUND('',#7426,.T.);
#7926=FACE_BOUND('',#7427,.T.);
#7927=FACE_BOUND('',#7428,.T.);
#7928=FACE_BOUND('',#7429,.T.);
#7929=FACE_BOUND('',#7430,.T.);
#7930=FACE_BOUND('',#7431,.T.);
#7931=FACE_BOUND('',#7432,.T.);
#7932=FACE_BOUND('',#7433,.T.);
#7933=FACE_BOUND('',#7434,.T.);
#7934=FACE_BOUND('',#7435,.T.);
#7935=FACE_BOUND('',#7436,.T.);
#7936=FACE_BOUND('',#7437,.T.);
#7937=FACE_BOUND('',#7438,.T.);
#7938=FACE_BOUND('',#7439,.T.);
#7939=FACE_BOUND('',#7440,.T.);
#7940=FACE_BOUND('',#7441,.T.);
#7941=FACE_BOUND('',#7442,.T.);
#7942=FACE_BOUND('',#7443,.T.);
#7943=FACE_BOUND('',#7444,.T.);
#7944=FACE_BOUND('',#7445,.T.);
#7945=FACE_BOUND('',#7446,.T.);
#7946=FACE_BOUND('',#7447,.T.);
#7947=FACE_BOUND('',#7448,.T.);
#7948=FACE_BOUND('',#7449,.T.);
#7949=FACE_BOUND('',#7450,.T.);
#7950=FACE_BOUND('',#7451,.T.);
#7951=FACE_BOUND('',#7452,.T.);
#7952=FACE_BOUND('',#7453,.T.);
#7953=FACE_BOUND('',#7454,.T.);
#7954=FACE_BOUND('',#7455,.T.);
#7955=FACE_BOUND('',#7456,.T.);
#7956=FACE_BOUND('',#7457,.T.);
#7957=FACE_BOUND('',#7458,.T.);
#7958=FACE_BOUND('',#7459,.T.);
#7959=FACE_BOUND('',#7460,.T.);
#7960=FACE_BOUND('',#7461,.T.);
#7961=FACE_BOUND('',#7462,.T.);
#7962=FACE_BOUND('',#7463,.T.);
#7963=FACE_BOUND('',#7464,.T.);
#7964=FACE_BOUND('',#7465,.T.);
#7965=FACE_BOUND('',#7466,.T.);
#7966=FACE_BOUND('',#7467,.T.);
#7967=FACE_BOUND('',#7468,.T.);
#7968=FACE_BOUND('',#7469,.T.);
#7969=FACE_BOUND('',#7470,.T.);
#7970=FACE_BOUND('',#7471,.T.);
#7971=FACE_BOUND('',#7472,.T.);
#7972=FACE_BOUND('',#7473,.T.);
#7973=FACE_BOUND('',#7474,.T.);
#7974=FACE_BOUND('',#7475,.T.);
#7975=FACE_BOUND('',#7476,.T.);
#7976=FACE_BOUND('',#7477,.T.);
#7977=FACE_BOUND('',#7478,.T.);
#7978=FACE_BOUND('',#7479,.T.);
#7979=FACE_BOUND('',#7480,.T.);
#7980=FACE_BOUND('',#7481,.T.);
#7981=FACE_BOUND('',#7482,.T.);
#7982=FACE_BOUND('',#7483,.T.);
#7983=FACE_BOUND('',#7484,.T.);
#7984=FACE_BOUND('',#7485,.T.);
#7985=FACE_BOUND('',#7486,.T.);
#7986=FACE_BOUND('',#7487,.T.);
#7987=FACE_BOUND('',#7488,.T.);
#7988=FACE_BOUND('',#7489,.T.);
#7989=FACE_BOUND('',#7490,.T.);
#7990=FACE_BOUND('',#7491,.T.);
#7991=FACE_BOUND('',#7492,.T.);
#7992=FACE_BOUND('',#7493,.T.);
#7993=FACE_BOUND('',#7494,.T.);
#7994=FACE_BOUND('',#7495,.T.);
#7995=FACE_BOUND('',#7496,.T.);
#7996=FACE_BOUND('',#7497,.T.);
#7997=FACE_BOUND('',#7498,.T.);
#7998=FACE_BOUND('',#7499,.T.);
#7999=FACE_BOUND('',#7500,.T.);
#8000=FACE_BOUND('',#7501,.T.);
#8001=FACE_BOUND('',#7502,.T.);
#8002=FACE_BOUND('',#7503,.T.);
#8003=FACE_BOUND('',#7504,.T.);
#8004=FACE_BOUND('',#7505,.T.);
#8005=FACE_BOUND('',#7506,.T.);
#8006=FACE_BOUND('',#7507,.T.);
#8007=FACE_BOUND('',#7508,.T.);
#8008=FACE_BOUND('',#7509,.T.);
#8009=FACE_BOUND('',#7510,.T.);
#8010=FACE_BOUND('',#7511,.T.);
#8011=FACE_BOUND('',#7512,.T.);
#8012=FACE_BOUND('',#7513,.T.);
#8013=FACE_BOUND('',#7514,.T.);
#8014=FACE_BOUND('',#7515,.T.);
#8015=FACE_BOUND('',#7516,.T.);
#8016=FACE_BOUND('',#7517,.T.);
#8017=FACE_BOUND('',#7518,.T.);
#8018=FACE_BOUND('',#7519,.T.);
#8019=FACE_BOUND('',#7520,.T.);
#8020=FACE_BOUND('',#7521,.T.);
#8021=FACE_BOUND('',#7522,.T.);
#8022=FACE_BOUND('',#7523,.T.);
#8023=FACE_BOUND('',#7524,.T.);
#8024=FACE_BOUND('',#7525,.T.);
#8025=FACE_BOUND('',#7526,.T.);
#8026=FACE_BOUND('',#7527,.T.);
#8027=FACE_BOUND('',#7528,.T.);
#8028=FACE_BOUND('',#7529,.T.);
#8029=FACE_BOUND('',#7530,.T.);
#8030=FACE_BOUND('',#7531,.T.);
#8031=FACE_BOUND('',#7532,.T.);
#8032=FACE_BOUND('',#7533,.T.);
#8033=FACE_BOUND('',#7534,.T.);
#8034=FACE_BOUND('',#7535,.T.);
#8035=FACE_BOUND('',#7536,.T.);
#8036=FACE_BOUND('',#7537,.T.);
#8037=FACE_BOUND('',#7538,.T.);
#8038=FACE_BOUND('',#7539,.T.);
#8039=FACE_BOUND('',#7540,.T.);
#8040=FACE_BOUND('',#7541,.T.);
#8041=FACE_BOUND('',#7542,.T.);
#8042=FACE_BOUND('',#7543,.T.);
#8043=FACE_BOUND('',#7544,.T.);
#8044=FACE_BOUND('',#7545,.T.);
#8045=FACE_BOUND('',#7546,.T.);
#8046=FACE_BOUND('',#7547,.T.);
#8047=FACE_BOUND('',#7548,.T.);
#8048=FACE_BOUND('',#7549,.T.);
#8049=FACE_BOUND('',#7550,.T.);
#8050=FACE_BOUND('',#7551,.T.);
#8051=FACE_BOUND('',#7552,.T.);
#8052=FACE_BOUND('',#7553,.T.);
#8053=FACE_BOUND('',#7554,.T.);
#8054=FACE_BOUND('',#7555,.T.);
#8055=FACE_BOUND('',#7556,.T.);
#8056=FACE_BOUND('',#7557,.T.);
#8057=FACE_BOUND('',#7558,.T.);
#8058=FACE_BOUND('',#7559,.T.);
#8059=FACE_BOUND('',#7560,.T.);
#8060=FACE_BOUND('',#7561,.T.);
#8061=FACE_BOUND('',#7562,.T.);
#8062=FACE_BOUND('',#7563,.T.);
#8063=FACE_BOUND('',#7564,.T.);
#8064=FACE_BOUND('',#7565,.T.);
#8065=FACE_BOUND('',#7566,.T.);
#8066=FACE_BOUND('',#7567,.T.);
#8067=FACE_BOUND('',#7568,.T.);
#8068=FACE_BOUND('',#7569,.T.);
#8069=FACE_BOUND('',#7570,.T.);
#8070=FACE_BOUND('',#7571,.T.);
#8071=FACE_BOUND('',#7572,.T.);
#8072=FACE_BOUND('',#7573,.T.);
#8073=FACE_BOUND('',#7574,.T.);
#8074=FACE_BOUND('',#7575,.T.);
#8075=FACE_BOUND('',#7576,.T.);
#8076=FACE_BOUND('',#7577,.T.);
#8077=FACE_BOUND('',#7578,.T.);
#8078=FACE_BOUND('',#7579,.T.);
#8079=FACE_BOUND('',#7580,.T.);
#8080=FACE_BOUND('',#7581,.T.);
#8081=FACE_BOUND('',#7582,.T.);
#8082=FACE_BOUND('',#7583,.T.);
#8083=FACE_BOUND('',#7584,.T.);
#8084=FACE_BOUND('',#7585,.T.);
#8085=FACE_BOUND('',#7586,.T.);
#8086=FACE_BOUND('',#7587,.T.);
#8087=FACE_BOUND('',#7588,.T.);
#8088=FACE_BOUND('',#7589,.T.);
#8089=FACE_BOUND('',#7590,.T.);
#8090=FACE_BOUND('',#7591,.T.);
#8091=FACE_BOUND('',#7592,.T.);
#8092=FACE_BOUND('',#7593,.T.);
#8093=FACE_BOUND('',#7594,.T.);
#8094=FACE_BOUND('',#7595,.T.);
#8095=FACE_BOUND('',#7596,.T.);
#8096=FACE_BOUND('',#7597,.T.);
#8097=FACE_BOUND('',#7598,.T.);
#8098=FACE_BOUND('',#7599,.T.);
#8099=FACE_BOUND('',#7600,.T.);
#8100=FACE_BOUND('',#7601,.T.);
#8101=FACE_BOUND('',#7602,.T.);
#8102=FACE_BOUND('',#7603,.T.);
#8103=FACE_BOUND('',#7604,.T.);
#8104=FACE_BOUND('',#7605,.T.);
#8105=FACE_BOUND('',#7606,.T.);
#8106=FACE_BOUND('',#7607,.T.);
#8107=FACE_BOUND('',#7608,.T.);
#8108=FACE_BOUND('',#7609,.T.);
#8109=FACE_BOUND('',#7610,.T.);
#8110=FACE_BOUND('',#7611,.T.);
#8111=FACE_BOUND('',#7612,.T.);
#8112=FACE_BOUND('',#7613,.T.);
#8113=FACE_BOUND('',#7614,.T.);
#8114=FACE_BOUND('',#7615,.T.);
#8115=FACE_BOUND('',#7616,.T.);
#8116=FACE_BOUND('',#7617,.T.);
#8117=FACE_BOUND('',#7618,.T.);
#8118=FACE_BOUND('',#7619,.T.);
#8119=FACE_BOUND('',#7620,.T.);
#8120=FACE_BOUND('',#7621,.T.);
#8121=FACE_BOUND('',#7622,.T.);
#8122=FACE_BOUND('',#7623,.T.);
#8123=FACE_BOUND('',#7624,.T.);
#8124=FACE_BOUND('',#7625,.T.);
#8125=FACE_BOUND('',#7626,.T.);
#8126=FACE_BOUND('',#7627,.T.);
#8127=FACE_BOUND('',#7628,.T.);
#8128=FACE_BOUND('',#7629,.T.);
#8129=FACE_BOUND('',#7630,.T.);
#8130=FACE_BOUND('',#7631,.T.);
#8131=FACE_BOUND('',#7632,.T.);
#8132=FACE_BOUND('',#7633,.T.);
#8133=FACE_BOUND('',#7634,.T.);
#8134=FACE_BOUND('',#7635,.T.);
#8135=FACE_BOUND('',#7636,.T.);
#8136=FACE_BOUND('',#7637,.T.);
#8137=FACE_BOUND('',#7638,.T.);
#8138=FACE_BOUND('',#7639,.T.);
#8139=FACE_BOUND('',#7640,.T.);
#8140=FACE_BOUND('',#7641,.T.);
#8141=FACE_BOUND('',#7642,.T.);
#8142=FACE_BOUND('',#7643,.T.);
#8143=FACE_BOUND('',#7644,.T.);
#8144=FACE_BOUND('',#7645,.T.);
#8145=FACE_BOUND('',#7646,.T.);
#8146=FACE_BOUND('',#7647,.T.);
#8147=FACE_BOUND('',#7648,.T.);
#8148=FACE_BOUND('',#7649,.T.);
#8149=FACE_BOUND('',#7650,.T.);
#8150=FACE_BOUND('',#7651,.T.);
#8151=FACE_BOUND('',#7652,.T.);
#8152=FACE_BOUND('',#7653,.T.);
#8153=FACE_BOUND('',#7654,.T.);
#8154=FACE_BOUND('',#7655,.T.);
#8155=FACE_BOUND('',#7656,.T.);
#8156=FACE_BOUND('',#7657,.T.);
#8157=FACE_BOUND('',#7658,.T.);
#8158=FACE_BOUND('',#7659,.T.);
#8159=FACE_BOUND('',#7660,.T.);
#8160=FACE_BOUND('',#7661,.T.);
#8161=FACE_BOUND('',#7662,.T.);
#8162=FACE_BOUND('',#7663,.T.);
#8163=FACE_BOUND('',#7664,.T.);
#8164=FACE_BOUND('',#7665,.T.);
#8165=FACE_BOUND('',#7666,.T.);
#8166=FACE_BOUND('',#7667,.T.);
#8167=FACE_BOUND('',#7668,.T.);
#8168=FACE_BOUND('',#7669,.T.);
#8169=FACE_BOUND('',#7670,.T.);
#8170=FACE_BOUND('',#7671,.T.);
#8171=FACE_BOUND('',#7672,.T.);
#8172=FACE_BOUND('',#7673,.T.);
#8173=FACE_BOUND('',#7674,.T.);
#8174=FACE_BOUND('',#7675,.T.);
#8175=FACE_BOUND('',#7676,.T.);
#8176=FACE_BOUND('',#7677,.T.);
#8177=FACE_BOUND('',#7678,.T.);
#8178=FACE_BOUND('',#7679,.T.);
#8179=FACE_BOUND('',#7680,.T.);
#8180=FACE_BOUND('',#7681,.T.);
#8181=FACE_BOUND('',#7682,.T.);
#8182=FACE_BOUND('',#7683,.T.);
#8183=FACE_BOUND('',#7684,.T.);
#8184=FACE_BOUND('',#7685,.T.);
#8185=FACE_BOUND('',#7686,.T.);
#8186=FACE_BOUND('',#7687,.T.);
#8187=FACE_BOUND('',#7688,.T.);
#8188=FACE_BOUND('',#7689,.T.);
#8189=FACE_BOUND('',#7690,.T.);
#8190=FACE_BOUND('',#7691,.T.);
#8191=FACE_BOUND('',#7692,.T.);
#8192=FACE_BOUND('',#7693,.T.);
#8193=FACE_BOUND('',#7694,.T.);
#8194=FACE_BOUND('',#7695,.T.);
#8195=FACE_BOUND('',#7696,.T.);
#8196=FACE_BOUND('',#7697,.T.);
#8197=FACE_BOUND('',#7698,.T.);
#8198=FACE_BOUND('',#7699,.T.);
#8199=FACE_BOUND('',#7700,.T.);
#8200=FACE_BOUND('',#7701,.T.);
#8201=FACE_BOUND('',#7702,.T.);
#8202=FACE_BOUND('',#7703,.T.);
#8203=FACE_BOUND('',#7704,.T.);
#8204=FACE_BOUND('',#7705,.T.);
#8205=FACE_BOUND('',#7706,.T.);
#8206=FACE_BOUND('',#7707,.T.);
#8207=FACE_BOUND('',#7708,.T.);
#8208=FACE_BOUND('',#7709,.T.);
#8209=FACE_BOUND('',#7710,.T.);
#8210=FACE_BOUND('',#7711,.T.);
#8211=FACE_BOUND('',#7712,.T.);
#8212=FACE_BOUND('',#7713,.T.);
#8213=FACE_BOUND('',#7714,.T.);
#8214=FACE_BOUND('',#7715,.T.);
#8215=FACE_BOUND('',#7716,.T.);
#8216=FACE_BOUND('',#7717,.T.);
#8217=FACE_BOUND('',#7718,.T.);
#8218=FACE_BOUND('',#7719,.T.);
#8219=FACE_BOUND('',#7720,.T.);
#8220=FACE_BOUND('',#7721,.T.);
#8221=FACE_BOUND('',#7722,.T.);
#8222=FACE_BOUND('',#7723,.T.);
#8223=FACE_BOUND('',#7724,.T.);
#8224=FACE_BOUND('',#7725,.T.);
#8225=FACE_BOUND('',#7726,.T.);
#8226=FACE_BOUND('',#7727,.T.);
#8227=FACE_BOUND('',#7728,.T.);
#8228=FACE_BOUND('',#7729,.T.);
#8229=FACE_BOUND('',#7730,.T.);
#8230=FACE_BOUND('',#7731,.T.);
#8231=FACE_BOUND('',#7732,.T.);
#8232=FACE_BOUND('',#7733,.T.);
#8233=FACE_BOUND('',#7734,.T.);
#8234=FACE_BOUND('',#7735,.T.);
#8235=FACE_BOUND('',#7736,.T.);
#8236=FACE_BOUND('',#7737,.T.);
#8237=FACE_BOUND('',#7738,.T.);
#8238=FACE_BOUND('',#7739,.T.);
#8239=FACE_BOUND('',#7740,.T.);
#8240=FACE_BOUND('',#7741,.T.);
#8241=FACE_BOUND('',#7742,.T.);
#8242=FACE_BOUND('',#7743,.T.);
#8243=FACE_BOUND('',#7744,.T.);
#8244=FACE_BOUND('',#7745,.T.);
#8245=FACE_BOUND('',#7746,.T.);
#8246=FACE_BOUND('',#7747,.T.);
#8247=FACE_BOUND('',#7748,.T.);
#8248=FACE_BOUND('',#7749,.T.);
#8249=FACE_BOUND('',#7750,.T.);
#8250=FACE_BOUND('',#7751,.T.);
#8251=FACE_BOUND('',#7752,.T.);
#8252=FACE_BOUND('',#7753,.T.);
#8253=FACE_BOUND('',#7754,.T.);
#8254=FACE_BOUND('',#7755,.T.);
#8255=FACE_BOUND('',#7756,.T.);
#8256=FACE_BOUND('',#7757,.T.);
#8257=FACE_BOUND('',#7758,.T.);
#8258=FACE_BOUND('',#7759,.T.);
#8259=FACE_BOUND('',#7760,.T.);
#8260=FACE_BOUND('',#7761,.T.);
#8261=FACE_BOUND('',#7762,.T.);
#8262=FACE_BOUND('',#7763,.T.);
#8263=FACE_BOUND('',#7764,.T.);
#8264=FACE_BOUND('',#7765,.T.);
#8265=FACE_BOUND('',#7766,.T.);
#8266=FACE_BOUND('',#7767,.T.);
#8267=FACE_BOUND('',#7768,.T.);
#8268=FACE_BOUND('',#7769,.T.);
#8269=FACE_BOUND('',#7770,.T.);
#8270=FACE_BOUND('',#7771,.T.);
#8271=FACE_BOUND('',#7772,.T.);
#8272=FACE_BOUND('',#7773,.T.);
#8273=FACE_BOUND('',#7774,.T.);
#8274=FACE_BOUND('',#7775,.T.);
#8275=FACE_BOUND('',#7776,.T.);
#8276=FACE_BOUND('',#7777,.T.);
#8277=FACE_BOUND('',#7778,.T.);
#8278=FACE_BOUND('',#7779,.T.);
#8279=FACE_BOUND('',#7780,.T.);
#8280=FACE_BOUND('',#7781,.T.);
#8281=FACE_BOUND('',#7782,.T.);
#8282=FACE_BOUND('',#7783,.T.);
#8283=FACE_BOUND('',#7784,.T.);
#8284=FACE_BOUND('',#7785,.T.);
#8285=FACE_BOUND('',#7786,.T.);
#8286=FACE_BOUND('',#7787,.T.);
#8287=FACE_BOUND('',#7788,.T.);
#8288=FACE_BOUND('',#7789,.T.);
#8289=FACE_BOUND('',#7790,.T.);
#8290=FACE_BOUND('',#7791,.T.);
#8291=FACE_BOUND('',#7792,.T.);
#8292=FACE_BOUND('',#7793,.T.);
#8293=FACE_BOUND('',#7794,.T.);
#8294=FACE_BOUND('',#7795,.T.);
#8295=FACE_BOUND('',#7796,.T.);
#8296=FACE_BOUND('',#7797,.T.);
#8297=FACE_BOUND('',#7798,.T.);
#8298=FACE_BOUND('',#7799,.T.);
#8299=FACE_BOUND('',#7800,.T.);
#8300=FACE_BOUND('',#7801,.T.);
#8301=FACE_BOUND('',#7802,.T.);
#8302=FACE_BOUND('',#7803,.T.);
#8303=FACE_BOUND('',#7804,.T.);
#8304=FACE_BOUND('',#7805,.T.);
#8305=FACE_BOUND('',#7806,.T.);
#8306=FACE_BOUND('',#7807,.T.);
#8307=FACE_BOUND('',#7808,.T.);
#8308=FACE_BOUND('',#7809,.T.);
#8309=FACE_BOUND('',#7810,.T.);
#8310=FACE_BOUND('',#7811,.T.);
#8311=FACE_BOUND('',#7812,.T.);
#8312=PLANE('',#9152);
#8313=PLANE('',#9153);
#8314=PLANE('',#9154);
#8315=PLANE('',#9155);
#8316=PLANE('',#9156);
#8317=PLANE('',#9157);
#8318=PLANE('',#9158);
#8319=PLANE('',#9159);
#8320=PLANE('',#9160);
#8321=PLANE('',#9161);
#8322=PLANE('',#9162);
#8323=PLANE('',#9163);
#8324=PLANE('',#9164);
#8325=PLANE('',#9165);
#8326=PLANE('',#9166);
#8327=PLANE('',#9167);
#8328=PLANE('',#9168);
#8329=PLANE('',#9169);
#8330=PLANE('',#9170);
#8331=PLANE('',#9171);
#8332=PLANE('',#9172);
#8333=PLANE('',#9173);
#8334=PLANE('',#9174);
#8335=PLANE('',#9175);
#8336=PLANE('',#9176);
#8337=PLANE('',#9177);
#8338=PLANE('',#9178);
#8339=PLANE('',#9179);
#8340=PLANE('',#9180);
#8341=PLANE('',#9181);
#8342=PLANE('',#9182);
#8343=PLANE('',#9183);
#8344=PLANE('',#9184);
#8345=PLANE('',#9185);
#8346=PLANE('',#9186);
#8347=PLANE('',#9187);
#8348=PLANE('',#9188);
#8349=PLANE('',#9189);
#8350=PLANE('',#9190);
#8351=PLANE('',#9191);
#8352=PLANE('',#9192);
#8353=PLANE('',#9193);
#8354=PLANE('',#9194);
#8355=PLANE('',#9195);
#8356=PLANE('',#9196);
#8357=PLANE('',#9197);
#8358=PLANE('',#9198);
#8359=PLANE('',#9199);
#8360=PLANE('',#9200);
#8361=PLANE('',#9201);
#8362=PLANE('',#9202);
#8363=PLANE('',#9203);
#8364=PLANE('',#9204);
#8365=PLANE('',#9205);
#8366=PLANE('',#9206);
#8367=PLANE('',#9207);
#8368=PLANE('',#9208);
#8369=PLANE('',#9209);
#8370=PLANE('',#9210);
#8371=PLANE('',#9211);
#8372=PLANE('',#9212);
#8373=PLANE('',#9213);
#8374=PLANE('',#9214);
#8375=PLANE('',#9215);
#8376=PLANE('',#9216);
#8377=PLANE('',#9217);
#8378=PLANE('',#9218);
#8379=PLANE('',#9219);
#8380=PLANE('',#9220);
#8381=PLANE('',#9221);
#8382=PLANE('',#9222);
#8383=PLANE('',#9223);
#8384=PLANE('',#9224);
#8385=PLANE('',#9225);
#8386=PLANE('',#9226);
#8387=PLANE('',#9227);
#8388=PLANE('',#9228);
#8389=PLANE('',#9229);
#8390=PLANE('',#9230);
#8391=PLANE('',#9231);
#8392=PLANE('',#9232);
#8393=PLANE('',#9233);
#8394=PLANE('',#9234);
#8395=PLANE('',#9235);
#8396=PLANE('',#9236);
#8397=PLANE('',#9237);
#8398=PLANE('',#9238);
#8399=PLANE('',#9239);
#8400=PLANE('',#9240);
#8401=PLANE('',#9241);
#8402=PLANE('',#9242);
#8403=PLANE('',#9243);
#8404=PLANE('',#9244);
#8405=PLANE('',#9245);
#8406=PLANE('',#9246);
#8407=PLANE('',#9247);
#8408=PLANE('',#9248);
#8409=PLANE('',#9249);
#8410=PLANE('',#9250);
#8411=PLANE('',#9251);
#8412=PLANE('',#9252);
#8413=PLANE('',#9253);
#8414=PLANE('',#9254);
#8415=PLANE('',#9255);
#8416=PLANE('',#9256);
#8417=PLANE('',#9257);
#8418=PLANE('',#9258);
#8419=PLANE('',#9259);
#8420=PLANE('',#9260);
#8421=PLANE('',#9261);
#8422=PLANE('',#9262);
#8423=PLANE('',#9263);
#8424=PLANE('',#9264);
#8425=PLANE('',#9265);
#8426=PLANE('',#9266);
#8427=PLANE('',#9267);
#8428=PLANE('',#9268);
#8429=PLANE('',#9269);
#8430=PLANE('',#9270);
#8431=PLANE('',#9271);
#8432=PLANE('',#9272);
#8433=PLANE('',#9273);
#8434=PLANE('',#9274);
#8435=PLANE('',#9275);
#8436=PLANE('',#9276);
#8437=PLANE('',#9277);
#8438=PLANE('',#9278);
#8439=PLANE('',#9279);
#8440=PLANE('',#9280);
#8441=PLANE('',#9281);
#8442=PLANE('',#9282);
#8443=PLANE('',#9283);
#8444=PLANE('',#9284);
#8445=PLANE('',#9285);
#8446=PLANE('',#9286);
#8447=PLANE('',#9287);
#8448=PLANE('',#9288);
#8449=PLANE('',#9289);
#8450=PLANE('',#9290);
#8451=PLANE('',#9291);
#8452=PLANE('',#9292);
#8453=PLANE('',#9293);
#8454=PLANE('',#9294);
#8455=PLANE('',#9295);
#8456=PLANE('',#9296);
#8457=PLANE('',#9297);
#8458=PLANE('',#9298);
#8459=PLANE('',#9299);
#8460=PLANE('',#9300);
#8461=PLANE('',#9301);
#8462=PLANE('',#9302);
#8463=PLANE('',#9303);
#8464=PLANE('',#9304);
#8465=PLANE('',#9305);
#8466=PLANE('',#9306);
#8467=PLANE('',#9307);
#8468=PLANE('',#9308);
#8469=PLANE('',#9309);
#8470=PLANE('',#9310);
#8471=PLANE('',#9311);
#8472=PLANE('',#9312);
#8473=PLANE('',#9313);
#8474=PLANE('',#9314);
#8475=PLANE('',#9315);
#8476=PLANE('',#9316);
#8477=PLANE('',#9317);
#8478=PLANE('',#9318);
#8479=PLANE('',#9319);
#8480=PLANE('',#9320);
#8481=PLANE('',#9321);
#8482=PLANE('',#9322);
#8483=PLANE('',#9323);
#8484=PLANE('',#9324);
#8485=PLANE('',#9325);
#8486=PLANE('',#9326);
#8487=PLANE('',#9327);
#8488=PLANE('',#9328);
#8489=PLANE('',#9329);
#8490=PLANE('',#9330);
#8491=PLANE('',#9331);
#8492=PLANE('',#9332);
#8493=PLANE('',#9333);
#8494=PLANE('',#9334);
#8495=PLANE('',#9335);
#8496=PLANE('',#9336);
#8497=PLANE('',#9337);
#8498=PLANE('',#9338);
#8499=PLANE('',#9339);
#8500=PLANE('',#9340);
#8501=PLANE('',#9341);
#8502=PLANE('',#9342);
#8503=PLANE('',#9343);
#8504=PLANE('',#9344);
#8505=PLANE('',#9345);
#8506=PLANE('',#9346);
#8507=PLANE('',#9347);
#8508=PLANE('',#9348);
#8509=PLANE('',#9349);
#8510=PLANE('',#9351);
#8511=PLANE('',#9352);
#8512=PLANE('',#9353);
#8513=PLANE('',#9354);
#8514=PLANE('',#9355);
#8515=PLANE('',#9356);
#8516=PLANE('',#9357);
#8517=PLANE('',#9358);
#8518=PLANE('',#9359);
#8519=PLANE('',#9360);
#8520=PLANE('',#9361);
#8521=PLANE('',#9362);
#8522=PLANE('',#9363);
#8523=PLANE('',#9364);
#8524=PLANE('',#9365);
#8525=PLANE('',#9366);
#8526=PLANE('',#9367);
#8527=PLANE('',#9368);
#8528=PLANE('',#9369);
#8529=PLANE('',#9370);
#8530=PLANE('',#9371);
#8531=PLANE('',#9372);
#8532=PLANE('',#9373);
#8533=PLANE('',#9374);
#8534=PLANE('',#9375);
#8535=PLANE('',#9376);
#8536=PLANE('',#9377);
#8537=PLANE('',#9378);
#8538=PLANE('',#9379);
#8539=PLANE('',#9390);
#8540=PLANE('',#9393);
#8541=PLANE('',#9397);
#8542=PLANE('',#9401);
#8543=PLANE('',#9405);
#8544=PLANE('',#9406);
#8545=PLANE('',#9407);
#8546=PLANE('',#9418);
#8547=PLANE('',#9422);
#8548=PLANE('',#9426);
#8549=PLANE('',#9430);
#8550=PLANE('',#9434);
#8551=PLANE('',#9435);
#8552=PLANE('',#9436);
#8553=PLANE('',#9437);
#8554=PLANE('',#9438);
#8555=PLANE('',#9439);
#8556=PLANE('',#9440);
#8557=PLANE('',#9441);
#8558=PLANE('',#9442);
#8559=PLANE('',#9443);
#8560=PLANE('',#9444);
#8561=PLANE('',#9445);
#8562=PLANE('',#9446);
#8563=PLANE('',#9447);
#8564=PLANE('',#9448);
#8565=PLANE('',#9469);
#8566=PLANE('',#9470);
#8567=PLANE('',#9473);
#8568=PLANE('',#9477);
#8569=PLANE('',#9481);
#8570=PLANE('',#9485);
#8571=PLANE('',#9489);
#8572=PLANE('',#9493);
#8573=PLANE('',#9497);
#8574=PLANE('',#9501);
#8575=PLANE('',#9505);
#8576=PLANE('',#9509);
#8577=PLANE('',#9512);
#8578=PLANE('',#9515);
#8579=PLANE('',#9536);
#8580=PLANE('',#9537);
#8581=PLANE('',#9538);
#8582=PLANE('',#9539);
#8583=PLANE('',#9540);
#8584=PLANE('',#9541);
#8585=PLANE('',#9542);
#8586=PLANE('',#9543);
#8587=PLANE('',#9544);
#8588=PLANE('',#9545);
#8589=PLANE('',#9546);
#8590=PLANE('',#9547);
#8591=PLANE('',#9548);
#8592=PLANE('',#9549);
#8593=PLANE('',#9550);
#8594=PLANE('',#9551);
#8595=PLANE('',#9552);
#8596=PLANE('',#9553);
#8597=PLANE('',#9554);
#8598=PLANE('',#9555);
#8599=PLANE('',#9572);
#8600=PLANE('',#9577);
#8601=PLANE('',#9581);
#8602=PLANE('',#9585);
#8603=PLANE('',#9589);
#8604=PLANE('',#9593);
#8605=PLANE('',#9597);
#8606=PLANE('',#9601);
#8607=PLANE('',#9605);
#8608=PLANE('',#9609);
#8609=PLANE('',#9613);
#8610=PLANE('',#9617);
#8611=PLANE('',#9621);
#8612=PLANE('',#9625);
#8613=PLANE('',#9629);
#8614=PLANE('',#9633);
#8615=PLANE('',#9637);
#8616=PLANE('',#9641);
#8617=PLANE('',#9645);
#8618=PLANE('',#9649);
#8619=PLANE('',#9650);
#8620=PLANE('',#9652);
#8621=PLANE('',#9653);
#8622=PLANE('',#9654);
#8623=PLANE('',#9655);
#8624=PLANE('',#9656);
#8625=PLANE('',#9657);
#8626=PLANE('',#9658);
#8627=PLANE('',#9659);
#8628=PLANE('',#9660);
#8629=PLANE('',#9661);
#8630=PLANE('',#9662);
#8631=PLANE('',#9663);
#8632=PLANE('',#9664);
#8633=PLANE('',#9665);
#8634=PLANE('',#9666);
#8635=PLANE('',#9667);
#8636=PLANE('',#9668);
#8637=PLANE('',#9669);
#8638=PLANE('',#9670);
#8639=PLANE('',#9671);
#8640=PLANE('',#9672);
#8641=PLANE('',#9673);
#8642=PLANE('',#9674);
#8643=PLANE('',#9675);
#8644=PLANE('',#9676);
#8645=PLANE('',#9677);
#8646=PLANE('',#9678);
#8647=PLANE('',#9682);
#8648=PLANE('',#9683);
#8649=PLANE('',#9684);
#8650=PLANE('',#9685);
#8651=PLANE('',#9686);
#8652=PLANE('',#9687);
#8653=PLANE('',#9688);
#8654=PLANE('',#9689);
#8655=PLANE('',#9690);
#8656=PLANE('',#9691);
#8657=PLANE('',#9692);
#8658=PLANE('',#9693);
#8659=PLANE('',#9694);
#8660=PLANE('',#9698);
#8661=PLANE('',#9699);
#8662=PLANE('',#9700);
#8663=PLANE('',#9701);
#8664=PLANE('',#9702);
#8665=PLANE('',#9703);
#8666=PLANE('',#9704);
#8667=PLANE('',#9705);
#8668=PLANE('',#9706);
#8669=PLANE('',#9707);
#8670=PLANE('',#9708);
#8671=PLANE('',#9709);
#8672=PLANE('',#9710);
#8673=PLANE('',#9714);
#8674=PLANE('',#9715);
#8675=PLANE('',#9716);
#8676=PLANE('',#9717);
#8677=PLANE('',#9718);
#8678=PLANE('',#9719);
#8679=PLANE('',#9720);
#8680=PLANE('',#9721);
#8681=PLANE('',#9722);
#8682=PLANE('',#9723);
#8683=PLANE('',#9724);
#8684=PLANE('',#9725);
#8685=PLANE('',#9726);
#8686=PLANE('',#9730);
#8687=PLANE('',#9731);
#8688=PLANE('',#9732);
#8689=PLANE('',#9733);
#8690=PLANE('',#9734);
#8691=PLANE('',#9735);
#8692=PLANE('',#9736);
#8693=PLANE('',#9737);
#8694=PLANE('',#9738);
#8695=PLANE('',#9739);
#8696=PLANE('',#9740);
#8697=PLANE('',#9741);
#8698=PLANE('',#9742);
#8699=PLANE('',#9746);
#8700=PLANE('',#9747);
#8701=PLANE('',#9748);
#8702=PLANE('',#9749);
#8703=ADVANCED_FACE('',(#7813,#7814,#7815,#7816),#8312,.F.);
#8704=ADVANCED_FACE('',(#7817),#8313,.F.);
#8705=ADVANCED_FACE('',(#7818),#8314,.T.);
#8706=ADVANCED_FACE('',(#7819),#8315,.T.);
#8707=ADVANCED_FACE('',(#7820),#8316,.T.);
#8708=ADVANCED_FACE('',(#7821),#8317,.T.);
#8709=ADVANCED_FACE('',(#7822,#7823),#8318,.T.);
#8710=ADVANCED_FACE('',(#7824,#7825),#8319,.T.);
#8711=ADVANCED_FACE('',(#7826,#7827),#8320,.T.);
#8712=ADVANCED_FACE('',(#7828,#7829),#8321,.T.);
#8713=ADVANCED_FACE('',(#7830,#7831),#8322,.T.);
#8714=ADVANCED_FACE('',(#7832,#7833),#8323,.T.);
#8715=ADVANCED_FACE('',(#7834,#7835),#8324,.T.);
#8716=ADVANCED_FACE('',(#7836,#7837),#8325,.T.);
#8717=ADVANCED_FACE('',(#7838,#7839),#8326,.T.);
#8718=ADVANCED_FACE('',(#7840,#7841),#8327,.T.);
#8719=ADVANCED_FACE('',(#7842),#8328,.F.);
#8720=ADVANCED_FACE('',(#7843),#8329,.F.);
#8721=ADVANCED_FACE('',(#7844),#8330,.F.);
#8722=ADVANCED_FACE('',(#7845),#8331,.F.);
#8723=ADVANCED_FACE('',(#7846),#8332,.F.);
#8724=ADVANCED_FACE('',(#7847),#8333,.F.);
#8725=ADVANCED_FACE('',(#7848),#8334,.F.);
#8726=ADVANCED_FACE('',(#7849),#8335,.F.);
#8727=ADVANCED_FACE('',(#7850),#8336,.F.);
#8728=ADVANCED_FACE('',(#7851),#8337,.F.);
#8729=ADVANCED_FACE('',(#7852),#8338,.F.);
#8730=ADVANCED_FACE('',(#7853),#8339,.F.);
#8731=ADVANCED_FACE('',(#7854),#8340,.F.);
#8732=ADVANCED_FACE('',(#7855),#8341,.F.);
#8733=ADVANCED_FACE('',(#7856),#8342,.F.);
#8734=ADVANCED_FACE('',(#7857),#8343,.F.);
#8735=ADVANCED_FACE('',(#7858),#8344,.T.);
#8736=ADVANCED_FACE('',(#7859),#8345,.T.);
#8737=ADVANCED_FACE('',(#7860),#8346,.T.);
#8738=ADVANCED_FACE('',(#7861),#8347,.T.);
#8739=ADVANCED_FACE('',(#7862),#8348,.T.);
#8740=ADVANCED_FACE('',(#7863),#8349,.T.);
#8741=ADVANCED_FACE('',(#7864),#8350,.T.);
#8742=ADVANCED_FACE('',(#7865),#8351,.T.);
#8743=ADVANCED_FACE('',(#7866),#8352,.T.);
#8744=ADVANCED_FACE('',(#7867),#8353,.T.);
#8745=ADVANCED_FACE('',(#7868),#8354,.T.);
#8746=ADVANCED_FACE('',(#7869),#8355,.T.);
#8747=ADVANCED_FACE('',(#7870),#8356,.T.);
#8748=ADVANCED_FACE('',(#7871),#8357,.T.);
#8749=ADVANCED_FACE('',(#7872),#8358,.T.);
#8750=ADVANCED_FACE('',(#7873),#8359,.T.);
#8751=ADVANCED_FACE('',(#7874),#8360,.F.);
#8752=ADVANCED_FACE('',(#7875,#7876,#7877,#7878,#7879,#7880,#7881,#7882,
#7883,#7884,#7885,#7886,#7887),#8361,.F.);
#8753=ADVANCED_FACE('',(#7888,#7889,#7890,#7891),#8362,.T.);
#8754=ADVANCED_FACE('',(#7892),#8363,.F.);
#8755=ADVANCED_FACE('',(#7893),#8364,.F.);
#8756=ADVANCED_FACE('',(#7894),#8365,.F.);
#8757=ADVANCED_FACE('',(#7895),#8366,.F.);
#8758=ADVANCED_FACE('',(#7896),#8367,.F.);
#8759=ADVANCED_FACE('',(#7897),#8368,.F.);
#8760=ADVANCED_FACE('',(#7898),#8369,.F.);
#8761=ADVANCED_FACE('',(#7899),#8370,.F.);
#8762=ADVANCED_FACE('',(#7900),#8371,.F.);
#8763=ADVANCED_FACE('',(#7901),#8372,.F.);
#8764=ADVANCED_FACE('',(#7902),#8373,.F.);
#8765=ADVANCED_FACE('',(#7903),#8374,.F.);
#8766=ADVANCED_FACE('',(#7904),#8375,.F.);
#8767=ADVANCED_FACE('',(#7905),#8376,.F.);
#8768=ADVANCED_FACE('',(#7906),#8377,.F.);
#8769=ADVANCED_FACE('',(#7907),#8378,.F.);
#8770=ADVANCED_FACE('',(#7908),#8379,.T.);
#8771=ADVANCED_FACE('',(#7909),#8380,.T.);
#8772=ADVANCED_FACE('',(#7910),#8381,.T.);
#8773=ADVANCED_FACE('',(#7911),#8382,.T.);
#8774=ADVANCED_FACE('',(#7912),#8383,.T.);
#8775=ADVANCED_FACE('',(#7913),#8384,.T.);
#8776=ADVANCED_FACE('',(#7914),#8385,.T.);
#8777=ADVANCED_FACE('',(#7915),#8386,.T.);
#8778=ADVANCED_FACE('',(#7916),#8387,.T.);
#8779=ADVANCED_FACE('',(#7917),#8388,.T.);
#8780=ADVANCED_FACE('',(#7918),#8389,.T.);
#8781=ADVANCED_FACE('',(#7919),#8390,.T.);
#8782=ADVANCED_FACE('',(#7920),#8391,.T.);
#8783=ADVANCED_FACE('',(#7921),#8392,.T.);
#8784=ADVANCED_FACE('',(#7922),#8393,.T.);
#8785=ADVANCED_FACE('',(#7923),#8394,.T.);
#8786=ADVANCED_FACE('',(#7924),#8395,.T.);
#8787=ADVANCED_FACE('',(#7925),#8396,.T.);
#8788=ADVANCED_FACE('',(#7926),#8397,.T.);
#8789=ADVANCED_FACE('',(#7927),#8398,.T.);
#8790=ADVANCED_FACE('',(#7928),#8399,.T.);
#8791=ADVANCED_FACE('',(#7929),#8400,.T.);
#8792=ADVANCED_FACE('',(#7930),#8401,.T.);
#8793=ADVANCED_FACE('',(#7931),#8402,.T.);
#8794=ADVANCED_FACE('',(#7932),#8403,.T.);
#8795=ADVANCED_FACE('',(#7933),#8404,.T.);
#8796=ADVANCED_FACE('',(#7934),#8405,.T.);
#8797=ADVANCED_FACE('',(#7935),#8406,.T.);
#8798=ADVANCED_FACE('',(#7936),#8407,.T.);
#8799=ADVANCED_FACE('',(#7937),#8408,.T.);
#8800=ADVANCED_FACE('',(#7938),#8409,.T.);
#8801=ADVANCED_FACE('',(#7939),#8410,.T.);
#8802=ADVANCED_FACE('',(#7940),#8411,.T.);
#8803=ADVANCED_FACE('',(#7941),#8412,.T.);
#8804=ADVANCED_FACE('',(#7942),#8413,.T.);
#8805=ADVANCED_FACE('',(#7943),#8414,.T.);
#8806=ADVANCED_FACE('',(#7944),#8415,.T.);
#8807=ADVANCED_FACE('',(#7945),#8416,.T.);
#8808=ADVANCED_FACE('',(#7946),#8417,.T.);
#8809=ADVANCED_FACE('',(#7947),#8418,.T.);
#8810=ADVANCED_FACE('',(#7948),#8419,.T.);
#8811=ADVANCED_FACE('',(#7949),#8420,.T.);
#8812=ADVANCED_FACE('',(#7950),#8421,.T.);
#8813=ADVANCED_FACE('',(#7951),#8422,.T.);
#8814=ADVANCED_FACE('',(#7952),#8423,.T.);
#8815=ADVANCED_FACE('',(#7953),#8424,.T.);
#8816=ADVANCED_FACE('',(#7954),#8425,.T.);
#8817=ADVANCED_FACE('',(#7955),#8426,.T.);
#8818=ADVANCED_FACE('',(#7956),#8427,.T.);
#8819=ADVANCED_FACE('',(#7957),#8428,.T.);
#8820=ADVANCED_FACE('',(#7958,#7959),#8429,.T.);
#8821=ADVANCED_FACE('',(#7960,#7961),#8430,.T.);
#8822=ADVANCED_FACE('',(#7962),#8431,.T.);
#8823=ADVANCED_FACE('',(#7963),#8432,.T.);
#8824=ADVANCED_FACE('',(#7964),#8433,.T.);
#8825=ADVANCED_FACE('',(#7965),#8434,.T.);
#8826=ADVANCED_FACE('',(#7966),#8435,.F.);
#8827=ADVANCED_FACE('',(#7967),#8436,.F.);
#8828=ADVANCED_FACE('',(#7968),#8437,.T.);
#8829=ADVANCED_FACE('',(#7969),#8438,.T.);
#8830=ADVANCED_FACE('',(#7970),#8439,.F.);
#8831=ADVANCED_FACE('',(#7971),#8440,.T.);
#8832=ADVANCED_FACE('',(#7972),#8441,.F.);
#8833=ADVANCED_FACE('',(#7973),#8442,.F.);
#8834=ADVANCED_FACE('',(#7974),#8443,.F.);
#8835=ADVANCED_FACE('',(#7975),#8444,.F.);
#8836=ADVANCED_FACE('',(#7976),#8445,.T.);
#8837=ADVANCED_FACE('',(#7977),#8446,.F.);
#8838=ADVANCED_FACE('',(#7978),#8447,.F.);
#8839=ADVANCED_FACE('',(#7979),#8448,.T.);
#8840=ADVANCED_FACE('',(#7980),#8449,.F.);
#8841=ADVANCED_FACE('',(#7981),#8450,.F.);
#8842=ADVANCED_FACE('',(#7982),#8451,.F.);
#8843=ADVANCED_FACE('',(#7983),#8452,.F.);
#8844=ADVANCED_FACE('',(#7984),#8453,.T.);
#8845=ADVANCED_FACE('',(#7985),#8454,.F.);
#8846=ADVANCED_FACE('',(#7986),#8455,.F.);
#8847=ADVANCED_FACE('',(#7987),#8456,.F.);
#8848=ADVANCED_FACE('',(#7988),#8457,.F.);
#8849=ADVANCED_FACE('',(#7989),#8458,.F.);
#8850=ADVANCED_FACE('',(#7990),#8459,.F.);
#8851=ADVANCED_FACE('',(#7991),#8460,.F.);
#8852=ADVANCED_FACE('',(#7992),#8461,.F.);
#8853=ADVANCED_FACE('',(#7993),#8462,.F.);
#8854=ADVANCED_FACE('',(#7994),#8463,.F.);
#8855=ADVANCED_FACE('',(#7995),#8464,.T.);
#8856=ADVANCED_FACE('',(#7996),#8465,.T.);
#8857=ADVANCED_FACE('',(#7997),#8466,.T.);
#8858=ADVANCED_FACE('',(#7998),#8467,.T.);
#8859=ADVANCED_FACE('',(#7999),#8468,.T.);
#8860=ADVANCED_FACE('',(#8000),#8469,.T.);
#8861=ADVANCED_FACE('',(#8001),#8470,.T.);
#8862=ADVANCED_FACE('',(#8002),#8471,.T.);
#8863=ADVANCED_FACE('',(#8003),#8472,.T.);
#8864=ADVANCED_FACE('',(#8004),#8473,.T.);
#8865=ADVANCED_FACE('',(#8005),#8474,.T.);
#8866=ADVANCED_FACE('',(#8006),#8475,.T.);
#8867=ADVANCED_FACE('',(#8007),#8476,.T.);
#8868=ADVANCED_FACE('',(#8008),#8477,.T.);
#8869=ADVANCED_FACE('',(#8009),#8478,.T.);
#8870=ADVANCED_FACE('',(#8010),#8479,.F.);
#8871=ADVANCED_FACE('',(#8011),#8480,.F.);
#8872=ADVANCED_FACE('',(#8012),#8481,.F.);
#8873=ADVANCED_FACE('',(#8013),#8482,.F.);
#8874=ADVANCED_FACE('',(#8014),#8483,.F.);
#8875=ADVANCED_FACE('',(#8015),#8484,.T.);
#8876=ADVANCED_FACE('',(#8016),#8485,.F.);
#8877=ADVANCED_FACE('',(#8017),#8486,.F.);
#8878=ADVANCED_FACE('',(#8018),#8487,.F.);
#8879=ADVANCED_FACE('',(#8019),#8488,.F.);
#8880=ADVANCED_FACE('',(#8020),#8489,.F.);
#8881=ADVANCED_FACE('',(#8021),#8490,.F.);
#8882=ADVANCED_FACE('',(#8022),#8491,.T.);
#8883=ADVANCED_FACE('',(#8023),#8492,.F.);
#8884=ADVANCED_FACE('',(#8024),#8493,.F.);
#8885=ADVANCED_FACE('',(#8025),#8494,.F.);
#8886=ADVANCED_FACE('',(#8026),#8495,.F.);
#8887=ADVANCED_FACE('',(#8027),#8496,.F.);
#8888=ADVANCED_FACE('',(#8028),#8497,.F.);
#8889=ADVANCED_FACE('',(#8029),#8498,.F.);
#8890=ADVANCED_FACE('',(#8030),#8499,.F.);
#8891=ADVANCED_FACE('',(#8031),#8500,.F.);
#8892=ADVANCED_FACE('',(#8032),#8501,.F.);
#8893=ADVANCED_FACE('',(#8033),#8502,.F.);
#8894=ADVANCED_FACE('',(#8034),#8503,.F.);
#8895=ADVANCED_FACE('',(#8035),#8504,.T.);
#8896=ADVANCED_FACE('',(#8036),#8505,.F.);
#8897=ADVANCED_FACE('',(#8037),#8506,.F.);
#8898=ADVANCED_FACE('',(#8038),#8507,.F.);
#8899=ADVANCED_FACE('',(#8039),#8508,.F.);
#8900=ADVANCED_FACE('',(#8040),#8509,.T.);
#8901=ADVANCED_FACE('',(#8041),#8510,.T.);
#8902=ADVANCED_FACE('',(#8042),#8511,.T.);
#8903=ADVANCED_FACE('',(#8043),#8512,.T.);
#8904=ADVANCED_FACE('',(#8044),#8513,.T.);
#8905=ADVANCED_FACE('',(#8045),#8514,.T.);
#8906=ADVANCED_FACE('',(#8046),#8515,.T.);
#8907=ADVANCED_FACE('',(#8047),#8516,.T.);
#8908=ADVANCED_FACE('',(#8048),#8517,.T.);
#8909=ADVANCED_FACE('',(#8049),#8518,.T.);
#8910=ADVANCED_FACE('',(#8050),#8519,.T.);
#8911=ADVANCED_FACE('',(#8051),#8520,.T.);
#8912=ADVANCED_FACE('',(#8052),#8521,.T.);
#8913=ADVANCED_FACE('',(#8053),#8522,.T.);
#8914=ADVANCED_FACE('',(#8054),#8523,.T.);
#8915=ADVANCED_FACE('',(#8055),#8524,.T.);
#8916=ADVANCED_FACE('',(#8056),#8525,.T.);
#8917=ADVANCED_FACE('',(#8057),#8526,.T.);
#8918=ADVANCED_FACE('',(#8058),#8527,.T.);
#8919=ADVANCED_FACE('',(#8059),#8528,.T.);
#8920=ADVANCED_FACE('',(#8060),#8529,.T.);
#8921=ADVANCED_FACE('',(#8061),#8530,.T.);
#8922=ADVANCED_FACE('',(#8062),#8531,.T.);
#8923=ADVANCED_FACE('',(#8063),#8532,.T.);
#8924=ADVANCED_FACE('',(#8064),#8533,.T.);
#8925=ADVANCED_FACE('',(#8065),#8534,.T.);
#8926=ADVANCED_FACE('',(#8066),#8535,.T.);
#8927=ADVANCED_FACE('',(#8067),#8536,.T.);
#8928=ADVANCED_FACE('',(#8068),#8537,.T.);
#8929=ADVANCED_FACE('',(#8069),#8538,.T.);
#8930=ADVANCED_FACE('',(#8070),#8539,.T.);
#8931=ADVANCED_FACE('',(#8071),#8540,.T.);
#8932=ADVANCED_FACE('',(#8072),#8541,.T.);
#8933=ADVANCED_FACE('',(#8073),#8542,.T.);
#8934=ADVANCED_FACE('',(#8074),#8543,.T.);
#8935=ADVANCED_FACE('',(#8075),#8544,.T.);
#8936=ADVANCED_FACE('',(#8076),#8545,.T.);
#8937=ADVANCED_FACE('',(#8077),#8546,.T.);
#8938=ADVANCED_FACE('',(#8078),#8547,.T.);
#8939=ADVANCED_FACE('',(#8079),#8548,.T.);
#8940=ADVANCED_FACE('',(#8080),#8549,.T.);
#8941=ADVANCED_FACE('',(#8081),#8550,.T.);
#8942=ADVANCED_FACE('',(#8082),#8551,.T.);
#8943=ADVANCED_FACE('',(#8083),#8552,.T.);
#8944=ADVANCED_FACE('',(#8084),#8553,.T.);
#8945=ADVANCED_FACE('',(#8085),#8554,.T.);
#8946=ADVANCED_FACE('',(#8086),#8555,.T.);
#8947=ADVANCED_FACE('',(#8087),#8556,.T.);
#8948=ADVANCED_FACE('',(#8088),#8557,.T.);
#8949=ADVANCED_FACE('',(#8089),#8558,.T.);
#8950=ADVANCED_FACE('',(#8090),#8559,.T.);
#8951=ADVANCED_FACE('',(#8091),#8560,.T.);
#8952=ADVANCED_FACE('',(#8092),#8561,.T.);
#8953=ADVANCED_FACE('',(#8093,#8094,#8095,#8096),#8562,.F.);
#8954=ADVANCED_FACE('',(#8097),#8563,.F.);
#8955=ADVANCED_FACE('',(#8098,#8099),#8564,.F.);
#8956=ADVANCED_FACE('',(#8100),#8565,.F.);
#8957=ADVANCED_FACE('',(#8101),#8566,.T.);
#8958=ADVANCED_FACE('',(#8102),#8567,.T.);
#8959=ADVANCED_FACE('',(#8103),#8568,.T.);
#8960=ADVANCED_FACE('',(#8104),#8569,.T.);
#8961=ADVANCED_FACE('',(#8105),#8570,.T.);
#8962=ADVANCED_FACE('',(#8106),#8571,.T.);
#8963=ADVANCED_FACE('',(#8107),#8572,.T.);
#8964=ADVANCED_FACE('',(#8108),#8573,.T.);
#8965=ADVANCED_FACE('',(#8109),#8574,.T.);
#8966=ADVANCED_FACE('',(#8110),#8575,.T.);
#8967=ADVANCED_FACE('',(#8111),#8576,.T.);
#8968=ADVANCED_FACE('',(#8112),#8577,.T.);
#8969=ADVANCED_FACE('',(#8113,#8114),#8578,.F.);
#8970=ADVANCED_FACE('',(#8115,#8116,#8117,#8118,#8119,#8120,#8121,#8122,
#8123,#8124,#8125),#8579,.T.);
#8971=ADVANCED_FACE('',(#8126),#8580,.F.);
#8972=ADVANCED_FACE('',(#8127),#8581,.F.);
#8973=ADVANCED_FACE('',(#8128),#8582,.F.);
#8974=ADVANCED_FACE('',(#8129),#8583,.F.);
#8975=ADVANCED_FACE('',(#8130),#8584,.F.);
#8976=ADVANCED_FACE('',(#8131),#8585,.F.);
#8977=ADVANCED_FACE('',(#8132),#8586,.F.);
#8978=ADVANCED_FACE('',(#8133),#8587,.T.);
#8979=ADVANCED_FACE('',(#8134),#8588,.F.);
#8980=ADVANCED_FACE('',(#8135),#8589,.F.);
#8981=ADVANCED_FACE('',(#8136),#8590,.F.);
#8982=ADVANCED_FACE('',(#8137),#8591,.F.);
#8983=ADVANCED_FACE('',(#8138),#8592,.F.);
#8984=ADVANCED_FACE('',(#8139),#8593,.F.);
#8985=ADVANCED_FACE('',(#8140),#8594,.T.);
#8986=ADVANCED_FACE('',(#8141),#8595,.F.);
#8987=ADVANCED_FACE('',(#8142),#8596,.T.);
#8988=ADVANCED_FACE('',(#8143),#8597,.T.);
#8989=ADVANCED_FACE('',(#8144),#8598,.T.);
#8990=ADVANCED_FACE('',(#8145),#18,.F.);
#8991=ADVANCED_FACE('',(#8146),#19,.F.);
#8992=ADVANCED_FACE('',(#8147),#20,.F.);
#8993=ADVANCED_FACE('',(#8148),#21,.F.);
#8994=ADVANCED_FACE('',(#8149),#22,.F.);
#8995=ADVANCED_FACE('',(#8150),#23,.F.);
#8996=ADVANCED_FACE('',(#8151),#24,.F.);
#8997=ADVANCED_FACE('',(#8152),#25,.F.);
#8998=ADVANCED_FACE('',(#8153),#26,.F.);
#8999=ADVANCED_FACE('',(#8154),#27,.F.);
#9000=ADVANCED_FACE('',(#8155),#28,.F.);
#9001=ADVANCED_FACE('',(#8156),#29,.F.);
#9002=ADVANCED_FACE('',(#8157),#30,.F.);
#9003=ADVANCED_FACE('',(#8158),#31,.F.);
#9004=ADVANCED_FACE('',(#8159),#32,.F.);
#9005=ADVANCED_FACE('',(#8160),#33,.F.);
#9006=ADVANCED_FACE('',(#8161),#8599,.T.);
#9007=ADVANCED_FACE('',(#8162),#34,.F.);
#9008=ADVANCED_FACE('',(#8163),#35,.F.);
#9009=ADVANCED_FACE('',(#8164),#36,.F.);
#9010=ADVANCED_FACE('',(#8165),#37,.F.);
#9011=ADVANCED_FACE('',(#8166),#8600,.F.);
#9012=ADVANCED_FACE('',(#8167,#8168,#8169),#38,.T.);
#9013=ADVANCED_FACE('',(#8170),#8601,.F.);
#9014=ADVANCED_FACE('',(#8171,#8172,#8173),#39,.T.);
#9015=ADVANCED_FACE('',(#8174),#8602,.F.);
#9016=ADVANCED_FACE('',(#8175,#8176,#8177),#40,.T.);
#9017=ADVANCED_FACE('',(#8178),#8603,.F.);
#9018=ADVANCED_FACE('',(#8179,#8180,#8181),#41,.T.);
#9019=ADVANCED_FACE('',(#8182),#8604,.F.);
#9020=ADVANCED_FACE('',(#8183,#8184,#8185),#42,.T.);
#9021=ADVANCED_FACE('',(#8186),#8605,.F.);
#9022=ADVANCED_FACE('',(#8187,#8188,#8189),#43,.T.);
#9023=ADVANCED_FACE('',(#8190),#8606,.F.);
#9024=ADVANCED_FACE('',(#8191,#8192,#8193),#44,.T.);
#9025=ADVANCED_FACE('',(#8194),#8607,.F.);
#9026=ADVANCED_FACE('',(#8195,#8196,#8197),#45,.T.);
#9027=ADVANCED_FACE('',(#8198),#8608,.F.);
#9028=ADVANCED_FACE('',(#8199,#8200,#8201),#46,.T.);
#9029=ADVANCED_FACE('',(#8202),#8609,.F.);
#9030=ADVANCED_FACE('',(#8203,#8204,#8205),#47,.T.);
#9031=ADVANCED_FACE('',(#8206),#8610,.F.);
#9032=ADVANCED_FACE('',(#8207),#48,.T.);
#9033=ADVANCED_FACE('',(#8208),#8611,.F.);
#9034=ADVANCED_FACE('',(#8209),#49,.T.);
#9035=ADVANCED_FACE('',(#8210),#8612,.F.);
#9036=ADVANCED_FACE('',(#8211),#50,.T.);
#9037=ADVANCED_FACE('',(#8212),#8613,.F.);
#9038=ADVANCED_FACE('',(#8213),#51,.T.);
#9039=ADVANCED_FACE('',(#8214),#8614,.F.);
#9040=ADVANCED_FACE('',(#8215),#52,.T.);
#9041=ADVANCED_FACE('',(#8216),#8615,.F.);
#9042=ADVANCED_FACE('',(#8217),#53,.T.);
#9043=ADVANCED_FACE('',(#8218),#8616,.F.);
#9044=ADVANCED_FACE('',(#8219),#54,.T.);
#9045=ADVANCED_FACE('',(#8220),#8617,.F.);
#9046=ADVANCED_FACE('',(#8221),#55,.T.);
#9047=ADVANCED_FACE('',(#8222),#8618,.T.);
#9048=ADVANCED_FACE('',(#8223),#8619,.F.);
#9049=ADVANCED_FACE('',(#8224),#8620,.T.);
#9050=ADVANCED_FACE('',(#8225),#8621,.T.);
#9051=ADVANCED_FACE('',(#8226),#8622,.T.);
#9052=ADVANCED_FACE('',(#8227),#8623,.T.);
#9053=ADVANCED_FACE('',(#8228),#8624,.T.);
#9054=ADVANCED_FACE('',(#8229),#8625,.T.);
#9055=ADVANCED_FACE('',(#8230),#8626,.T.);
#9056=ADVANCED_FACE('',(#8231),#8627,.T.);
#9057=ADVANCED_FACE('',(#8232),#8628,.T.);
#9058=ADVANCED_FACE('',(#8233),#8629,.T.);
#9059=ADVANCED_FACE('',(#8234),#8630,.T.);
#9060=ADVANCED_FACE('',(#8235),#8631,.T.);
#9061=ADVANCED_FACE('',(#8236),#8632,.T.);
#9062=ADVANCED_FACE('',(#8237),#8633,.T.);
#9063=ADVANCED_FACE('',(#8238),#8634,.T.);
#9064=ADVANCED_FACE('',(#8239),#8635,.T.);
#9065=ADVANCED_FACE('',(#8240),#8636,.T.);
#9066=ADVANCED_FACE('',(#8241),#8637,.T.);
#9067=ADVANCED_FACE('',(#8242),#8638,.T.);
#9068=ADVANCED_FACE('',(#8243),#8639,.T.);
#9069=ADVANCED_FACE('',(#8244),#8640,.T.);
#9070=ADVANCED_FACE('',(#8245),#8641,.T.);
#9071=ADVANCED_FACE('',(#8246),#8642,.T.);
#9072=ADVANCED_FACE('',(#8247),#8643,.T.);
#9073=ADVANCED_FACE('',(#8248),#8644,.T.);
#9074=ADVANCED_FACE('',(#8249),#8645,.T.);
#9075=ADVANCED_FACE('',(#8250),#8646,.T.);
#9076=ADVANCED_FACE('',(#8251),#56,.F.);
#9077=ADVANCED_FACE('',(#8252),#8647,.T.);
#9078=ADVANCED_FACE('',(#8253),#8648,.T.);
#9079=ADVANCED_FACE('',(#8254),#8649,.T.);
#9080=ADVANCED_FACE('',(#8255),#8650,.T.);
#9081=ADVANCED_FACE('',(#8256),#8651,.T.);
#9082=ADVANCED_FACE('',(#8257),#8652,.T.);
#9083=ADVANCED_FACE('',(#8258),#8653,.T.);
#9084=ADVANCED_FACE('',(#8259),#8654,.T.);
#9085=ADVANCED_FACE('',(#8260),#8655,.T.);
#9086=ADVANCED_FACE('',(#8261),#8656,.T.);
#9087=ADVANCED_FACE('',(#8262),#8657,.T.);
#9088=ADVANCED_FACE('',(#8263),#8658,.T.);
#9089=ADVANCED_FACE('',(#8264),#8659,.T.);
#9090=ADVANCED_FACE('',(#8265),#57,.F.);
#9091=ADVANCED_FACE('',(#8266),#8660,.T.);
#9092=ADVANCED_FACE('',(#8267),#8661,.T.);
#9093=ADVANCED_FACE('',(#8268),#8662,.T.);
#9094=ADVANCED_FACE('',(#8269),#8663,.T.);
#9095=ADVANCED_FACE('',(#8270),#8664,.T.);
#9096=ADVANCED_FACE('',(#8271),#8665,.T.);
#9097=ADVANCED_FACE('',(#8272),#8666,.T.);
#9098=ADVANCED_FACE('',(#8273),#8667,.T.);
#9099=ADVANCED_FACE('',(#8274),#8668,.T.);
#9100=ADVANCED_FACE('',(#8275),#8669,.T.);
#9101=ADVANCED_FACE('',(#8276),#8670,.T.);
#9102=ADVANCED_FACE('',(#8277),#8671,.T.);
#9103=ADVANCED_FACE('',(#8278),#8672,.T.);
#9104=ADVANCED_FACE('',(#8279),#58,.F.);
#9105=ADVANCED_FACE('',(#8280),#8673,.T.);
#9106=ADVANCED_FACE('',(#8281),#8674,.T.);
#9107=ADVANCED_FACE('',(#8282),#8675,.T.);
#9108=ADVANCED_FACE('',(#8283),#8676,.T.);
#9109=ADVANCED_FACE('',(#8284),#8677,.T.);
#9110=ADVANCED_FACE('',(#8285),#8678,.T.);
#9111=ADVANCED_FACE('',(#8286),#8679,.T.);
#9112=ADVANCED_FACE('',(#8287),#8680,.T.);
#9113=ADVANCED_FACE('',(#8288),#8681,.T.);
#9114=ADVANCED_FACE('',(#8289),#8682,.T.);
#9115=ADVANCED_FACE('',(#8290),#8683,.T.);
#9116=ADVANCED_FACE('',(#8291),#8684,.T.);
#9117=ADVANCED_FACE('',(#8292),#8685,.T.);
#9118=ADVANCED_FACE('',(#8293),#59,.F.);
#9119=ADVANCED_FACE('',(#8294),#8686,.T.);
#9120=ADVANCED_FACE('',(#8295),#8687,.T.);
#9121=ADVANCED_FACE('',(#8296),#8688,.T.);
#9122=ADVANCED_FACE('',(#8297),#8689,.T.);
#9123=ADVANCED_FACE('',(#8298),#8690,.T.);
#9124=ADVANCED_FACE('',(#8299),#8691,.T.);
#9125=ADVANCED_FACE('',(#8300),#8692,.T.);
#9126=ADVANCED_FACE('',(#8301),#8693,.T.);
#9127=ADVANCED_FACE('',(#8302),#8694,.T.);
#9128=ADVANCED_FACE('',(#8303),#8695,.T.);
#9129=ADVANCED_FACE('',(#8304),#8696,.T.);
#9130=ADVANCED_FACE('',(#8305),#8697,.T.);
#9131=ADVANCED_FACE('',(#8306),#8698,.T.);
#9132=ADVANCED_FACE('',(#8307),#60,.F.);
#9133=ADVANCED_FACE('',(#8308),#8699,.T.);
#9134=ADVANCED_FACE('',(#8309),#8700,.T.);
#9135=ADVANCED_FACE('',(#8310),#8701,.F.);
#9136=ADVANCED_FACE('',(#8311),#8702,.T.);
#9137=CLOSED_SHELL('',(#8703,#8704,#8705,#8706,#8707,#8708,#8709,#8710,
#8711,#8712,#8713,#8714,#8715,#8716,#8717,#8718,#8719,#8720,#8721,#8722,
#8723,#8724,#8725,#8726,#8727,#8728,#8729,#8730,#8731,#8732,#8733,#8734,
#8735,#8736,#8737,#8738,#8739,#8740,#8741,#8742,#8743,#8744,#8745,#8746,
#8747,#8748,#8749,#8750,#8751,#8752,#8753,#8754,#8755,#8756,#8757,#8758,
#8759,#8760,#8761,#8762,#8763,#8764,#8765,#8766,#8767,#8768,#8769,#8770,
#8771,#8772,#8773,#8774,#8775,#8776,#8777,#8778,#8779,#8780,#8781,#8782,
#8783,#8784,#8785,#8786,#8787,#8788,#8789,#8790,#8791,#8792,#8793,#8794,
#8795,#8796,#8797,#8798,#8799,#8800,#8801,#8802,#8803,#8804,#8805,#8806,
#8807,#8808,#8809,#8810,#8811,#8812,#8813,#8814,#8815,#8816,#8817,#8818,
#8819,#8820,#8821,#8822,#8823,#8824,#8825,#8826,#8827,#8828,#8829,#8830,
#8831,#8832,#8833,#8834,#8835,#8836,#8837,#8838,#8839,#8840,#8841,#8842,
#8843,#8844,#8845,#8846,#8847,#8848,#8849,#8850,#8851,#8852,#8853,#8854,
#8855,#8856,#8857,#8858,#8859,#8860,#8861,#8862,#8863,#8864,#8865,#8866,
#8867,#8868,#8869,#8870,#8871,#8872,#8873,#8874,#8875,#8876,#8877,#8878,
#8879,#8880,#8881,#8882,#8883,#8884,#8885,#8886,#8887,#8888,#8889,#8890,
#8891,#8892,#8893,#8894,#8895,#8896,#8897,#8898,#8899,#8900));
#9138=CLOSED_SHELL('',(#8901,#8902,#8903,#8904,#8905,#8906,#8907,#8908,
#8909,#8910,#8911,#8912,#8913,#8914,#8915,#8916,#8917,#8918,#8919,#8920,
#8921,#8922,#8923,#8924,#8925,#8926,#8927,#8928,#8929,#8930,#8931,#8932,
#8933,#8934,#8935,#8936,#8937,#8938,#8939,#8940,#8941,#8942,#8943,#8944,
#8945,#8946,#8947,#8948,#8949,#8950,#8951,#8952,#8953,#8954,#8955,#8956,
#8957,#8958,#8959,#8960,#8961,#8962,#8963,#8964,#8965,#8966,#8967,#8968,
#8969,#8970,#8971,#8972,#8973,#8974,#8975,#8976,#8977,#8978,#8979,#8980,
#8981,#8982,#8983,#8984,#8985,#8986,#8987,#8988,#8989,#8990,#8991,#8992,
#8993,#8994,#8995,#8996,#8997,#8998,#8999,#9000,#9001,#9002,#9003,#9004,
#9005,#9006,#9007,#9008,#9009,#9010,#9011,#9012,#9013,#9014,#9015,#9016,
#9017,#9018,#9019,#9020,#9021,#9022,#9023,#9024,#9025,#9026,#9027,#9028,
#9029,#9030,#9031,#9032,#9033,#9034,#9035,#9036,#9037,#9038,#9039,#9040,
#9041,#9042,#9043,#9044,#9045,#9046,#9047,#9048));
#9139=CLOSED_SHELL('',(#9049,#9050,#9051,#9052,#9053,#9054,#9055,#9056,
#9057,#9058,#9059,#9060,#9061,#9062,#9063,#9064,#9065,#9066,#9067,#9068,
#9069,#9070,#9071,#9072,#9073,#9074,#9075,#9076,#9077,#9078,#9079,#9080,
#9081,#9082,#9083,#9084,#9085,#9086,#9087,#9088,#9089,#9090,#9091,#9092,
#9093,#9094,#9095,#9096,#9097,#9098,#9099,#9100,#9101,#9102,#9103,#9104,
#9105,#9106,#9107,#9108,#9109,#9110,#9111,#9112,#9113,#9114,#9115,#9116,
#9117,#9118,#9119,#9120,#9121,#9122,#9123,#9124,#9125,#9126,#9127,#9128,
#9129,#9130,#9131,#9132,#9133,#9134,#9135,#9136));
#9140=MANIFOLD_SOLID_BREP('FFSD-050LB',#9137);
#9141=MANIFOLD_SOLID_BREP('FFSD-05()ub',#9138);
#9142=MANIFOLD_SOLID_BREP('FFSD-05pin',#9139);
#9143=SHAPE_DEFINITION_REPRESENTATION(#14717,#9147);
#9144=SHAPE_DEFINITION_REPRESENTATION(#14718,#9148);
#9145=SHAPE_DEFINITION_REPRESENTATION(#14720,#9149);
#9146=SHAPE_DEFINITION_REPRESENTATION(#14722,#9150);
#9147=SHAPE_REPRESENTATION('FFSD-05-S-01.00-01-N',(#9151,#9350,#9651,#9750,
#9751),#14703);
#9148=SHAPE_REPRESENTATION('FFSD-050LB',(#9151),#14704);
#9149=SHAPE_REPRESENTATION('FFSD-05()ub',(#9151),#14705);
#9150=SHAPE_REPRESENTATION('FFSD-05pin',(#9151),#14706);
#9151=AXIS2_PLACEMENT_3D('',#12099,#9752,#9753);
#9152=AXIS2_PLACEMENT_3D('',#12100,#9754,#9755);
#9153=AXIS2_PLACEMENT_3D('',#12149,#9780,#9781);
#9154=AXIS2_PLACEMENT_3D('',#12164,#9789,#9790);
#9155=AXIS2_PLACEMENT_3D('',#12177,#9797,#9798);
#9156=AXIS2_PLACEMENT_3D('',#12190,#9805,#9806);
#9157=AXIS2_PLACEMENT_3D('',#12203,#9813,#9814);
#9158=AXIS2_PLACEMENT_3D('',#12216,#9821,#9822);
#9159=AXIS2_PLACEMENT_3D('',#12233,#9831,#9832);
#9160=AXIS2_PLACEMENT_3D('',#12250,#9841,#9842);
#9161=AXIS2_PLACEMENT_3D('',#12267,#9851,#9852);
#9162=AXIS2_PLACEMENT_3D('',#12284,#9861,#9862);
#9163=AXIS2_PLACEMENT_3D('',#12301,#9871,#9872);
#9164=AXIS2_PLACEMENT_3D('',#12318,#9881,#9882);
#9165=AXIS2_PLACEMENT_3D('',#12332,#9890,#9891);
#9166=AXIS2_PLACEMENT_3D('',#12346,#9899,#9900);
#9167=AXIS2_PLACEMENT_3D('',#12360,#9908,#9909);
#9168=AXIS2_PLACEMENT_3D('',#12374,#9917,#9918);
#9169=AXIS2_PLACEMENT_3D('',#12382,#9923,#9924);
#9170=AXIS2_PLACEMENT_3D('',#12390,#9929,#9930);
#9171=AXIS2_PLACEMENT_3D('',#12398,#9935,#9936);
#9172=AXIS2_PLACEMENT_3D('',#12406,#9941,#9942);
#9173=AXIS2_PLACEMENT_3D('',#12414,#9947,#9948);
#9174=AXIS2_PLACEMENT_3D('',#12422,#9953,#9954);
#9175=AXIS2_PLACEMENT_3D('',#12430,#9959,#9960);
#9176=AXIS2_PLACEMENT_3D('',#12438,#9965,#9966);
#9177=AXIS2_PLACEMENT_3D('',#12446,#9971,#9972);
#9178=AXIS2_PLACEMENT_3D('',#12454,#9977,#9978);
#9179=AXIS2_PLACEMENT_3D('',#12462,#9983,#9984);
#9180=AXIS2_PLACEMENT_3D('',#12470,#9989,#9990);
#9181=AXIS2_PLACEMENT_3D('',#12478,#9995,#9996);
#9182=AXIS2_PLACEMENT_3D('',#12486,#10001,#10002);
#9183=AXIS2_PLACEMENT_3D('',#12494,#10007,#10008);
#9184=AXIS2_PLACEMENT_3D('',#12502,#10013,#10014);
#9185=AXIS2_PLACEMENT_3D('',#12505,#10017,#10018);
#9186=AXIS2_PLACEMENT_3D('',#12508,#10021,#10022);
#9187=AXIS2_PLACEMENT_3D('',#12511,#10025,#10026);
#9188=AXIS2_PLACEMENT_3D('',#12514,#10029,#10030);
#9189=AXIS2_PLACEMENT_3D('',#12517,#10033,#10034);
#9190=AXIS2_PLACEMENT_3D('',#12520,#10037,#10038);
#9191=AXIS2_PLACEMENT_3D('',#12523,#10041,#10042);
#9192=AXIS2_PLACEMENT_3D('',#12526,#10045,#10046);
#9193=AXIS2_PLACEMENT_3D('',#12532,#10050,#10051);
#9194=AXIS2_PLACEMENT_3D('',#12538,#10055,#10056);
#9195=AXIS2_PLACEMENT_3D('',#12544,#10060,#10061);
#9196=AXIS2_PLACEMENT_3D('',#12550,#10065,#10066);
#9197=AXIS2_PLACEMENT_3D('',#12556,#10070,#10071);
#9198=AXIS2_PLACEMENT_3D('',#12562,#10075,#10076);
#9199=AXIS2_PLACEMENT_3D('',#12568,#10080,#10081);
#9200=AXIS2_PLACEMENT_3D('',#12574,#10085,#10086);
#9201=AXIS2_PLACEMENT_3D('',#12583,#10091,#10092);
#9202=AXIS2_PLACEMENT_3D('',#12692,#10149,#10150);
#9203=AXIS2_PLACEMENT_3D('',#12740,#10180,#10181);
#9204=AXIS2_PLACEMENT_3D('',#12745,#10185,#10186);
#9205=AXIS2_PLACEMENT_3D('',#12750,#10190,#10191);
#9206=AXIS2_PLACEMENT_3D('',#12753,#10194,#10195);
#9207=AXIS2_PLACEMENT_3D('',#12756,#10198,#10199);
#9208=AXIS2_PLACEMENT_3D('',#12761,#10203,#10204);
#9209=AXIS2_PLACEMENT_3D('',#12766,#10208,#10209);
#9210=AXIS2_PLACEMENT_3D('',#12769,#10212,#10213);
#9211=AXIS2_PLACEMENT_3D('',#12772,#10216,#10217);
#9212=AXIS2_PLACEMENT_3D('',#12777,#10221,#10222);
#9213=AXIS2_PLACEMENT_3D('',#12782,#10226,#10227);
#9214=AXIS2_PLACEMENT_3D('',#12785,#10230,#10231);
#9215=AXIS2_PLACEMENT_3D('',#12788,#10234,#10235);
#9216=AXIS2_PLACEMENT_3D('',#12793,#10239,#10240);
#9217=AXIS2_PLACEMENT_3D('',#12798,#10244,#10245);
#9218=AXIS2_PLACEMENT_3D('',#12801,#10248,#10249);
#9219=AXIS2_PLACEMENT_3D('',#12804,#10252,#10253);
#9220=AXIS2_PLACEMENT_3D('',#12805,#10254,#10255);
#9221=AXIS2_PLACEMENT_3D('',#12806,#10256,#10257);
#9222=AXIS2_PLACEMENT_3D('',#12807,#10258,#10259);
#9223=AXIS2_PLACEMENT_3D('',#12808,#10260,#10261);
#9224=AXIS2_PLACEMENT_3D('',#12809,#10262,#10263);
#9225=AXIS2_PLACEMENT_3D('',#12810,#10264,#10265);
#9226=AXIS2_PLACEMENT_3D('',#12811,#10266,#10267);
#9227=AXIS2_PLACEMENT_3D('',#12812,#10268,#10269);
#9228=AXIS2_PLACEMENT_3D('',#12813,#10270,#10271);
#9229=AXIS2_PLACEMENT_3D('',#12814,#10272,#10273);
#9230=AXIS2_PLACEMENT_3D('',#12817,#10276,#10277);
#9231=AXIS2_PLACEMENT_3D('',#12819,#10279,#10280);
#9232=AXIS2_PLACEMENT_3D('',#12822,#10283,#10284);
#9233=AXIS2_PLACEMENT_3D('',#12824,#10286,#10287);
#9234=AXIS2_PLACEMENT_3D('',#12827,#10290,#10291);
#9235=AXIS2_PLACEMENT_3D('',#12829,#10293,#10294);
#9236=AXIS2_PLACEMENT_3D('',#12832,#10297,#10298);
#9237=AXIS2_PLACEMENT_3D('',#12834,#10300,#10301);
#9238=AXIS2_PLACEMENT_3D('',#12837,#10304,#10305);
#9239=AXIS2_PLACEMENT_3D('',#12839,#10307,#10308);
#9240=AXIS2_PLACEMENT_3D('',#12841,#10310,#10311);
#9241=AXIS2_PLACEMENT_3D('',#12843,#10313,#10314);
#9242=AXIS2_PLACEMENT_3D('',#12845,#10316,#10317);
#9243=AXIS2_PLACEMENT_3D('',#12847,#10319,#10320);
#9244=AXIS2_PLACEMENT_3D('',#12849,#10322,#10323);
#9245=AXIS2_PLACEMENT_3D('',#12852,#10326,#10327);
#9246=AXIS2_PLACEMENT_3D('',#12854,#10329,#10330);
#9247=AXIS2_PLACEMENT_3D('',#12857,#10333,#10334);
#9248=AXIS2_PLACEMENT_3D('',#12859,#10336,#10337);
#9249=AXIS2_PLACEMENT_3D('',#12862,#10340,#10341);
#9250=AXIS2_PLACEMENT_3D('',#12864,#10343,#10344);
#9251=AXIS2_PLACEMENT_3D('',#12867,#10347,#10348);
#9252=AXIS2_PLACEMENT_3D('',#12869,#10350,#10351);
#9253=AXIS2_PLACEMENT_3D('',#12872,#10354,#10355);
#9254=AXIS2_PLACEMENT_3D('',#12874,#10357,#10358);
#9255=AXIS2_PLACEMENT_3D('',#12876,#10360,#10361);
#9256=AXIS2_PLACEMENT_3D('',#12878,#10363,#10364);
#9257=AXIS2_PLACEMENT_3D('',#12880,#10366,#10367);
#9258=AXIS2_PLACEMENT_3D('',#12882,#10369,#10370);
#9259=AXIS2_PLACEMENT_3D('',#12884,#10372,#10373);
#9260=AXIS2_PLACEMENT_3D('',#12885,#10374,#10375);
#9261=AXIS2_PLACEMENT_3D('',#12886,#10376,#10377);
#9262=AXIS2_PLACEMENT_3D('',#12887,#10378,#10379);
#9263=AXIS2_PLACEMENT_3D('',#12888,#10380,#10381);
#9264=AXIS2_PLACEMENT_3D('',#12889,#10382,#10383);
#9265=AXIS2_PLACEMENT_3D('',#12890,#10384,#10385);
#9266=AXIS2_PLACEMENT_3D('',#12891,#10386,#10387);
#9267=AXIS2_PLACEMENT_3D('',#12892,#10388,#10389);
#9268=AXIS2_PLACEMENT_3D('',#12893,#10390,#10391);
#9269=AXIS2_PLACEMENT_3D('',#12894,#10392,#10393);
#9270=AXIS2_PLACEMENT_3D('',#12921,#10408,#10409);
#9271=AXIS2_PLACEMENT_3D('',#12948,#10424,#10425);
#9272=AXIS2_PLACEMENT_3D('',#12955,#10430,#10431);
#9273=AXIS2_PLACEMENT_3D('',#12962,#10436,#10437);
#9274=AXIS2_PLACEMENT_3D('',#12969,#10442,#10443);
#9275=AXIS2_PLACEMENT_3D('',#12976,#10448,#10449);
#9276=AXIS2_PLACEMENT_3D('',#12978,#10451,#10452);
#9277=AXIS2_PLACEMENT_3D('',#12980,#10454,#10455);
#9278=AXIS2_PLACEMENT_3D('',#12981,#10456,#10457);
#9279=AXIS2_PLACEMENT_3D('',#12982,#10458,#10459);
#9280=AXIS2_PLACEMENT_3D('',#12983,#10460,#10461);
#9281=AXIS2_PLACEMENT_3D('',#12987,#10464,#10465);
#9282=AXIS2_PLACEMENT_3D('',#12991,#10468,#10469);
#9283=AXIS2_PLACEMENT_3D('',#12993,#10471,#10472);
#9284=AXIS2_PLACEMENT_3D('',#12994,#10473,#10474);
#9285=AXIS2_PLACEMENT_3D('',#13000,#10478,#10479);
#9286=AXIS2_PLACEMENT_3D('',#13002,#10481,#10482);
#9287=AXIS2_PLACEMENT_3D('',#13004,#10484,#10485);
#9288=AXIS2_PLACEMENT_3D('',#13005,#10486,#10487);
#9289=AXIS2_PLACEMENT_3D('',#13011,#10491,#10492);
#9290=AXIS2_PLACEMENT_3D('',#13013,#10494,#10495);
#9291=AXIS2_PLACEMENT_3D('',#13015,#10497,#10498);
#9292=AXIS2_PLACEMENT_3D('',#13016,#10499,#10500);
#9293=AXIS2_PLACEMENT_3D('',#13020,#10503,#10504);
#9294=AXIS2_PLACEMENT_3D('',#13024,#10507,#10508);
#9295=AXIS2_PLACEMENT_3D('',#13026,#10510,#10511);
#9296=AXIS2_PLACEMENT_3D('',#13027,#10512,#10513);
#9297=AXIS2_PLACEMENT_3D('',#13031,#10516,#10517);
#9298=AXIS2_PLACEMENT_3D('',#13035,#10520,#10521);
#9299=AXIS2_PLACEMENT_3D('',#13037,#10523,#10524);
#9300=AXIS2_PLACEMENT_3D('',#13038,#10525,#10526);
#9301=AXIS2_PLACEMENT_3D('',#13042,#10529,#10530);
#9302=AXIS2_PLACEMENT_3D('',#13046,#10533,#10534);
#9303=AXIS2_PLACEMENT_3D('',#13048,#10536,#10537);
#9304=AXIS2_PLACEMENT_3D('',#13049,#10538,#10539);
#9305=AXIS2_PLACEMENT_3D('',#13050,#10540,#10541);
#9306=AXIS2_PLACEMENT_3D('',#13051,#10542,#10543);
#9307=AXIS2_PLACEMENT_3D('',#13052,#10544,#10545);
#9308=AXIS2_PLACEMENT_3D('',#13053,#10546,#10547);
#9309=AXIS2_PLACEMENT_3D('',#13054,#10548,#10549);
#9310=AXIS2_PLACEMENT_3D('',#13055,#10550,#10551);
#9311=AXIS2_PLACEMENT_3D('',#13056,#10552,#10553);
#9312=AXIS2_PLACEMENT_3D('',#13057,#10554,#10555);
#9313=AXIS2_PLACEMENT_3D('',#13058,#10556,#10557);
#9314=AXIS2_PLACEMENT_3D('',#13059,#10558,#10559);
#9315=AXIS2_PLACEMENT_3D('',#13060,#10560,#10561);
#9316=AXIS2_PLACEMENT_3D('',#13061,#10562,#10563);
#9317=AXIS2_PLACEMENT_3D('',#13065,#10566,#10567);
#9318=AXIS2_PLACEMENT_3D('',#13067,#10569,#10570);
#9319=AXIS2_PLACEMENT_3D('',#13068,#10571,#10572);
#9320=AXIS2_PLACEMENT_3D('',#13075,#10577,#10578);
#9321=AXIS2_PLACEMENT_3D('',#13076,#10579,#10580);
#9322=AXIS2_PLACEMENT_3D('',#13078,#10582,#10583);
#9323=AXIS2_PLACEMENT_3D('',#13081,#10586,#10587);
#9324=AXIS2_PLACEMENT_3D('',#13082,#10588,#10589);
#9325=AXIS2_PLACEMENT_3D('',#13083,#10590,#10591);
#9326=AXIS2_PLACEMENT_3D('',#13084,#10592,#10593);
#9327=AXIS2_PLACEMENT_3D('',#13085,#10594,#10595);
#9328=AXIS2_PLACEMENT_3D('',#13091,#10599,#10600);
#9329=AXIS2_PLACEMENT_3D('',#13095,#10603,#10604);
#9330=AXIS2_PLACEMENT_3D('',#13099,#10607,#10608);
#9331=AXIS2_PLACEMENT_3D('',#13101,#10610,#10611);
#9332=AXIS2_PLACEMENT_3D('',#13102,#10612,#10613);
#9333=AXIS2_PLACEMENT_3D('',#13108,#10617,#10618);
#9334=AXIS2_PLACEMENT_3D('',#13112,#10621,#10622);
#9335=AXIS2_PLACEMENT_3D('',#13116,#10625,#10626);
#9336=AXIS2_PLACEMENT_3D('',#13120,#10629,#10630);
#9337=AXIS2_PLACEMENT_3D('',#13124,#10633,#10634);
#9338=AXIS2_PLACEMENT_3D('',#13128,#10637,#10638);
#9339=AXIS2_PLACEMENT_3D('',#13132,#10641,#10642);
#9340=AXIS2_PLACEMENT_3D('',#13136,#10645,#10646);
#9341=AXIS2_PLACEMENT_3D('',#13140,#10649,#10650);
#9342=AXIS2_PLACEMENT_3D('',#13144,#10653,#10654);
#9343=AXIS2_PLACEMENT_3D('',#13148,#10657,#10658);
#9344=AXIS2_PLACEMENT_3D('',#13150,#10660,#10661);
#9345=AXIS2_PLACEMENT_3D('',#13151,#10662,#10663);
#9346=AXIS2_PLACEMENT_3D('',#13157,#10667,#10668);
#9347=AXIS2_PLACEMENT_3D('',#13161,#10671,#10672);
#9348=AXIS2_PLACEMENT_3D('',#13165,#10675,#10676);
#9349=AXIS2_PLACEMENT_3D('',#13167,#10678,#10679);
#9350=AXIS2_PLACEMENT_3D('',#13168,#10680,#10681);
#9351=AXIS2_PLACEMENT_3D('',#13169,#10682,#10683);
#9352=AXIS2_PLACEMENT_3D('',#13178,#10688,#10689);
#9353=AXIS2_PLACEMENT_3D('',#13187,#10694,#10695);
#9354=AXIS2_PLACEMENT_3D('',#13204,#10704,#10705);
#9355=AXIS2_PLACEMENT_3D('',#13213,#10710,#10711);
#9356=AXIS2_PLACEMENT_3D('',#13222,#10716,#10717);
#9357=AXIS2_PLACEMENT_3D('',#13231,#10722,#10723);
#9358=AXIS2_PLACEMENT_3D('',#13240,#10728,#10729);
#9359=AXIS2_PLACEMENT_3D('',#13249,#10734,#10735);
#9360=AXIS2_PLACEMENT_3D('',#13258,#10740,#10741);
#9361=AXIS2_PLACEMENT_3D('',#13267,#10746,#10747);
#9362=AXIS2_PLACEMENT_3D('',#13276,#10752,#10753);
#9363=AXIS2_PLACEMENT_3D('',#13285,#10758,#10759);
#9364=AXIS2_PLACEMENT_3D('',#13294,#10764,#10765);
#9365=AXIS2_PLACEMENT_3D('',#13303,#10770,#10771);
#9366=AXIS2_PLACEMENT_3D('',#13312,#10776,#10777);
#9367=AXIS2_PLACEMENT_3D('',#13321,#10782,#10783);
#9368=AXIS2_PLACEMENT_3D('',#13330,#10788,#10789);
#9369=AXIS2_PLACEMENT_3D('',#13339,#10794,#10795);
#9370=AXIS2_PLACEMENT_3D('',#13348,#10800,#10801);
#9371=AXIS2_PLACEMENT_3D('',#13365,#10810,#10811);
#9372=AXIS2_PLACEMENT_3D('',#13374,#10816,#10817);
#9373=AXIS2_PLACEMENT_3D('',#13383,#10822,#10823);
#9374=AXIS2_PLACEMENT_3D('',#13392,#10828,#10829);
#9375=AXIS2_PLACEMENT_3D('',#13401,#10834,#10835);
#9376=AXIS2_PLACEMENT_3D('',#13410,#10840,#10841);
#9377=AXIS2_PLACEMENT_3D('',#13419,#10846,#10847);
#9378=AXIS2_PLACEMENT_3D('',#13428,#10852,#10853);
#9379=AXIS2_PLACEMENT_3D('',#13437,#10858,#10859);
#9380=AXIS2_PLACEMENT_3D('',#13438,#10860,#10861);
#9381=AXIS2_PLACEMENT_3D('',#13444,#10865,#10866);
#9382=AXIS2_PLACEMENT_3D('',#13445,#10867,#10868);
#9383=AXIS2_PLACEMENT_3D('',#13446,#10869,#10870);
#9384=AXIS2_PLACEMENT_3D('',#13447,#10871,#10872);
#9385=AXIS2_PLACEMENT_3D('',#13448,#10873,#10874);
#9386=AXIS2_PLACEMENT_3D('',#13449,#10875,#10876);
#9387=AXIS2_PLACEMENT_3D('',#13450,#10877,#10878);
#9388=AXIS2_PLACEMENT_3D('',#13451,#10879,#10880);
#9389=AXIS2_PLACEMENT_3D('',#13452,#10881,#10882);
#9390=AXIS2_PLACEMENT_3D('',#13453,#10883,#10884);
#9391=AXIS2_PLACEMENT_3D('',#13454,#10885,#10886);
#9392=AXIS2_PLACEMENT_3D('',#13462,#10890,#10891);
#9393=AXIS2_PLACEMENT_3D('',#13463,#10892,#10893);
#9394=AXIS2_PLACEMENT_3D('',#13464,#10894,#10895);
#9395=AXIS2_PLACEMENT_3D('',#13467,#10896,#10897);
#9396=AXIS2_PLACEMENT_3D('',#13472,#10900,#10901);
#9397=AXIS2_PLACEMENT_3D('',#13473,#10902,#10903);
#9398=AXIS2_PLACEMENT_3D('',#13474,#10904,#10905);
#9399=AXIS2_PLACEMENT_3D('',#13477,#10906,#10907);
#9400=AXIS2_PLACEMENT_3D('',#13482,#10910,#10911);
#9401=AXIS2_PLACEMENT_3D('',#13483,#10912,#10913);
#9402=AXIS2_PLACEMENT_3D('',#13484,#10914,#10915);
#9403=AXIS2_PLACEMENT_3D('',#13487,#10916,#10917);
#9404=AXIS2_PLACEMENT_3D('',#13492,#10920,#10921);
#9405=AXIS2_PLACEMENT_3D('',#13493,#10922,#10923);
#9406=AXIS2_PLACEMENT_3D('',#13502,#10928,#10929);
#9407=AXIS2_PLACEMENT_3D('',#13511,#10934,#10935);
#9408=AXIS2_PLACEMENT_3D('',#13512,#10936,#10937);
#9409=AXIS2_PLACEMENT_3D('',#13513,#10938,#10939);
#9410=AXIS2_PLACEMENT_3D('',#13514,#10940,#10941);
#9411=AXIS2_PLACEMENT_3D('',#13515,#10942,#10943);
#9412=AXIS2_PLACEMENT_3D('',#13516,#10944,#10945);
#9413=AXIS2_PLACEMENT_3D('',#13517,#10946,#10947);
#9414=AXIS2_PLACEMENT_3D('',#13518,#10948,#10949);
#9415=AXIS2_PLACEMENT_3D('',#13519,#10950,#10951);
#9416=AXIS2_PLACEMENT_3D('',#13520,#10952,#10953);
#9417=AXIS2_PLACEMENT_3D('',#13521,#10954,#10955);
#9418=AXIS2_PLACEMENT_3D('',#13527,#10959,#10960);
#9419=AXIS2_PLACEMENT_3D('',#13528,#10961,#10962);
#9420=AXIS2_PLACEMENT_3D('',#13530,#10963,#10964);
#9421=AXIS2_PLACEMENT_3D('',#13532,#10965,#10966);
#9422=AXIS2_PLACEMENT_3D('',#13537,#10969,#10970);
#9423=AXIS2_PLACEMENT_3D('',#13538,#10971,#10972);
#9424=AXIS2_PLACEMENT_3D('',#13540,#10973,#10974);
#9425=AXIS2_PLACEMENT_3D('',#13542,#10975,#10976);
#9426=AXIS2_PLACEMENT_3D('',#13547,#10979,#10980);
#9427=AXIS2_PLACEMENT_3D('',#13548,#10981,#10982);
#9428=AXIS2_PLACEMENT_3D('',#13550,#10983,#10984);
#9429=AXIS2_PLACEMENT_3D('',#13552,#10985,#10986);
#9430=AXIS2_PLACEMENT_3D('',#13557,#10989,#10990);
#9431=AXIS2_PLACEMENT_3D('',#13558,#10991,#10992);
#9432=AXIS2_PLACEMENT_3D('',#13560,#10993,#10994);
#9433=AXIS2_PLACEMENT_3D('',#13562,#10995,#10996);
#9434=AXIS2_PLACEMENT_3D('',#13567,#10999,#11000);
#9435=AXIS2_PLACEMENT_3D('',#13573,#11004,#11005);
#9436=AXIS2_PLACEMENT_3D('',#13579,#11009,#11010);
#9437=AXIS2_PLACEMENT_3D('',#13585,#11014,#11015);
#9438=AXIS2_PLACEMENT_3D('',#13591,#11019,#11020);
#9439=AXIS2_PLACEMENT_3D('',#13597,#11024,#11025);
#9440=AXIS2_PLACEMENT_3D('',#13603,#11029,#11030);
#9441=AXIS2_PLACEMENT_3D('',#13609,#11034,#11035);
#9442=AXIS2_PLACEMENT_3D('',#13615,#11039,#11040);
#9443=AXIS2_PLACEMENT_3D('',#13624,#11045,#11046);
#9444=AXIS2_PLACEMENT_3D('',#13633,#11051,#11052);
#9445=AXIS2_PLACEMENT_3D('',#13635,#11054,#11055);
#9446=AXIS2_PLACEMENT_3D('',#13637,#11057,#11058);
#9447=AXIS2_PLACEMENT_3D('',#13662,#11071,#11072);
#9448=AXIS2_PLACEMENT_3D('',#13668,#11076,#11077);
#9449=AXIS2_PLACEMENT_3D('',#13669,#11078,#11079);
#9450=AXIS2_PLACEMENT_3D('',#13674,#11082,#11083);
#9451=AXIS2_PLACEMENT_3D('',#13676,#11084,#11085);
#9452=AXIS2_PLACEMENT_3D('',#13678,#11086,#11087);
#9453=AXIS2_PLACEMENT_3D('',#13680,#11088,#11089);
#9454=AXIS2_PLACEMENT_3D('',#13682,#11090,#11091);
#9455=AXIS2_PLACEMENT_3D('',#13684,#11092,#11093);
#9456=AXIS2_PLACEMENT_3D('',#13686,#11094,#11095);
#9457=AXIS2_PLACEMENT_3D('',#13688,#11096,#11097);
#9458=AXIS2_PLACEMENT_3D('',#13690,#11098,#11099);
#9459=AXIS2_PLACEMENT_3D('',#13692,#11100,#11101);
#9460=AXIS2_PLACEMENT_3D('',#13697,#11104,#11105);
#9461=AXIS2_PLACEMENT_3D('',#13698,#11106,#11107);
#9462=AXIS2_PLACEMENT_3D('',#13699,#11108,#11109);
#9463=AXIS2_PLACEMENT_3D('',#13700,#11110,#11111);
#9464=AXIS2_PLACEMENT_3D('',#13701,#11112,#11113);
#9465=AXIS2_PLACEMENT_3D('',#13702,#11114,#11115);
#9466=AXIS2_PLACEMENT_3D('',#13703,#11116,#11117);
#9467=AXIS2_PLACEMENT_3D('',#13704,#11118,#11119);
#9468=AXIS2_PLACEMENT_3D('',#13705,#11120,#11121);
#9469=AXIS2_PLACEMENT_3D('',#13709,#11124,#11125);
#9470=AXIS2_PLACEMENT_3D('',#13713,#11128,#11129);
#9471=AXIS2_PLACEMENT_3D('',#13716,#11131,#11132);
#9472=AXIS2_PLACEMENT_3D('',#13718,#11133,#11134);
#9473=AXIS2_PLACEMENT_3D('',#13720,#11136,#11137);
#9474=AXIS2_PLACEMENT_3D('',#13721,#11138,#11139);
#9475=AXIS2_PLACEMENT_3D('',#13724,#11140,#11141);
#9476=AXIS2_PLACEMENT_3D('',#13726,#11143,#11144);
#9477=AXIS2_PLACEMENT_3D('',#13727,#11145,#11146);
#9478=AXIS2_PLACEMENT_3D('',#13728,#11147,#11148);
#9479=AXIS2_PLACEMENT_3D('',#13730,#11149,#11150);
#9480=AXIS2_PLACEMENT_3D('',#13732,#11151,#11152);
#9481=AXIS2_PLACEMENT_3D('',#13734,#11154,#11155);
#9482=AXIS2_PLACEMENT_3D('',#13735,#11156,#11157);
#9483=AXIS2_PLACEMENT_3D('',#13738,#11158,#11159);
#9484=AXIS2_PLACEMENT_3D('',#13740,#11161,#11162);
#9485=AXIS2_PLACEMENT_3D('',#13741,#11163,#11164);
#9486=AXIS2_PLACEMENT_3D('',#13742,#11165,#11166);
#9487=AXIS2_PLACEMENT_3D('',#13744,#11167,#11168);
#9488=AXIS2_PLACEMENT_3D('',#13746,#11169,#11170);
#9489=AXIS2_PLACEMENT_3D('',#13748,#11172,#11173);
#9490=AXIS2_PLACEMENT_3D('',#13749,#11174,#11175);
#9491=AXIS2_PLACEMENT_3D('',#13752,#11176,#11177);
#9492=AXIS2_PLACEMENT_3D('',#13754,#11179,#11180);
#9493=AXIS2_PLACEMENT_3D('',#13755,#11181,#11182);
#9494=AXIS2_PLACEMENT_3D('',#13756,#11183,#11184);
#9495=AXIS2_PLACEMENT_3D('',#13758,#11185,#11186);
#9496=AXIS2_PLACEMENT_3D('',#13760,#11187,#11188);
#9497=AXIS2_PLACEMENT_3D('',#13762,#11190,#11191);
#9498=AXIS2_PLACEMENT_3D('',#13763,#11192,#11193);
#9499=AXIS2_PLACEMENT_3D('',#13766,#11194,#11195);
#9500=AXIS2_PLACEMENT_3D('',#13768,#11197,#11198);
#9501=AXIS2_PLACEMENT_3D('',#13769,#11199,#11200);
#9502=AXIS2_PLACEMENT_3D('',#13770,#11201,#11202);
#9503=AXIS2_PLACEMENT_3D('',#13773,#11203,#11204);
#9504=AXIS2_PLACEMENT_3D('',#13775,#11206,#11207);
#9505=AXIS2_PLACEMENT_3D('',#13776,#11208,#11209);
#9506=AXIS2_PLACEMENT_3D('',#13777,#11210,#11211);
#9507=AXIS2_PLACEMENT_3D('',#13779,#11212,#11213);
#9508=AXIS2_PLACEMENT_3D('',#13781,#11214,#11215);
#9509=AXIS2_PLACEMENT_3D('',#13783,#11217,#11218);
#9510=AXIS2_PLACEMENT_3D('',#13786,#11220,#11221);
#9511=AXIS2_PLACEMENT_3D('',#13788,#11222,#11223);
#9512=AXIS2_PLACEMENT_3D('',#13790,#11225,#11226);
#9513=AXIS2_PLACEMENT_3D('',#13791,#11227,#11228);
#9514=AXIS2_PLACEMENT_3D('',#13796,#11231,#11232);
#9515=AXIS2_PLACEMENT_3D('',#13797,#11233,#11234);
#9516=AXIS2_PLACEMENT_3D('',#13798,#11235,#11236);
#9517=AXIS2_PLACEMENT_3D('',#13799,#11237,#11238);
#9518=AXIS2_PLACEMENT_3D('',#13800,#11239,#11240);
#9519=AXIS2_PLACEMENT_3D('',#13801,#11241,#11242);
#9520=AXIS2_PLACEMENT_3D('',#13802,#11243,#11244);
#9521=AXIS2_PLACEMENT_3D('',#13803,#11245,#11246);
#9522=AXIS2_PLACEMENT_3D('',#13804,#11247,#11248);
#9523=AXIS2_PLACEMENT_3D('',#13805,#11249,#11250);
#9524=AXIS2_PLACEMENT_3D('',#13806,#11251,#11252);
#9525=AXIS2_PLACEMENT_3D('',#13807,#11253,#11254);
#9526=AXIS2_PLACEMENT_3D('',#13812,#11257,#11258);
#9527=AXIS2_PLACEMENT_3D('',#13814,#11259,#11260);
#9528=AXIS2_PLACEMENT_3D('',#13816,#11261,#11262);
#9529=AXIS2_PLACEMENT_3D('',#13818,#11263,#11264);
#9530=AXIS2_PLACEMENT_3D('',#13820,#11265,#11266);
#9531=AXIS2_PLACEMENT_3D('',#13822,#11267,#11268);
#9532=AXIS2_PLACEMENT_3D('',#13824,#11269,#11270);
#9533=AXIS2_PLACEMENT_3D('',#13826,#11271,#11272);
#9534=AXIS2_PLACEMENT_3D('',#13828,#11273,#11274);
#9535=AXIS2_PLACEMENT_3D('',#13830,#11275,#11276);
#9536=AXIS2_PLACEMENT_3D('',#13836,#11280,#11281);
#9537=AXIS2_PLACEMENT_3D('',#13837,#11282,#11283);
#9538=AXIS2_PLACEMENT_3D('',#13843,#11287,#11288);
#9539=AXIS2_PLACEMENT_3D('',#13849,#11292,#11293);
#9540=AXIS2_PLACEMENT_3D('',#13855,#11297,#11298);
#9541=AXIS2_PLACEMENT_3D('',#13861,#11302,#11303);
#9542=AXIS2_PLACEMENT_3D('',#13867,#11307,#11308);
#9543=AXIS2_PLACEMENT_3D('',#13870,#11311,#11312);
#9544=AXIS2_PLACEMENT_3D('',#13871,#11313,#11314);
#9545=AXIS2_PLACEMENT_3D('',#13872,#11315,#11316);
#9546=AXIS2_PLACEMENT_3D('',#13881,#11321,#11322);
#9547=AXIS2_PLACEMENT_3D('',#13887,#11326,#11327);
#9548=AXIS2_PLACEMENT_3D('',#13893,#11331,#11332);
#9549=AXIS2_PLACEMENT_3D('',#13896,#11335,#11336);
#9550=AXIS2_PLACEMENT_3D('',#13902,#11340,#11341);
#9551=AXIS2_PLACEMENT_3D('',#13905,#11344,#11345);
#9552=AXIS2_PLACEMENT_3D('',#13906,#11346,#11347);
#9553=AXIS2_PLACEMENT_3D('',#13907,#11348,#11349);
#9554=AXIS2_PLACEMENT_3D('',#13909,#11351,#11352);
#9555=AXIS2_PLACEMENT_3D('',#13911,#11354,#11355);
#9556=AXIS2_PLACEMENT_3D('',#13914,#11358,#11359);
#9557=AXIS2_PLACEMENT_3D('',#13917,#11362,#11363);
#9558=AXIS2_PLACEMENT_3D('',#13919,#11365,#11366);
#9559=AXIS2_PLACEMENT_3D('',#13922,#11369,#11370);
#9560=AXIS2_PLACEMENT_3D('',#13924,#11372,#11373);
#9561=AXIS2_PLACEMENT_3D('',#13927,#11376,#11377);
#9562=AXIS2_PLACEMENT_3D('',#13929,#11379,#11380);
#9563=AXIS2_PLACEMENT_3D('',#13932,#11383,#11384);
#9564=AXIS2_PLACEMENT_3D('',#13934,#11386,#11387);
#9565=AXIS2_PLACEMENT_3D('',#13937,#11390,#11391);
#9566=AXIS2_PLACEMENT_3D('',#13939,#11393,#11394);
#9567=AXIS2_PLACEMENT_3D('',#13942,#11397,#11398);
#9568=AXIS2_PLACEMENT_3D('',#13944,#11400,#11401);
#9569=AXIS2_PLACEMENT_3D('',#13947,#11404,#11405);
#9570=AXIS2_PLACEMENT_3D('',#13949,#11407,#11408);
#9571=AXIS2_PLACEMENT_3D('',#13952,#11411,#11412);
#9572=AXIS2_PLACEMENT_3D('',#13954,#11414,#11415);
#9573=AXIS2_PLACEMENT_3D('',#13957,#11418,#11419);
#9574=AXIS2_PLACEMENT_3D('',#13959,#11421,#11422);
#9575=AXIS2_PLACEMENT_3D('',#13962,#11425,#11426);
#9576=AXIS2_PLACEMENT_3D('',#13963,#11427,#11428);
#9577=AXIS2_PLACEMENT_3D('',#13964,#11429,#11430);
#9578=AXIS2_PLACEMENT_3D('',#13973,#11435,#11436);
#9579=AXIS2_PLACEMENT_3D('',#13974,#11437,#11438);
#9580=AXIS2_PLACEMENT_3D('',#13978,#11440,#11441);
#9581=AXIS2_PLACEMENT_3D('',#13979,#11442,#11443);
#9582=AXIS2_PLACEMENT_3D('',#13985,#11447,#11448);
#9583=AXIS2_PLACEMENT_3D('',#13986,#11449,#11450);
#9584=AXIS2_PLACEMENT_3D('',#13990,#11452,#11453);
#9585=AXIS2_PLACEMENT_3D('',#13991,#11454,#11455);
#9586=AXIS2_PLACEMENT_3D('',#13997,#11459,#11460);
#9587=AXIS2_PLACEMENT_3D('',#13998,#11461,#11462);
#9588=AXIS2_PLACEMENT_3D('',#14002,#11464,#11465);
#9589=AXIS2_PLACEMENT_3D('',#14003,#11466,#11467);
#9590=AXIS2_PLACEMENT_3D('',#14009,#11471,#11472);
#9591=AXIS2_PLACEMENT_3D('',#14010,#11473,#11474);
#9592=AXIS2_PLACEMENT_3D('',#14014,#11476,#11477);
#9593=AXIS2_PLACEMENT_3D('',#14015,#11478,#11479);
#9594=AXIS2_PLACEMENT_3D('',#14021,#11483,#11484);
#9595=AXIS2_PLACEMENT_3D('',#14022,#11485,#11486);
#9596=AXIS2_PLACEMENT_3D('',#14026,#11488,#11489);
#9597=AXIS2_PLACEMENT_3D('',#14027,#11490,#11491);
#9598=AXIS2_PLACEMENT_3D('',#14033,#11495,#11496);
#9599=AXIS2_PLACEMENT_3D('',#14034,#11497,#11498);
#9600=AXIS2_PLACEMENT_3D('',#14038,#11500,#11501);
#9601=AXIS2_PLACEMENT_3D('',#14039,#11502,#11503);
#9602=AXIS2_PLACEMENT_3D('',#14045,#11507,#11508);
#9603=AXIS2_PLACEMENT_3D('',#14046,#11509,#11510);
#9604=AXIS2_PLACEMENT_3D('',#14050,#11512,#11513);
#9605=AXIS2_PLACEMENT_3D('',#14051,#11514,#11515);
#9606=AXIS2_PLACEMENT_3D('',#14057,#11519,#11520);
#9607=AXIS2_PLACEMENT_3D('',#14058,#11521,#11522);
#9608=AXIS2_PLACEMENT_3D('',#14062,#11524,#11525);
#9609=AXIS2_PLACEMENT_3D('',#14063,#11526,#11527);
#9610=AXIS2_PLACEMENT_3D('',#14069,#11531,#11532);
#9611=AXIS2_PLACEMENT_3D('',#14070,#11533,#11534);
#9612=AXIS2_PLACEMENT_3D('',#14074,#11536,#11537);
#9613=AXIS2_PLACEMENT_3D('',#14075,#11538,#11539);
#9614=AXIS2_PLACEMENT_3D('',#14081,#11543,#11544);
#9615=AXIS2_PLACEMENT_3D('',#14082,#11545,#11546);
#9616=AXIS2_PLACEMENT_3D('',#14086,#11548,#11549);
#9617=AXIS2_PLACEMENT_3D('',#14087,#11550,#11551);
#9618=AXIS2_PLACEMENT_3D('',#14093,#11555,#11556);
#9619=AXIS2_PLACEMENT_3D('',#14094,#11557,#11558);
#9620=AXIS2_PLACEMENT_3D('',#14098,#11560,#11561);
#9621=AXIS2_PLACEMENT_3D('',#14099,#11562,#11563);
#9622=AXIS2_PLACEMENT_3D('',#14105,#11567,#11568);
#9623=AXIS2_PLACEMENT_3D('',#14106,#11569,#11570);
#9624=AXIS2_PLACEMENT_3D('',#14110,#11572,#11573);
#9625=AXIS2_PLACEMENT_3D('',#14111,#11574,#11575);
#9626=AXIS2_PLACEMENT_3D('',#14117,#11579,#11580);
#9627=AXIS2_PLACEMENT_3D('',#14118,#11581,#11582);
#9628=AXIS2_PLACEMENT_3D('',#14122,#11584,#11585);
#9629=AXIS2_PLACEMENT_3D('',#14123,#11586,#11587);
#9630=AXIS2_PLACEMENT_3D('',#14129,#11591,#11592);
#9631=AXIS2_PLACEMENT_3D('',#14130,#11593,#11594);
#9632=AXIS2_PLACEMENT_3D('',#14134,#11596,#11597);
#9633=AXIS2_PLACEMENT_3D('',#14135,#11598,#11599);
#9634=AXIS2_PLACEMENT_3D('',#14141,#11603,#11604);
#9635=AXIS2_PLACEMENT_3D('',#14142,#11605,#11606);
#9636=AXIS2_PLACEMENT_3D('',#14146,#11608,#11609);
#9637=AXIS2_PLACEMENT_3D('',#14147,#11610,#11611);
#9638=AXIS2_PLACEMENT_3D('',#14153,#11615,#11616);
#9639=AXIS2_PLACEMENT_3D('',#14154,#11617,#11618);
#9640=AXIS2_PLACEMENT_3D('',#14158,#11620,#11621);
#9641=AXIS2_PLACEMENT_3D('',#14159,#11622,#11623);
#9642=AXIS2_PLACEMENT_3D('',#14165,#11627,#11628);
#9643=AXIS2_PLACEMENT_3D('',#14166,#11629,#11630);
#9644=AXIS2_PLACEMENT_3D('',#14170,#11632,#11633);
#9645=AXIS2_PLACEMENT_3D('',#14171,#11634,#11635);
#9646=AXIS2_PLACEMENT_3D('',#14177,#11639,#11640);
#9647=AXIS2_PLACEMENT_3D('',#14178,#11641,#11642);
#9648=AXIS2_PLACEMENT_3D('',#14179,#11643,#11644);
#9649=AXIS2_PLACEMENT_3D('',#14180,#11645,#11646);
#9650=AXIS2_PLACEMENT_3D('',#14181,#11647,#11648);
#9651=AXIS2_PLACEMENT_3D('',#14182,#11649,#11650);
#9652=AXIS2_PLACEMENT_3D('',#14183,#11651,#11652);
#9653=AXIS2_PLACEMENT_3D('',#14192,#11657,#11658);
#9654=AXIS2_PLACEMENT_3D('',#14198,#11662,#11663);
#9655=AXIS2_PLACEMENT_3D('',#14204,#11667,#11668);
#9656=AXIS2_PLACEMENT_3D('',#14210,#11672,#11673);
#9657=AXIS2_PLACEMENT_3D('',#14216,#11677,#11678);
#9658=AXIS2_PLACEMENT_3D('',#14222,#11682,#11683);
#9659=AXIS2_PLACEMENT_3D('',#14228,#11687,#11688);
#9660=AXIS2_PLACEMENT_3D('',#14234,#11692,#11693);
#9661=AXIS2_PLACEMENT_3D('',#14240,#11697,#11698);
#9662=AXIS2_PLACEMENT_3D('',#14246,#11702,#11703);
#9663=AXIS2_PLACEMENT_3D('',#14252,#11707,#11708);
#9664=AXIS2_PLACEMENT_3D('',#14258,#11712,#11713);
#9665=AXIS2_PLACEMENT_3D('',#14264,#11717,#11718);
#9666=AXIS2_PLACEMENT_3D('',#14270,#11722,#11723);
#9667=AXIS2_PLACEMENT_3D('',#14276,#11727,#11728);
#9668=AXIS2_PLACEMENT_3D('',#14282,#11732,#11733);
#9669=AXIS2_PLACEMENT_3D('',#14288,#11737,#11738);
#9670=AXIS2_PLACEMENT_3D('',#14294,#11742,#11743);
#9671=AXIS2_PLACEMENT_3D('',#14300,#11747,#11748);
#9672=AXIS2_PLACEMENT_3D('',#14306,#11752,#11753);
#9673=AXIS2_PLACEMENT_3D('',#14312,#11757,#11758);
#9674=AXIS2_PLACEMENT_3D('',#14318,#11762,#11763);
#9675=AXIS2_PLACEMENT_3D('',#14324,#11767,#11768);
#9676=AXIS2_PLACEMENT_3D('',#14330,#11772,#11773);
#9677=AXIS2_PLACEMENT_3D('',#14336,#11777,#11778);
#9678=AXIS2_PLACEMENT_3D('',#14342,#11782,#11783);
#9679=AXIS2_PLACEMENT_3D('',#14348,#11787,#11788);
#9680=AXIS2_PLACEMENT_3D('',#14349,#11789,#11790);
#9681=AXIS2_PLACEMENT_3D('',#14351,#11791,#11792);
#9682=AXIS2_PLACEMENT_3D('',#14354,#11794,#11795);
#9683=AXIS2_PLACEMENT_3D('',#14360,#11799,#11800);
#9684=AXIS2_PLACEMENT_3D('',#14366,#11804,#11805);
#9685=AXIS2_PLACEMENT_3D('',#14372,#11809,#11810);
#9686=AXIS2_PLACEMENT_3D('',#14378,#11814,#11815);
#9687=AXIS2_PLACEMENT_3D('',#14384,#11819,#11820);
#9688=AXIS2_PLACEMENT_3D('',#14390,#11824,#11825);
#9689=AXIS2_PLACEMENT_3D('',#14396,#11829,#11830);
#9690=AXIS2_PLACEMENT_3D('',#14402,#11834,#11835);
#9691=AXIS2_PLACEMENT_3D('',#14408,#11839,#11840);
#9692=AXIS2_PLACEMENT_3D('',#14414,#11844,#11845);
#9693=AXIS2_PLACEMENT_3D('',#14420,#11849,#11850);
#9694=AXIS2_PLACEMENT_3D('',#14426,#11854,#11855);
#9695=AXIS2_PLACEMENT_3D('',#14432,#11859,#11860);
#9696=AXIS2_PLACEMENT_3D('',#14433,#11861,#11862);
#9697=AXIS2_PLACEMENT_3D('',#14435,#11863,#11864);
#9698=AXIS2_PLACEMENT_3D('',#14438,#11866,#11867);
#9699=AXIS2_PLACEMENT_3D('',#14444,#11871,#11872);
#9700=AXIS2_PLACEMENT_3D('',#14450,#11876,#11877);
#9701=AXIS2_PLACEMENT_3D('',#14456,#11881,#11882);
#9702=AXIS2_PLACEMENT_3D('',#14462,#11886,#11887);
#9703=AXIS2_PLACEMENT_3D('',#14468,#11891,#11892);
#9704=AXIS2_PLACEMENT_3D('',#14474,#11896,#11897);
#9705=AXIS2_PLACEMENT_3D('',#14480,#11901,#11902);
#9706=AXIS2_PLACEMENT_3D('',#14486,#11906,#11907);
#9707=AXIS2_PLACEMENT_3D('',#14492,#11911,#11912);
#9708=AXIS2_PLACEMENT_3D('',#14498,#11916,#11917);
#9709=AXIS2_PLACEMENT_3D('',#14504,#11921,#11922);
#9710=AXIS2_PLACEMENT_3D('',#14510,#11926,#11927);
#9711=AXIS2_PLACEMENT_3D('',#14516,#11931,#11932);
#9712=AXIS2_PLACEMENT_3D('',#14517,#11933,#11934);
#9713=AXIS2_PLACEMENT_3D('',#14519,#11935,#11936);
#9714=AXIS2_PLACEMENT_3D('',#14522,#11938,#11939);
#9715=AXIS2_PLACEMENT_3D('',#14528,#11943,#11944);
#9716=AXIS2_PLACEMENT_3D('',#14534,#11948,#11949);
#9717=AXIS2_PLACEMENT_3D('',#14540,#11953,#11954);
#9718=AXIS2_PLACEMENT_3D('',#14546,#11958,#11959);
#9719=AXIS2_PLACEMENT_3D('',#14552,#11963,#11964);
#9720=AXIS2_PLACEMENT_3D('',#14558,#11968,#11969);
#9721=AXIS2_PLACEMENT_3D('',#14564,#11973,#11974);
#9722=AXIS2_PLACEMENT_3D('',#14570,#11978,#11979);
#9723=AXIS2_PLACEMENT_3D('',#14576,#11983,#11984);
#9724=AXIS2_PLACEMENT_3D('',#14582,#11988,#11989);
#9725=AXIS2_PLACEMENT_3D('',#14588,#11993,#11994);
#9726=AXIS2_PLACEMENT_3D('',#14594,#11998,#11999);
#9727=AXIS2_PLACEMENT_3D('',#14600,#12003,#12004);
#9728=AXIS2_PLACEMENT_3D('',#14601,#12005,#12006);
#9729=AXIS2_PLACEMENT_3D('',#14603,#12007,#12008);
#9730=AXIS2_PLACEMENT_3D('',#14606,#12010,#12011);
#9731=AXIS2_PLACEMENT_3D('',#14612,#12015,#12016);
#9732=AXIS2_PLACEMENT_3D('',#14618,#12020,#12021);
#9733=AXIS2_PLACEMENT_3D('',#14624,#12025,#12026);
#9734=AXIS2_PLACEMENT_3D('',#14630,#12030,#12031);
#9735=AXIS2_PLACEMENT_3D('',#14636,#12035,#12036);
#9736=AXIS2_PLACEMENT_3D('',#14642,#12040,#12041);
#9737=AXIS2_PLACEMENT_3D('',#14648,#12045,#12046);
#9738=AXIS2_PLACEMENT_3D('',#14654,#12050,#12051);
#9739=AXIS2_PLACEMENT_3D('',#14660,#12055,#12056);
#9740=AXIS2_PLACEMENT_3D('',#14666,#12060,#12061);
#9741=AXIS2_PLACEMENT_3D('',#14672,#12065,#12066);
#9742=AXIS2_PLACEMENT_3D('',#14678,#12070,#12071);
#9743=AXIS2_PLACEMENT_3D('',#14684,#12075,#12076);
#9744=AXIS2_PLACEMENT_3D('',#14685,#12077,#12078);
#9745=AXIS2_PLACEMENT_3D('',#14687,#12079,#12080);
#9746=AXIS2_PLACEMENT_3D('',#14690,#12082,#12083);
#9747=AXIS2_PLACEMENT_3D('',#14696,#12087,#12088);
#9748=AXIS2_PLACEMENT_3D('',#14699,#12091,#12092);
#9749=AXIS2_PLACEMENT_3D('',#14700,#12093,#12094);
#9750=AXIS2_PLACEMENT_3D('',#14701,#12095,#12096);
#9751=AXIS2_PLACEMENT_3D('',#14702,#12097,#12098);
#9752=DIRECTION('',(0.,0.,1.));
#9753=DIRECTION('',(1.,0.,0.));
#9754=DIRECTION('',(0.,0.,-1.));
#9755=DIRECTION('',(-1.,0.,0.));
#9756=DIRECTION('',(-1.,0.,0.));
#9757=DIRECTION('',(0.,-1.,0.));
#9758=DIRECTION('',(1.,0.,0.));
#9759=DIRECTION('',(0.,-1.,0.));
#9760=DIRECTION('',(-1.,0.,0.));
#9761=DIRECTION('',(0.,1.,0.));
#9762=DIRECTION('',(1.,0.,0.));
#9763=DIRECTION('',(0.,1.,0.));
#9764=DIRECTION('',(-1.,0.,0.));
#9765=DIRECTION('',(0.,1.,0.));
#9766=DIRECTION('',(1.,0.,0.));
#9767=DIRECTION('',(0.,-1.,0.));
#9768=DIRECTION('',(1.,0.,0.));
#9769=DIRECTION('',(0.,-1.,0.));
#9770=DIRECTION('',(1.,0.,0.));
#9771=DIRECTION('',(0.,-1.,0.));
#9772=DIRECTION('',(-1.,0.,0.));
#9773=DIRECTION('',(0.,1.,0.));
#9774=DIRECTION('',(1.,0.,0.));
#9775=DIRECTION('',(0.,-1.,0.));
#9776=DIRECTION('',(-1.,0.,0.));
#9777=DIRECTION('',(0.,1.,0.));
#9778=DIRECTION('',(1.,0.,0.));
#9779=DIRECTION('',(0.,-1.,0.));
#9780=DIRECTION('',(0.,0.,-1.));
#9781=DIRECTION('',(-1.,0.,0.));
#9782=DIRECTION('',(0.,-1.,0.));
#9783=DIRECTION('',(1.,0.,0.));
#9784=DIRECTION('',(0.,-1.,0.));
#9785=DIRECTION('',(1.,0.,0.));
#9786=DIRECTION('',(-0.5,-0.866025403784439,0.));
#9787=DIRECTION('',(-0.5,0.866025403784439,0.));
#9788=DIRECTION('',(1.,0.,0.));
#9789=DIRECTION('',(1.,0.,0.));
#9790=DIRECTION('',(0.,0.,-1.));
#9791=DIRECTION('',(0.,0.,1.));
#9792=DIRECTION('',(0.,1.,0.));
#9793=DIRECTION('',(0.,0.,1.));
#9794=DIRECTION('',(0.,1.,0.));
#9795=DIRECTION('',(0.,0.,-1.));
#9796=DIRECTION('',(0.,-1.,0.));
#9797=DIRECTION('',(1.,0.,0.));
#9798=DIRECTION('',(0.,0.,-1.));
#9799=DIRECTION('',(0.,0.,1.));
#9800=DIRECTION('',(0.,-1.,0.));
#9801=DIRECTION('',(0.,0.,1.));
#9802=DIRECTION('',(0.,-1.,0.));
#9803=DIRECTION('',(0.,0.,-1.));
#9804=DIRECTION('',(0.,-1.,0.));
#9805=DIRECTION('',(-1.,0.,0.));
#9806=DIRECTION('',(0.,0.,1.));
#9807=DIRECTION('',(0.,0.,-1.));
#9808=DIRECTION('',(0.,-1.,0.));
#9809=DIRECTION('',(0.,0.,-1.));
#9810=DIRECTION('',(0.,-1.,0.));
#9811=DIRECTION('',(0.,0.,1.));
#9812=DIRECTION('',(0.,-1.,0.));
#9813=DIRECTION('',(-1.,0.,0.));
#9814=DIRECTION('',(0.,0.,1.));
#9815=DIRECTION('',(0.,0.,-1.));
#9816=DIRECTION('',(0.,1.,0.));
#9817=DIRECTION('',(0.,0.,-1.));
#9818=DIRECTION('',(0.,1.,0.));
#9819=DIRECTION('',(0.,0.,1.));
#9820=DIRECTION('',(0.,-1.,0.));
#9821=DIRECTION('',(0.,1.,0.));
#9822=DIRECTION('',(0.,0.,1.));
#9823=DIRECTION('',(1.,0.,0.));
#9824=DIRECTION('',(0.,0.,1.));
#9825=DIRECTION('',(-1.,0.,0.));
#9826=DIRECTION('',(0.,0.,-1.));
#9827=DIRECTION('',(0.,0.,-1.));
#9828=DIRECTION('',(-1.,0.,0.));
#9829=DIRECTION('',(0.,0.,1.));
#9830=DIRECTION('',(1.,0.,0.));
#9831=DIRECTION('',(0.,1.,0.));
#9832=DIRECTION('',(0.,0.,1.));
#9833=DIRECTION('',(0.,0.,-1.));
#9834=DIRECTION('',(1.,0.,0.));
#9835=DIRECTION('',(0.,0.,1.));
#9836=DIRECTION('',(-1.,0.,0.));
#9837=DIRECTION('',(0.,0.,1.));
#9838=DIRECTION('',(1.,0.,0.));
#9839=DIRECTION('',(0.,0.,-1.));
#9840=DIRECTION('',(-1.,0.,0.));
#9841=DIRECTION('',(0.,1.,0.));
#9842=DIRECTION('',(0.,0.,1.));
#9843=DIRECTION('',(1.,0.,0.));
#9844=DIRECTION('',(0.,0.,1.));
#9845=DIRECTION('',(-1.,0.,0.));
#9846=DIRECTION('',(0.,0.,-1.));
#9847=DIRECTION('',(0.,0.,-1.));
#9848=DIRECTION('',(-1.,0.,0.));
#9849=DIRECTION('',(0.,0.,1.));
#9850=DIRECTION('',(1.,0.,0.));
#9851=DIRECTION('',(0.,1.,0.));
#9852=DIRECTION('',(0.,0.,1.));
#9853=DIRECTION('',(0.,0.,-1.));
#9854=DIRECTION('',(1.,0.,0.));
#9855=DIRECTION('',(0.,0.,1.));
#9856=DIRECTION('',(-1.,0.,0.));
#9857=DIRECTION('',(0.,0.,1.));
#9858=DIRECTION('',(1.,0.,0.));
#9859=DIRECTION('',(0.,0.,-1.));
#9860=DIRECTION('',(-1.,0.,0.));
#9861=DIRECTION('',(0.,1.,0.));
#9862=DIRECTION('',(0.,0.,1.));
#9863=DIRECTION('',(1.,0.,0.));
#9864=DIRECTION('',(0.,0.,1.));
#9865=DIRECTION('',(-1.,0.,0.));
#9866=DIRECTION('',(0.,0.,-1.));
#9867=DIRECTION('',(0.,0.,-1.));
#9868=DIRECTION('',(-1.,0.,0.));
#9869=DIRECTION('',(0.,0.,1.));
#9870=DIRECTION('',(1.,0.,0.));
#9871=DIRECTION('',(0.,1.,0.));
#9872=DIRECTION('',(0.,0.,1.));
#9873=DIRECTION('',(0.,0.,-1.));
#9874=DIRECTION('',(1.,0.,0.));
#9875=DIRECTION('',(0.,0.,1.));
#9876=DIRECTION('',(-1.,0.,0.));
#9877=DIRECTION('',(0.,0.,1.));
#9878=DIRECTION('',(1.,0.,0.));
#9879=DIRECTION('',(0.,0.,-1.));
#9880=DIRECTION('',(-1.,0.,0.));
#9881=DIRECTION('',(0.,1.,0.));
#9882=DIRECTION('',(0.,0.,1.));
#9883=DIRECTION('',(1.,0.,0.));
#9884=DIRECTION('',(0.,0.,1.));
#9885=DIRECTION('',(-1.,0.,0.));
#9886=DIRECTION('',(0.,0.,-1.));
#9887=DIRECTION('',(-1.,0.,0.));
#9888=DIRECTION('',(0.,0.,1.));
#9889=DIRECTION('',(1.,0.,0.));
#9890=DIRECTION('',(0.,1.,0.));
#9891=DIRECTION('',(0.,0.,1.));
#9892=DIRECTION('',(0.,0.,-1.));
#9893=DIRECTION('',(1.,0.,0.));
#9894=DIRECTION('',(0.,0.,1.));
#9895=DIRECTION('',(-1.,0.,0.));
#9896=DIRECTION('',(0.,0.,1.));
#9897=DIRECTION('',(1.,0.,0.));
#9898=DIRECTION('',(-1.,0.,0.));
#9899=DIRECTION('',(0.,1.,0.));
#9900=DIRECTION('',(0.,0.,1.));
#9901=DIRECTION('',(1.,0.,0.));
#9902=DIRECTION('',(0.,0.,1.));
#9903=DIRECTION('',(-1.,0.,0.));
#9904=DIRECTION('',(0.,0.,-1.));
#9905=DIRECTION('',(0.,0.,-1.));
#9906=DIRECTION('',(-1.,0.,0.));
#9907=DIRECTION('',(1.,0.,0.));
#9908=DIRECTION('',(0.,1.,0.));
#9909=DIRECTION('',(0.,0.,1.));
#9910=DIRECTION('',(0.,0.,-1.));
#9911=DIRECTION('',(1.,0.,0.));
#9912=DIRECTION('',(0.,0.,1.));
#9913=DIRECTION('',(-1.,0.,0.));
#9914=DIRECTION('',(1.,0.,0.));
#9915=DIRECTION('',(0.,0.,-1.));
#9916=DIRECTION('',(-1.,0.,0.));
#9917=DIRECTION('',(1.,0.,0.));
#9918=DIRECTION('',(0.,0.,-1.));
#9919=DIRECTION('',(0.,1.,0.));
#9920=DIRECTION('',(0.,-1.,0.));
#9921=DIRECTION('',(0.,0.,-1.));
#9922=DIRECTION('',(0.,0.,1.));
#9923=DIRECTION('',(1.,0.,0.));
#9924=DIRECTION('',(0.,0.,-1.));
#9925=DIRECTION('',(0.,-1.,0.));
#9926=DIRECTION('',(0.,0.,1.));
#9927=DIRECTION('',(0.,0.,-1.));
#9928=DIRECTION('',(0.,1.,0.));
#9929=DIRECTION('',(-1.,0.,0.));
#9930=DIRECTION('',(0.,0.,1.));
#9931=DIRECTION('',(0.,-1.,0.));
#9932=DIRECTION('',(0.,0.,-1.));
#9933=DIRECTION('',(0.,0.,-1.));
#9934=DIRECTION('',(0.,1.,0.));
#9935=DIRECTION('',(-1.,0.,0.));
#9936=DIRECTION('',(0.,0.,1.));
#9937=DIRECTION('',(0.,1.,0.));
#9938=DIRECTION('',(0.,-1.,0.));
#9939=DIRECTION('',(0.,0.,-1.));
#9940=DIRECTION('',(0.,0.,-1.));
#9941=DIRECTION('',(1.,0.,0.));
#9942=DIRECTION('',(0.,0.,-1.));
#9943=DIRECTION('',(0.,1.,0.));
#9944=DIRECTION('',(0.,-1.,0.));
#9945=DIRECTION('',(0.,0.,-1.));
#9946=DIRECTION('',(0.,0.,1.));
#9947=DIRECTION('',(1.,0.,0.));
#9948=DIRECTION('',(0.,0.,-1.));
#9949=DIRECTION('',(0.,-1.,0.));
#9950=DIRECTION('',(0.,0.,1.));
#9951=DIRECTION('',(0.,0.,-1.));
#9952=DIRECTION('',(0.,1.,0.));
#9953=DIRECTION('',(-1.,0.,0.));
#9954=DIRECTION('',(0.,0.,1.));
#9955=DIRECTION('',(0.,-1.,0.));
#9956=DIRECTION('',(0.,0.,-1.));
#9957=DIRECTION('',(0.,0.,-1.));
#9958=DIRECTION('',(0.,1.,0.));
#9959=DIRECTION('',(-1.,0.,0.));
#9960=DIRECTION('',(0.,0.,1.));
#9961=DIRECTION('',(0.,1.,0.));
#9962=DIRECTION('',(0.,-1.,0.));
#9963=DIRECTION('',(0.,0.,-1.));
#9964=DIRECTION('',(0.,0.,-1.));
#9965=DIRECTION('',(1.,0.,0.));
#9966=DIRECTION('',(0.,0.,-1.));
#9967=DIRECTION('',(0.,1.,0.));
#9968=DIRECTION('',(0.,-1.,0.));
#9969=DIRECTION('',(0.,0.,-1.));
#9970=DIRECTION('',(0.,0.,1.));
#9971=DIRECTION('',(1.,0.,0.));
#9972=DIRECTION('',(0.,0.,-1.));
#9973=DIRECTION('',(0.,-1.,0.));
#9974=DIRECTION('',(0.,0.,1.));
#9975=DIRECTION('',(0.,0.,-1.));
#9976=DIRECTION('',(0.,1.,0.));
#9977=DIRECTION('',(-1.,0.,0.));
#9978=DIRECTION('',(0.,0.,1.));
#9979=DIRECTION('',(0.,-1.,0.));
#9980=DIRECTION('',(0.,0.,-1.));
#9981=DIRECTION('',(0.,0.,-1.));
#9982=DIRECTION('',(0.,1.,0.));
#9983=DIRECTION('',(-1.,0.,0.));
#9984=DIRECTION('',(0.,0.,1.));
#9985=DIRECTION('',(0.,1.,0.));
#9986=DIRECTION('',(0.,-1.,0.));
#9987=DIRECTION('',(0.,0.,-1.));
#9988=DIRECTION('',(0.,0.,-1.));
#9989=DIRECTION('',(1.,0.,0.));
#9990=DIRECTION('',(0.,0.,-1.));
#9991=DIRECTION('',(0.,1.,0.));
#9992=DIRECTION('',(0.,-1.,0.));
#9993=DIRECTION('',(0.,0.,-1.));
#9994=DIRECTION('',(0.,0.,1.));
#9995=DIRECTION('',(1.,0.,0.));
#9996=DIRECTION('',(0.,0.,-1.));
#9997=DIRECTION('',(0.,-1.,0.));
#9998=DIRECTION('',(0.,0.,1.));
#9999=DIRECTION('',(0.,0.,-1.));
#10000=DIRECTION('',(0.,1.,0.));
#10001=DIRECTION('',(-1.,0.,0.));
#10002=DIRECTION('',(0.,0.,1.));
#10003=DIRECTION('',(0.,-1.,0.));
#10004=DIRECTION('',(0.,0.,-1.));
#10005=DIRECTION('',(0.,0.,-1.));
#10006=DIRECTION('',(0.,1.,0.));
#10007=DIRECTION('',(-1.,0.,0.));
#10008=DIRECTION('',(0.,0.,1.));
#10009=DIRECTION('',(0.,1.,0.));
#10010=DIRECTION('',(0.,-1.,0.));
#10011=DIRECTION('',(0.,0.,-1.));
#10012=DIRECTION('',(0.,0.,-1.));
#10013=DIRECTION('',(0.,1.,0.));
#10014=DIRECTION('',(0.,0.,1.));
#10015=DIRECTION('',(-1.,0.,0.));
#10016=DIRECTION('',(1.,0.,0.));
#10017=DIRECTION('',(0.,1.,0.));
#10018=DIRECTION('',(0.,0.,1.));
#10019=DIRECTION('',(1.,0.,0.));
#10020=DIRECTION('',(-1.,0.,0.));
#10021=DIRECTION('',(0.,1.,0.));
#10022=DIRECTION('',(0.,0.,1.));
#10023=DIRECTION('',(-1.,0.,0.));
#10024=DIRECTION('',(1.,0.,0.));
#10025=DIRECTION('',(0.,1.,0.));
#10026=DIRECTION('',(0.,0.,1.));
#10027=DIRECTION('',(1.,0.,0.));
#10028=DIRECTION('',(-1.,0.,0.));
#10029=DIRECTION('',(0.,1.,0.));
#10030=DIRECTION('',(0.,0.,1.));
#10031=DIRECTION('',(-1.,0.,0.));
#10032=DIRECTION('',(1.,0.,0.));
#10033=DIRECTION('',(0.,1.,0.));
#10034=DIRECTION('',(0.,0.,1.));
#10035=DIRECTION('',(1.,0.,0.));
#10036=DIRECTION('',(-1.,0.,0.));
#10037=DIRECTION('',(0.,1.,0.));
#10038=DIRECTION('',(0.,0.,1.));
#10039=DIRECTION('',(-1.,0.,0.));
#10040=DIRECTION('',(1.,0.,0.));
#10041=DIRECTION('',(0.,1.,0.));
#10042=DIRECTION('',(0.,0.,1.));
#10043=DIRECTION('',(1.,0.,0.));
#10044=DIRECTION('',(-1.,0.,0.));
#10045=DIRECTION('',(0.,1.,0.));
#10046=DIRECTION('',(0.,0.,1.));
#10047=DIRECTION('',(0.,0.,-1.));
#10048=DIRECTION('',(-1.,0.,0.));
#10049=DIRECTION('',(1.,0.,0.));
#10050=DIRECTION('',(0.,1.,0.));
#10051=DIRECTION('',(0.,0.,1.));
#10052=DIRECTION('',(1.,0.,0.));
#10053=DIRECTION('',(0.,0.,-1.));
#10054=DIRECTION('',(-1.,0.,0.));
#10055=DIRECTION('',(-1.,0.,0.));
#10056=DIRECTION('',(0.,0.,1.));
#10057=DIRECTION('',(0.,0.,1.));
#10058=DIRECTION('',(0.,-1.,0.));
#10059=DIRECTION('',(0.,-1.,0.));
#10060=DIRECTION('',(-1.,0.,0.));
#10061=DIRECTION('',(0.,0.,1.));
#10062=DIRECTION('',(0.,1.,0.));
#10063=DIRECTION('',(0.,0.,1.));
#10064=DIRECTION('',(0.,-1.,0.));
#10065=DIRECTION('',(0.,1.,0.));
#10066=DIRECTION('',(0.,0.,1.));
#10067=DIRECTION('',(-1.,0.,0.));
#10068=DIRECTION('',(0.,0.,1.));
#10069=DIRECTION('',(1.,0.,0.));
#10070=DIRECTION('',(0.,1.,0.));
#10071=DIRECTION('',(0.,0.,1.));
#10072=DIRECTION('',(0.,0.,1.));
#10073=DIRECTION('',(1.,0.,0.));
#10074=DIRECTION('',(-1.,0.,0.));
#10075=DIRECTION('',(1.,0.,0.));
#10076=DIRECTION('',(0.,0.,-1.));
#10077=DIRECTION('',(0.,-1.,0.));
#10078=DIRECTION('',(0.,0.,-1.));
#10079=DIRECTION('',(0.,-1.,0.));
#10080=DIRECTION('',(1.,0.,0.));
#10081=DIRECTION('',(0.,0.,-1.));
#10082=DIRECTION('',(0.,0.,-1.));
#10083=DIRECTION('',(0.,-1.,0.));
#10084=DIRECTION('',(0.,-1.,0.));
#10085=DIRECTION('',(0.,0.,-1.));
#10086=DIRECTION('',(-1.,0.,0.));
#10087=DIRECTION('',(1.,0.,0.));
#10088=DIRECTION('',(0.,-1.,0.));
#10089=DIRECTION('',(1.,0.,0.));
#10090=DIRECTION('',(0.,-1.,0.));
#10091=DIRECTION('',(0.,1.,0.));
#10092=DIRECTION('',(0.,0.,1.));
#10093=DIRECTION('',(0.,0.,-1.));
#10094=DIRECTION('',(0.,0.,1.));
#10095=DIRECTION('',(-1.,0.,0.));
#10096=DIRECTION('',(0.,0.,-1.));
#10097=DIRECTION('',(0.,0.,-1.));
#10098=DIRECTION('',(0.,0.,1.));
#10099=DIRECTION('',(0.,0.,1.));
#10100=DIRECTION('',(1.,0.,0.));
#10101=DIRECTION('',(-1.,0.,0.));
#10102=DIRECTION('',(0.,0.,1.));
#10103=DIRECTION('',(1.,0.,0.));
#10104=DIRECTION('',(0.,0.,-1.));
#10105=DIRECTION('',(-1.,0.,0.));
#10106=DIRECTION('',(0.,0.,1.));
#10107=DIRECTION('',(1.,0.,0.));
#10108=DIRECTION('',(0.,0.,-1.));
#10109=DIRECTION('',(-1.,0.,0.));
#10110=DIRECTION('',(0.,0.,1.));
#10111=DIRECTION('',(1.,0.,0.));
#10112=DIRECTION('',(0.,0.,-1.));
#10113=DIRECTION('',(-1.,0.,0.));
#10114=DIRECTION('',(0.,0.,1.));
#10115=DIRECTION('',(1.,0.,0.));
#10116=DIRECTION('',(0.,0.,-1.));
#10117=DIRECTION('',(-1.,0.,0.));
#10118=DIRECTION('',(0.,0.,1.));
#10119=DIRECTION('',(1.,0.,0.));
#10120=DIRECTION('',(0.,0.,-1.));
#10121=DIRECTION('',(-1.,0.,0.));
#10122=DIRECTION('',(0.,0.,1.));
#10123=DIRECTION('',(1.,0.,0.));
#10124=DIRECTION('',(0.,0.,-1.));
#10125=DIRECTION('',(-1.,0.,0.));
#10126=DIRECTION('',(0.,0.,1.));
#10127=DIRECTION('',(1.,0.,0.));
#10128=DIRECTION('',(0.,0.,-1.));
#10129=DIRECTION('',(-1.,0.,0.));
#10130=DIRECTION('',(0.,0.,1.));
#10131=DIRECTION('',(1.,0.,0.));
#10132=DIRECTION('',(0.,0.,-1.));
#10133=DIRECTION('',(-1.,0.,0.));
#10134=DIRECTION('',(0.,0.,1.));
#10135=DIRECTION('',(1.,0.,0.));
#10136=DIRECTION('',(0.,0.,-1.));
#10137=DIRECTION('',(-1.,0.,0.));
#10138=DIRECTION('',(0.,0.,1.));
#10139=DIRECTION('',(1.,0.,0.));
#10140=DIRECTION('',(0.,0.,-1.));
#10141=DIRECTION('',(-1.,0.,0.));
#10142=DIRECTION('',(0.,0.,1.));
#10143=DIRECTION('',(1.,0.,0.));
#10144=DIRECTION('',(0.,0.,-1.));
#10145=DIRECTION('',(0.,0.,1.));
#10146=DIRECTION('',(1.,0.,0.));
#10147=DIRECTION('',(0.,0.,-1.));
#10148=DIRECTION('',(-1.,0.,0.));
#10149=DIRECTION('',(0.,1.,0.));
#10150=DIRECTION('',(0.,0.,1.));
#10151=DIRECTION('',(0.,0.,1.));
#10152=DIRECTION('',(0.,0.,1.));
#10153=DIRECTION('',(0.,0.,-1.));
#10154=DIRECTION('',(0.,0.,-1.));
#10155=DIRECTION('',(-1.,0.,0.));
#10156=DIRECTION('',(0.,0.,1.));
#10157=DIRECTION('',(-1.,0.,0.));
#10158=DIRECTION('',(0.,0.,-1.));
#10159=DIRECTION('',(1.,0.,0.));
#10160=DIRECTION('',(-1.,0.,0.));
#10161=DIRECTION('',(0.,0.,-1.));
#10162=DIRECTION('',(1.,0.,0.));
#10163=DIRECTION('',(0.,0.,1.));
#10164=DIRECTION('',(0.,0.,-1.));
#10165=DIRECTION('',(1.,0.,0.));
#10166=DIRECTION('',(1.,0.,0.));
#10167=DIRECTION('',(1.,0.,0.));
#10168=DIRECTION('',(1.,0.,0.));
#10169=DIRECTION('',(1.,0.,0.));
#10170=DIRECTION('',(1.,0.,0.));
#10171=DIRECTION('',(1.,0.,0.));
#10172=DIRECTION('',(0.,0.,1.));
#10173=DIRECTION('',(-1.,0.,0.));
#10174=DIRECTION('',(-1.,0.,0.));
#10175=DIRECTION('',(-1.,0.,0.));
#10176=DIRECTION('',(-1.,0.,0.));
#10177=DIRECTION('',(-1.,0.,0.));
#10178=DIRECTION('',(-1.,0.,0.));
#10179=DIRECTION('',(-1.,0.,0.));
#10180=DIRECTION('',(0.928476687555797,-0.37139068467776,0.));
#10181=DIRECTION('',(0.37139068467776,0.928476687555797,0.));
#10182=DIRECTION('',(-0.37139068467776,-0.928476687555797,0.));
#10183=DIRECTION('',(0.,0.,-1.));
#10184=DIRECTION('',(0.37139068467776,0.928476687555797,0.));
#10185=DIRECTION('',(0.928476687555797,-0.37139068467776,0.));
#10186=DIRECTION('',(0.37139068467776,0.928476687555797,0.));
#10187=DIRECTION('',(0.37139068467776,0.928476687555797,0.));
#10188=DIRECTION('',(-0.37139068467776,-0.928476687555797,0.));
#10189=DIRECTION('',(0.,0.,-1.));
#10190=DIRECTION('',(-0.928476687555797,-0.37139068467776,0.));
#10191=DIRECTION('',(0.37139068467776,-0.928476687555797,0.));
#10192=DIRECTION('',(-0.37139068467776,0.928476687555797,0.));
#10193=DIRECTION('',(0.37139068467776,-0.928476687555797,0.));
#10194=DIRECTION('',(-0.928476687555797,-0.37139068467776,0.));
#10195=DIRECTION('',(0.37139068467776,-0.928476687555797,0.));
#10196=DIRECTION('',(0.37139068467776,-0.928476687555797,0.));
#10197=DIRECTION('',(-0.37139068467776,0.928476687555797,0.));
#10198=DIRECTION('',(0.928476687555797,-0.37139068467776,0.));
#10199=DIRECTION('',(0.37139068467776,0.928476687555797,0.));
#10200=DIRECTION('',(-0.37139068467776,-0.928476687555797,0.));
#10201=DIRECTION('',(0.,0.,-1.));
#10202=DIRECTION('',(0.37139068467776,0.928476687555797,0.));
#10203=DIRECTION('',(0.928476687555797,-0.37139068467776,0.));
#10204=DIRECTION('',(0.37139068467776,0.928476687555797,0.));
#10205=DIRECTION('',(0.37139068467776,0.928476687555797,0.));
#10206=DIRECTION('',(-0.37139068467776,-0.928476687555797,0.));
#10207=DIRECTION('',(0.,0.,-1.));
#10208=DIRECTION('',(-0.928476687555797,-0.37139068467776,0.));
#10209=DIRECTION('',(0.37139068467776,-0.928476687555797,0.));
#10210=DIRECTION('',(-0.37139068467776,0.928476687555797,0.));
#10211=DIRECTION('',(0.37139068467776,-0.928476687555797,0.));
#10212=DIRECTION('',(-0.928476687555797,-0.37139068467776,0.));
#10213=DIRECTION('',(0.37139068467776,-0.928476687555797,0.));
#10214=DIRECTION('',(0.37139068467776,-0.928476687555797,0.));
#10215=DIRECTION('',(-0.37139068467776,0.928476687555797,0.));
#10216=DIRECTION('',(0.928476687555797,-0.37139068467776,0.));
#10217=DIRECTION('',(0.37139068467776,0.928476687555797,0.));
#10218=DIRECTION('',(-0.37139068467776,-0.928476687555797,0.));
#10219=DIRECTION('',(0.,0.,-1.));
#10220=DIRECTION('',(0.37139068467776,0.928476687555797,0.));
#10221=DIRECTION('',(0.928476687555797,-0.37139068467776,0.));
#10222=DIRECTION('',(0.37139068467776,0.928476687555797,0.));
#10223=DIRECTION('',(0.37139068467776,0.928476687555797,0.));
#10224=DIRECTION('',(-0.37139068467776,-0.928476687555797,0.));
#10225=DIRECTION('',(0.,0.,-1.));
#10226=DIRECTION('',(-0.928476687555797,-0.37139068467776,0.));
#10227=DIRECTION('',(0.37139068467776,-0.928476687555797,0.));
#10228=DIRECTION('',(-0.37139068467776,0.928476687555797,0.));
#10229=DIRECTION('',(0.37139068467776,-0.928476687555797,0.));
#10230=DIRECTION('',(-0.928476687555797,-0.37139068467776,0.));
#10231=DIRECTION('',(0.37139068467776,-0.928476687555797,0.));
#10232=DIRECTION('',(0.37139068467776,-0.928476687555797,0.));
#10233=DIRECTION('',(-0.37139068467776,0.928476687555797,0.));
#10234=DIRECTION('',(0.928476687555797,-0.37139068467776,0.));
#10235=DIRECTION('',(0.37139068467776,0.928476687555797,0.));
#10236=DIRECTION('',(-0.37139068467776,-0.928476687555797,0.));
#10237=DIRECTION('',(0.,0.,-1.));
#10238=DIRECTION('',(0.37139068467776,0.928476687555797,0.));
#10239=DIRECTION('',(0.928476687555797,-0.37139068467776,0.));
#10240=DIRECTION('',(0.37139068467776,0.928476687555797,0.));
#10241=DIRECTION('',(0.37139068467776,0.928476687555797,0.));
#10242=DIRECTION('',(-0.37139068467776,-0.928476687555797,0.));
#10243=DIRECTION('',(0.,0.,-1.));
#10244=DIRECTION('',(-0.928476687555797,-0.37139068467776,0.));
#10245=DIRECTION('',(0.37139068467776,-0.928476687555797,0.));
#10246=DIRECTION('',(-0.37139068467776,0.928476687555797,0.));
#10247=DIRECTION('',(0.37139068467776,-0.928476687555797,0.));
#10248=DIRECTION('',(-0.928476687555797,-0.37139068467776,0.));
#10249=DIRECTION('',(0.37139068467776,-0.928476687555797,0.));
#10250=DIRECTION('',(0.37139068467776,-0.928476687555797,0.));
#10251=DIRECTION('',(-0.37139068467776,0.928476687555797,0.));
#10252=DIRECTION('',(0.,0.,1.));
#10253=DIRECTION('',(1.,0.,0.));
#10254=DIRECTION('',(0.,0.,1.));
#10255=DIRECTION('',(1.,0.,0.));
#10256=DIRECTION('',(0.,0.,1.));
#10257=DIRECTION('',(1.,0.,0.));
#10258=DIRECTION('',(0.,0.,1.));
#10259=DIRECTION('',(1.,0.,0.));
#10260=DIRECTION('',(0.,0.,-1.));
#10261=DIRECTION('',(-1.,0.,0.));
#10262=DIRECTION('',(0.,0.,-1.));
#10263=DIRECTION('',(-1.,0.,0.));
#10264=DIRECTION('',(0.,0.,-1.));
#10265=DIRECTION('',(-1.,0.,0.));
#10266=DIRECTION('',(0.,0.,-1.));
#10267=DIRECTION('',(-1.,0.,0.));
#10268=DIRECTION('',(0.,0.,1.));
#10269=DIRECTION('',(1.,0.,0.));
#10270=DIRECTION('',(0.,0.,-1.));
#10271=DIRECTION('',(-1.,0.,0.));
#10272=DIRECTION('',(-1.,0.,0.));
#10273=DIRECTION('',(0.,0.,1.));
#10274=DIRECTION('',(0.,-1.,0.));
#10275=DIRECTION('',(0.,-1.,0.));
#10276=DIRECTION('',(0.,0.,-1.));
#10277=DIRECTION('',(-1.,0.,0.));
#10278=DIRECTION('',(0.,-1.,0.));
#10279=DIRECTION('',(-1.,0.,0.));
#10280=DIRECTION('',(0.,0.,1.));
#10281=DIRECTION('',(0.,-1.,0.));
#10282=DIRECTION('',(0.,-1.,0.));
#10283=DIRECTION('',(0.,0.,-1.));
#10284=DIRECTION('',(-1.,0.,0.));
#10285=DIRECTION('',(0.,-1.,0.));
#10286=DIRECTION('',(-1.,0.,0.));
#10287=DIRECTION('',(0.,0.,1.));
#10288=DIRECTION('',(0.,-1.,0.));
#10289=DIRECTION('',(0.,-1.,0.));
#10290=DIRECTION('',(0.,0.,-1.));
#10291=DIRECTION('',(-1.,0.,0.));
#10292=DIRECTION('',(0.,-1.,0.));
#10293=DIRECTION('',(-1.,0.,0.));
#10294=DIRECTION('',(0.,0.,1.));
#10295=DIRECTION('',(0.,-1.,0.));
#10296=DIRECTION('',(0.,-1.,0.));
#10297=DIRECTION('',(0.,0.,-1.));
#10298=DIRECTION('',(-1.,0.,0.));
#10299=DIRECTION('',(0.,-1.,0.));
#10300=DIRECTION('',(-1.,0.,0.));
#10301=DIRECTION('',(0.,0.,1.));
#10302=DIRECTION('',(0.,-1.,0.));
#10303=DIRECTION('',(0.,-1.,0.));
#10304=DIRECTION('',(0.,0.,-1.));
#10305=DIRECTION('',(-1.,0.,0.));
#10306=DIRECTION('',(0.,-1.,0.));
#10307=DIRECTION('',(1.,0.,0.));
#10308=DIRECTION('',(0.,0.,-1.));
#10309=DIRECTION('',(0.,-1.,0.));
#10310=DIRECTION('',(1.,0.,0.));
#10311=DIRECTION('',(0.,0.,-1.));
#10312=DIRECTION('',(0.,-1.,0.));
#10313=DIRECTION('',(1.,0.,0.));
#10314=DIRECTION('',(0.,0.,-1.));
#10315=DIRECTION('',(0.,-1.,0.));
#10316=DIRECTION('',(1.,0.,0.));
#10317=DIRECTION('',(0.,0.,-1.));
#10318=DIRECTION('',(0.,-1.,0.));
#10319=DIRECTION('',(1.,0.,0.));
#10320=DIRECTION('',(0.,0.,-1.));
#10321=DIRECTION('',(0.,-1.,0.));
#10322=DIRECTION('',(0.,0.,1.));
#10323=DIRECTION('',(1.,0.,0.));
#10324=DIRECTION('',(0.,-1.,0.));
#10325=DIRECTION('',(0.,-1.,0.));
#10326=DIRECTION('',(-1.,0.,0.));
#10327=DIRECTION('',(0.,0.,1.));
#10328=DIRECTION('',(0.,-1.,0.));
#10329=DIRECTION('',(0.,0.,1.));
#10330=DIRECTION('',(1.,0.,0.));
#10331=DIRECTION('',(0.,-1.,0.));
#10332=DIRECTION('',(0.,-1.,0.));
#10333=DIRECTION('',(-1.,0.,0.));
#10334=DIRECTION('',(0.,0.,1.));
#10335=DIRECTION('',(0.,-1.,0.));
#10336=DIRECTION('',(0.,0.,1.));
#10337=DIRECTION('',(1.,0.,0.));
#10338=DIRECTION('',(0.,-1.,0.));
#10339=DIRECTION('',(0.,-1.,0.));
#10340=DIRECTION('',(-1.,0.,0.));
#10341=DIRECTION('',(0.,0.,1.));
#10342=DIRECTION('',(0.,-1.,0.));
#10343=DIRECTION('',(0.,0.,1.));
#10344=DIRECTION('',(1.,0.,0.));
#10345=DIRECTION('',(0.,-1.,0.));
#10346=DIRECTION('',(0.,-1.,0.));
#10347=DIRECTION('',(-1.,0.,0.));
#10348=DIRECTION('',(0.,0.,1.));
#10349=DIRECTION('',(0.,-1.,0.));
#10350=DIRECTION('',(0.,0.,1.));
#10351=DIRECTION('',(1.,0.,0.));
#10352=DIRECTION('',(0.,-1.,0.));
#10353=DIRECTION('',(0.,-1.,0.));
#10354=DIRECTION('',(-1.,0.,0.));
#10355=DIRECTION('',(0.,0.,1.));
#10356=DIRECTION('',(0.,-1.,0.));
#10357=DIRECTION('',(1.,0.,0.));
#10358=DIRECTION('',(0.,0.,-1.));
#10359=DIRECTION('',(0.,-1.,0.));
#10360=DIRECTION('',(1.,0.,0.));
#10361=DIRECTION('',(0.,0.,-1.));
#10362=DIRECTION('',(0.,-1.,0.));
#10363=DIRECTION('',(1.,0.,0.));
#10364=DIRECTION('',(0.,0.,-1.));
#10365=DIRECTION('',(0.,-1.,0.));
#10366=DIRECTION('',(1.,0.,0.));
#10367=DIRECTION('',(0.,0.,-1.));
#10368=DIRECTION('',(0.,-1.,0.));
#10369=DIRECTION('',(1.,0.,0.));
#10370=DIRECTION('',(0.,0.,-1.));
#10371=DIRECTION('',(0.,-1.,0.));
#10372=DIRECTION('',(0.,0.,1.));
#10373=DIRECTION('',(1.,0.,0.));
#10374=DIRECTION('',(0.,0.,-1.));
#10375=DIRECTION('',(-1.,0.,0.));
#10376=DIRECTION('',(0.,0.,1.));
#10377=DIRECTION('',(1.,0.,0.));
#10378=DIRECTION('',(0.,0.,-1.));
#10379=DIRECTION('',(-1.,0.,0.));
#10380=DIRECTION('',(0.,0.,1.));
#10381=DIRECTION('',(1.,0.,0.));
#10382=DIRECTION('',(0.,0.,-1.));
#10383=DIRECTION('',(-1.,0.,0.));
#10384=DIRECTION('',(0.,0.,1.));
#10385=DIRECTION('',(1.,0.,0.));
#10386=DIRECTION('',(0.,0.,-1.));
#10387=DIRECTION('',(-1.,0.,0.));
#10388=DIRECTION('',(0.,0.,1.));
#10389=DIRECTION('',(1.,0.,0.));
#10390=DIRECTION('',(0.,0.,-1.));
#10391=DIRECTION('',(-1.,0.,0.));
#10392=DIRECTION('',(1.,0.,0.));
#10393=DIRECTION('',(0.,0.,-1.));
#10394=DIRECTION('',(0.,-1.,0.));
#10395=DIRECTION('',(0.,0.,-1.));
#10396=DIRECTION('',(0.,-1.,0.));
#10397=DIRECTION('',(0.,0.,1.));
#10398=DIRECTION('',(0.,-1.,0.));
#10399=DIRECTION('',(0.,0.,1.));
#10400=DIRECTION('',(0.,-1.,0.));
#10401=DIRECTION('',(0.,-1.,0.));
#10402=DIRECTION('',(0.,0.,1.));
#10403=DIRECTION('',(0.,-1.,0.));
#10404=DIRECTION('',(0.,0.,-1.));
#10405=DIRECTION('',(0.,-1.,0.));
#10406=DIRECTION('',(0.,-1.,0.));
#10407=DIRECTION('',(0.,0.,-1.));
#10408=DIRECTION('',(-1.,0.,0.));
#10409=DIRECTION('',(0.,0.,1.));
#10410=DIRECTION('',(0.,1.,0.));
#10411=DIRECTION('',(0.,0.,-1.));
#10412=DIRECTION('',(0.,1.,0.));
#10413=DIRECTION('',(0.,0.,-1.));
#10414=DIRECTION('',(0.,-1.,0.));
#10415=DIRECTION('',(0.,0.,-1.));
#10416=DIRECTION('',(0.,1.,0.));
#10417=DIRECTION('',(0.,0.,-1.));
#10418=DIRECTION('',(0.,-1.,0.));
#10419=DIRECTION('',(0.,-1.,0.));
#10420=DIRECTION('',(0.,0.,-1.));
#10421=DIRECTION('',(0.,1.,0.));
#10422=DIRECTION('',(0.,0.,-1.));
#10423=DIRECTION('',(0.,-1.,0.));
#10424=DIRECTION('',(0.,0.,-1.));
#10425=DIRECTION('',(-1.,0.,0.));
#10426=DIRECTION('',(-0.447362590861388,-0.894352677805454,0.));
#10427=DIRECTION('',(0.,-1.,0.));
#10428=DIRECTION('',(1.,0.,0.));
#10429=DIRECTION('',(0.,-1.,0.));
#10430=DIRECTION('',(0.,0.,-1.));
#10431=DIRECTION('',(-1.,0.,0.));
#10432=DIRECTION('',(1.,0.,0.));
#10433=DIRECTION('',(0.,1.,0.));
#10434=DIRECTION('',(-0.447362590861389,0.894352677805453,0.));
#10435=DIRECTION('',(0.,-1.,0.));
#10436=DIRECTION('',(0.,0.,1.));
#10437=DIRECTION('',(1.,0.,0.));
#10438=DIRECTION('',(0.,1.,0.));
#10439=DIRECTION('',(1.,0.,0.));
#10440=DIRECTION('',(0.,-1.,0.));
#10441=DIRECTION('',(-0.447362590861389,0.894352677805453,0.));
#10442=DIRECTION('',(0.,0.,1.));
#10443=DIRECTION('',(1.,0.,0.));
#10444=DIRECTION('',(0.,-1.,0.));
#10445=DIRECTION('',(-0.447362590861388,-0.894352677805454,0.));
#10446=DIRECTION('',(0.,-1.,0.));
#10447=DIRECTION('',(1.,0.,0.));
#10448=DIRECTION('',(1.,0.,0.));
#10449=DIRECTION('',(0.,0.,-1.));
#10450=DIRECTION('',(0.,-1.,0.));
#10451=DIRECTION('',(-1.,0.,0.));
#10452=DIRECTION('',(0.,0.,1.));
#10453=DIRECTION('',(0.,-1.,0.));
#10454=DIRECTION('',(-1.,0.,0.));
#10455=DIRECTION('',(0.,0.,1.));
#10456=DIRECTION('',(1.,0.,0.));
#10457=DIRECTION('',(0.,0.,-1.));
#10458=DIRECTION('',(0.,0.,1.));
#10459=DIRECTION('',(1.,0.,0.));
#10460=DIRECTION('',(0.,0.,1.));
#10461=DIRECTION('',(1.,0.,0.));
#10462=DIRECTION('',(1.,0.,0.));
#10463=DIRECTION('',(-0.447213595499958,-0.894427190999916,0.));
#10464=DIRECTION('',(0.,0.,1.));
#10465=DIRECTION('',(1.,0.,0.));
#10466=DIRECTION('',(1.,0.,0.));
#10467=DIRECTION('',(-0.447213595499958,-0.894427190999916,0.));
#10468=DIRECTION('',(0.894427190999916,-0.447213595499958,0.));
#10469=DIRECTION('',(0.447213595499958,0.894427190999916,0.));
#10470=DIRECTION('',(0.,0.,-1.));
#10471=DIRECTION('',(0.,1.,0.));
#10472=DIRECTION('',(0.,0.,1.));
#10473=DIRECTION('',(0.,1.,0.));
#10474=DIRECTION('',(0.,0.,1.));
#10475=DIRECTION('',(1.,0.,0.));
#10476=DIRECTION('',(0.,0.,-1.));
#10477=DIRECTION('',(1.,0.,0.));
#10478=DIRECTION('',(0.,0.,1.));
#10479=DIRECTION('',(1.,0.,0.));
#10480=DIRECTION('',(-0.447213595499958,0.894427190999916,0.));
#10481=DIRECTION('',(0.,0.,1.));
#10482=DIRECTION('',(1.,0.,0.));
#10483=DIRECTION('',(-0.447213595499958,0.894427190999916,0.));
#10484=DIRECTION('',(-0.894427190999916,-0.447213595499958,0.));
#10485=DIRECTION('',(0.447213595499958,-0.894427190999916,0.));
#10486=DIRECTION('',(0.,0.,1.));
#10487=DIRECTION('',(1.,0.,0.));
#10488=DIRECTION('',(1.,0.,0.));
#10489=DIRECTION('',(-0.447362590861388,-0.894352677805454,0.));
#10490=DIRECTION('',(0.,-1.,0.));
#10491=DIRECTION('',(0.894352677805454,-0.447362590861388,0.));
#10492=DIRECTION('',(0.447362590861389,0.894352677805454,0.));
#10493=DIRECTION('',(0.,0.,-1.));
#10494=DIRECTION('',(0.,1.,0.));
#10495=DIRECTION('',(0.,0.,1.));
#10496=DIRECTION('',(0.,0.,-1.));
#10497=DIRECTION('',(1.,0.,0.));
#10498=DIRECTION('',(0.,0.,-1.));
#10499=DIRECTION('',(0.,1.,0.));
#10500=DIRECTION('',(0.,0.,1.));
#10501=DIRECTION('',(0.,0.,-1.));
#10502=DIRECTION('',(1.,0.,0.));
#10503=DIRECTION('',(0.,0.,1.));
#10504=DIRECTION('',(1.,0.,0.));
#10505=DIRECTION('',(-0.447362590861389,0.894352677805453,0.));
#10506=DIRECTION('',(0.,1.,0.));
#10507=DIRECTION('',(-1.,0.,0.));
#10508=DIRECTION('',(0.,0.,1.));
#10509=DIRECTION('',(0.,0.,-1.));
#10510=DIRECTION('',(-0.894352677805454,-0.447362590861389,0.));
#10511=DIRECTION('',(0.447362590861389,-0.894352677805453,0.));
#10512=DIRECTION('',(-0.894352677805454,-0.447362590861389,0.));
#10513=DIRECTION('',(0.447362590861389,-0.894352677805453,0.));
#10514=DIRECTION('',(-0.447362590861389,0.894352677805453,0.));
#10515=DIRECTION('',(0.,0.,-1.));
#10516=DIRECTION('',(-1.,0.,0.));
#10517=DIRECTION('',(0.,0.,1.));
#10518=DIRECTION('',(0.,1.,0.));
#10519=DIRECTION('',(0.,0.,-1.));
#10520=DIRECTION('',(0.,1.,0.));
#10521=DIRECTION('',(0.,0.,1.));
#10522=DIRECTION('',(1.,0.,0.));
#10523=DIRECTION('',(0.,0.,1.));
#10524=DIRECTION('',(1.,0.,0.));
#10525=DIRECTION('',(0.,1.,0.));
#10526=DIRECTION('',(0.,0.,1.));
#10527=DIRECTION('',(0.,0.,-1.));
#10528=DIRECTION('',(1.,0.,0.));
#10529=DIRECTION('',(0.,0.,1.));
#10530=DIRECTION('',(1.,0.,0.));
#10531=DIRECTION('',(0.,-1.,0.));
#10532=DIRECTION('',(-0.447362590861388,-0.894352677805454,0.));
#10533=DIRECTION('',(0.894352677805454,-0.447362590861388,0.));
#10534=DIRECTION('',(0.447362590861389,0.894352677805454,0.));
#10535=DIRECTION('',(0.,0.,-1.));
#10536=DIRECTION('',(1.,0.,0.));
#10537=DIRECTION('',(0.,0.,-1.));
#10538=DIRECTION('',(0.,0.,-1.));
#10539=DIRECTION('',(-1.,0.,0.));
#10540=DIRECTION('',(0.,0.,1.));
#10541=DIRECTION('',(1.,0.,0.));
#10542=DIRECTION('',(0.,0.,-1.));
#10543=DIRECTION('',(-1.,0.,0.));
#10544=DIRECTION('',(0.,0.,1.));
#10545=DIRECTION('',(1.,0.,0.));
#10546=DIRECTION('',(0.,0.,-1.));
#10547=DIRECTION('',(-1.,0.,0.));
#10548=DIRECTION('',(0.,0.,1.));
#10549=DIRECTION('',(1.,0.,0.));
#10550=DIRECTION('',(0.,0.,-1.));
#10551=DIRECTION('',(-1.,0.,0.));
#10552=DIRECTION('',(0.,0.,1.));
#10553=DIRECTION('',(1.,0.,0.));
#10554=DIRECTION('',(0.,0.,-1.));
#10555=DIRECTION('',(-1.,0.,0.));
#10556=DIRECTION('',(0.,0.,1.));
#10557=DIRECTION('',(1.,0.,0.));
#10558=DIRECTION('',(0.,0.,1.));
#10559=DIRECTION('',(1.,0.,0.));
#10560=DIRECTION('',(0.,0.,-1.));
#10561=DIRECTION('',(-1.,0.,0.));
#10562=DIRECTION('',(0.866025403784439,-0.5,0.));
#10563=DIRECTION('',(0.5,0.866025403784439,0.));
#10564=DIRECTION('',(-0.5,-0.866025403784439,0.));
#10565=DIRECTION('',(0.,0.,-1.));
#10566=DIRECTION('',(-0.866025403784439,-0.5,0.));
#10567=DIRECTION('',(0.5,-0.866025403784439,0.));
#10568=DIRECTION('',(-0.5,0.866025403784439,0.));
#10569=DIRECTION('',(0.,0.,1.));
#10570=DIRECTION('',(1.,0.,0.));
#10571=DIRECTION('',(0.,-0.537299608346824,-0.843391445812886));
#10572=DIRECTION('',(0.,0.843391445812886,-0.537299608346824));
#10573=DIRECTION('',(0.,-0.843391445812886,0.537299608346824));
#10574=DIRECTION('',(-1.,0.,0.));
#10575=DIRECTION('',(0.,-0.843391445812886,0.537299608346824));
#10576=DIRECTION('',(-1.,0.,0.));
#10577=DIRECTION('',(0.,0.,-1.));
#10578=DIRECTION('',(-1.,0.,0.));
#10579=DIRECTION('',(0.,0.,1.));
#10580=DIRECTION('',(1.,0.,0.));
#10581=DIRECTION('',(-1.,0.,0.));
#10582=DIRECTION('',(0.,-0.537299608346824,0.843391445812886));
#10583=DIRECTION('',(0.,-0.843391445812886,-0.537299608346824));
#10584=DIRECTION('',(0.,0.843391445812886,0.537299608346824));
#10585=DIRECTION('',(0.,0.843391445812886,0.537299608346824));
#10586=DIRECTION('',(-1.,0.,0.));
#10587=DIRECTION('',(0.,0.,1.));
#10588=DIRECTION('',(-1.,0.,0.));
#10589=DIRECTION('',(0.,0.,1.));
#10590=DIRECTION('',(1.,0.,0.));
#10591=DIRECTION('',(0.,0.,-1.));
#10592=DIRECTION('',(-1.,0.,0.));
#10593=DIRECTION('',(0.,0.,1.));
#10594=DIRECTION('',(0.,-1.,0.));
#10595=DIRECTION('',(0.,0.,-1.));
#10596=DIRECTION('',(0.,0.,-1.));
#10597=DIRECTION('',(-1.,0.,0.));
#10598=DIRECTION('',(0.,0.,-1.));
#10599=DIRECTION('',(1.,0.,0.));
#10600=DIRECTION('',(0.,0.,-1.));
#10601=DIRECTION('',(0.,0.,-1.));
#10602=DIRECTION('',(0.,-1.,0.));
#10603=DIRECTION('',(0.,1.,0.));
#10604=DIRECTION('',(0.,0.,1.));
#10605=DIRECTION('',(0.,0.,-1.));
#10606=DIRECTION('',(1.,0.,0.));
#10607=DIRECTION('',(-1.,0.,0.));
#10608=DIRECTION('',(0.,0.,1.));
#10609=DIRECTION('',(0.,1.,0.));
#10610=DIRECTION('',(0.,0.,1.));
#10611=DIRECTION('',(1.,0.,0.));
#10612=DIRECTION('',(0.,-1.,0.));
#10613=DIRECTION('',(0.,0.,-1.));
#10614=DIRECTION('',(0.,0.,-1.));
#10615=DIRECTION('',(-1.,0.,0.));
#10616=DIRECTION('',(0.,0.,-1.));
#10617=DIRECTION('',(1.,0.,0.));
#10618=DIRECTION('',(0.,0.,-1.));
#10619=DIRECTION('',(0.,0.,-1.));
#10620=DIRECTION('',(0.,-1.,0.));
#10621=DIRECTION('',(0.,1.,0.));
#10622=DIRECTION('',(0.,0.,1.));
#10623=DIRECTION('',(0.,0.,-1.));
#10624=DIRECTION('',(1.,0.,0.));
#10625=DIRECTION('',(-1.,0.,0.));
#10626=DIRECTION('',(0.,0.,1.));
#10627=DIRECTION('',(0.,0.,-1.));
#10628=DIRECTION('',(0.,1.,0.));
#10629=DIRECTION('',(0.,-1.,0.));
#10630=DIRECTION('',(0.,0.,-1.));
#10631=DIRECTION('',(0.,0.,-1.));
#10632=DIRECTION('',(-1.,0.,0.));
#10633=DIRECTION('',(-1.,0.,0.));
#10634=DIRECTION('',(0.,0.,1.));
#10635=DIRECTION('',(0.,0.,-1.));
#10636=DIRECTION('',(0.,1.,0.));
#10637=DIRECTION('',(0.,1.,0.));
#10638=DIRECTION('',(0.,0.,1.));
#10639=DIRECTION('',(0.,0.,-1.));
#10640=DIRECTION('',(1.,0.,0.));
#10641=DIRECTION('',(-1.,0.,0.));
#10642=DIRECTION('',(0.,0.,1.));
#10643=DIRECTION('',(0.,0.,-1.));
#10644=DIRECTION('',(0.,1.,0.));
#10645=DIRECTION('',(0.,-1.,0.));
#10646=DIRECTION('',(0.,0.,-1.));
#10647=DIRECTION('',(0.,0.,-1.));
#10648=DIRECTION('',(-1.,0.,0.));
#10649=DIRECTION('',(1.,0.,0.));
#10650=DIRECTION('',(0.,0.,-1.));
#10651=DIRECTION('',(0.,0.,-1.));
#10652=DIRECTION('',(0.,-1.,0.));
#10653=DIRECTION('',(0.,1.,0.));
#10654=DIRECTION('',(0.,0.,1.));
#10655=DIRECTION('',(0.,0.,-1.));
#10656=DIRECTION('',(1.,0.,0.));
#10657=DIRECTION('',(1.,0.,0.));
#10658=DIRECTION('',(0.,0.,-1.));
#10659=DIRECTION('',(0.,-1.,0.));
#10660=DIRECTION('',(0.,0.,1.));
#10661=DIRECTION('',(1.,0.,0.));
#10662=DIRECTION('',(0.,-1.,0.));
#10663=DIRECTION('',(0.,0.,-1.));
#10664=DIRECTION('',(0.,0.,-1.));
#10665=DIRECTION('',(-1.,0.,0.));
#10666=DIRECTION('',(0.,0.,-1.));
#10667=DIRECTION('',(1.,0.,0.));
#10668=DIRECTION('',(0.,0.,-1.));
#10669=DIRECTION('',(0.,0.,-1.));
#10670=DIRECTION('',(0.,-1.,0.));
#10671=DIRECTION('',(0.,1.,0.));
#10672=DIRECTION('',(0.,0.,1.));
#10673=DIRECTION('',(0.,0.,-1.));
#10674=DIRECTION('',(1.,0.,0.));
#10675=DIRECTION('',(-1.,0.,0.));
#10676=DIRECTION('',(0.,0.,1.));
#10677=DIRECTION('',(0.,1.,0.));
#10678=DIRECTION('',(0.,0.,1.));
#10679=DIRECTION('',(1.,0.,0.));
#10680=DIRECTION('',(1.,0.,0.));
#10681=DIRECTION('',(0.,0.,-1.));
#10682=DIRECTION('',(0.,1.,0.));
#10683=DIRECTION('',(0.,0.,1.));
#10684=DIRECTION('',(1.,0.,0.));
#10685=DIRECTION('',(0.,0.,-1.));
#10686=DIRECTION('',(-1.,0.,0.));
#10687=DIRECTION('',(0.,0.,-1.));
#10688=DIRECTION('',(0.,1.,0.));
#10689=DIRECTION('',(0.,0.,1.));
#10690=DIRECTION('',(1.,0.,0.));
#10691=DIRECTION('',(0.,0.,-1.));
#10692=DIRECTION('',(1.,0.,0.));
#10693=DIRECTION('',(0.,0.,-1.));
#10694=DIRECTION('',(0.,1.,0.));
#10695=DIRECTION('',(0.,0.,1.));
#10696=DIRECTION('',(1.,0.,0.));
#10697=DIRECTION('',(0.,0.,-1.));
#10698=DIRECTION('',(1.,0.,0.));
#10699=DIRECTION('',(0.,0.,1.));
#10700=DIRECTION('',(-1.,0.,0.));
#10701=DIRECTION('',(0.,0.,-1.));
#10702=DIRECTION('',(1.,0.,0.));
#10703=DIRECTION('',(0.,0.,-1.));
#10704=DIRECTION('',(0.,1.,0.));
#10705=DIRECTION('',(0.,0.,1.));
#10706=DIRECTION('',(1.,0.,0.));
#10707=DIRECTION('',(0.,0.,-1.));
#10708=DIRECTION('',(-1.,0.,0.));
#10709=DIRECTION('',(0.,0.,-1.));
#10710=DIRECTION('',(0.,1.,0.));
#10711=DIRECTION('',(0.,0.,1.));
#10712=DIRECTION('',(1.,0.,0.));
#10713=DIRECTION('',(0.,0.,-1.));
#10714=DIRECTION('',(1.,0.,0.));
#10715=DIRECTION('',(0.,0.,-1.));
#10716=DIRECTION('',(0.,1.,0.));
#10717=DIRECTION('',(0.,0.,1.));
#10718=DIRECTION('',(1.,0.,0.));
#10719=DIRECTION('',(0.,0.,-1.));
#10720=DIRECTION('',(-1.,0.,0.));
#10721=DIRECTION('',(0.,0.,-1.));
#10722=DIRECTION('',(0.,1.,0.));
#10723=DIRECTION('',(0.,0.,1.));
#10724=DIRECTION('',(1.,0.,0.));
#10725=DIRECTION('',(0.,0.,-1.));
#10726=DIRECTION('',(1.,0.,0.));
#10727=DIRECTION('',(0.,0.,-1.));
#10728=DIRECTION('',(0.,1.,0.));
#10729=DIRECTION('',(0.,0.,1.));
#10730=DIRECTION('',(1.,0.,0.));
#10731=DIRECTION('',(0.,0.,-1.));
#10732=DIRECTION('',(-1.,0.,0.));
#10733=DIRECTION('',(0.,0.,-1.));
#10734=DIRECTION('',(0.,1.,0.));
#10735=DIRECTION('',(0.,0.,1.));
#10736=DIRECTION('',(1.,0.,0.));
#10737=DIRECTION('',(0.,0.,-1.));
#10738=DIRECTION('',(1.,0.,0.));
#10739=DIRECTION('',(0.,0.,-1.));
#10740=DIRECTION('',(0.,1.,0.));
#10741=DIRECTION('',(0.,0.,1.));
#10742=DIRECTION('',(1.,0.,0.));
#10743=DIRECTION('',(0.,0.,-1.));
#10744=DIRECTION('',(-1.,0.,0.));
#10745=DIRECTION('',(0.,0.,-1.));
#10746=DIRECTION('',(0.,1.,0.));
#10747=DIRECTION('',(0.,0.,1.));
#10748=DIRECTION('',(1.,0.,0.));
#10749=DIRECTION('',(0.,0.,-1.));
#10750=DIRECTION('',(1.,0.,0.));
#10751=DIRECTION('',(0.,0.,-1.));
#10752=DIRECTION('',(0.,1.,0.));
#10753=DIRECTION('',(0.,0.,1.));
#10754=DIRECTION('',(1.,0.,0.));
#10755=DIRECTION('',(0.,0.,-1.));
#10756=DIRECTION('',(-1.,0.,0.));
#10757=DIRECTION('',(0.,0.,-1.));
#10758=DIRECTION('',(0.,1.,0.));
#10759=DIRECTION('',(0.,0.,1.));
#10760=DIRECTION('',(1.,0.,0.));
#10761=DIRECTION('',(0.,0.,-1.));
#10762=DIRECTION('',(1.,0.,0.));
#10763=DIRECTION('',(0.,0.,-1.));
#10764=DIRECTION('',(0.,1.,0.));
#10765=DIRECTION('',(0.,0.,1.));
#10766=DIRECTION('',(1.,0.,0.));
#10767=DIRECTION('',(0.,0.,-1.));
#10768=DIRECTION('',(-1.,0.,0.));
#10769=DIRECTION('',(0.,0.,-1.));
#10770=DIRECTION('',(0.,1.,0.));
#10771=DIRECTION('',(0.,0.,1.));
#10772=DIRECTION('',(1.,0.,0.));
#10773=DIRECTION('',(0.,0.,-1.));
#10774=DIRECTION('',(1.,0.,0.));
#10775=DIRECTION('',(0.,0.,-1.));
#10776=DIRECTION('',(0.,1.,0.));
#10777=DIRECTION('',(0.,0.,1.));
#10778=DIRECTION('',(1.,0.,0.));
#10779=DIRECTION('',(0.,0.,-1.));
#10780=DIRECTION('',(-1.,0.,0.));
#10781=DIRECTION('',(0.,0.,-1.));
#10782=DIRECTION('',(0.,1.,0.));
#10783=DIRECTION('',(0.,0.,1.));
#10784=DIRECTION('',(1.,0.,0.));
#10785=DIRECTION('',(0.,0.,-1.));
#10786=DIRECTION('',(1.,0.,0.));
#10787=DIRECTION('',(0.,0.,-1.));
#10788=DIRECTION('',(0.,1.,0.));
#10789=DIRECTION('',(0.,0.,1.));
#10790=DIRECTION('',(1.,0.,0.));
#10791=DIRECTION('',(0.,0.,-1.));
#10792=DIRECTION('',(-1.,0.,0.));
#10793=DIRECTION('',(0.,0.,-1.));
#10794=DIRECTION('',(0.,1.,0.));
#10795=DIRECTION('',(0.,0.,1.));
#10796=DIRECTION('',(1.,0.,0.));
#10797=DIRECTION('',(0.,0.,-1.));
#10798=DIRECTION('',(1.,0.,0.));
#10799=DIRECTION('',(0.,0.,-1.));
#10800=DIRECTION('',(0.,1.,0.));
#10801=DIRECTION('',(0.,0.,1.));
#10802=DIRECTION('',(1.,0.,0.));
#10803=DIRECTION('',(0.,0.,-1.));
#10804=DIRECTION('',(-1.,0.,0.));
#10805=DIRECTION('',(0.,0.,-1.));
#10806=DIRECTION('',(1.,0.,0.));
#10807=DIRECTION('',(0.,0.,-1.));
#10808=DIRECTION('',(1.,0.,0.));
#10809=DIRECTION('',(0.,0.,-1.));
#10810=DIRECTION('',(-1.,0.,0.));
#10811=DIRECTION('',(0.,0.,1.));
#10812=DIRECTION('',(0.,-1.,0.));
#10813=DIRECTION('',(0.,0.,1.));
#10814=DIRECTION('',(0.,-1.,0.));
#10815=DIRECTION('',(0.,0.,-1.));
#10816=DIRECTION('',(-1.,0.,0.));
#10817=DIRECTION('',(0.,0.,1.));
#10818=DIRECTION('',(0.,-1.,0.));
#10819=DIRECTION('',(0.,0.,-1.));
#10820=DIRECTION('',(0.,-1.,0.));
#10821=DIRECTION('',(0.,0.,-1.));
#10822=DIRECTION('',(-1.,0.,0.));
#10823=DIRECTION('',(0.,0.,1.));
#10824=DIRECTION('',(0.,-1.,0.));
#10825=DIRECTION('',(0.,0.,-1.));
#10826=DIRECTION('',(0.,-1.,0.));
#10827=DIRECTION('',(0.,0.,-1.));
#10828=DIRECTION('',(-1.,0.,0.));
#10829=DIRECTION('',(0.,0.,1.));
#10830=DIRECTION('',(0.,-1.,0.));
#10831=DIRECTION('',(0.,0.,-1.));
#10832=DIRECTION('',(0.,-1.,0.));
#10833=DIRECTION('',(0.,0.,-1.));
#10834=DIRECTION('',(-1.,0.,0.));
#10835=DIRECTION('',(0.,0.,1.));
#10836=DIRECTION('',(0.,-1.,0.));
#10837=DIRECTION('',(0.,0.,-1.));
#10838=DIRECTION('',(0.,-1.,0.));
#10839=DIRECTION('',(0.,0.,-1.));
#10840=DIRECTION('',(-1.,0.,0.));
#10841=DIRECTION('',(0.,0.,1.));
#10842=DIRECTION('',(0.,-1.,0.));
#10843=DIRECTION('',(0.,0.,-1.));
#10844=DIRECTION('',(0.,-1.,0.));
#10845=DIRECTION('',(0.,0.,-1.));
#10846=DIRECTION('',(-1.,0.,0.));
#10847=DIRECTION('',(0.,0.,1.));
#10848=DIRECTION('',(0.,-1.,0.));
#10849=DIRECTION('',(0.,0.,-1.));
#10850=DIRECTION('',(0.,-1.,0.));
#10851=DIRECTION('',(0.,0.,-1.));
#10852=DIRECTION('',(-1.,0.,0.));
#10853=DIRECTION('',(0.,0.,1.));
#10854=DIRECTION('',(0.,-1.,0.));
#10855=DIRECTION('',(0.,0.,-1.));
#10856=DIRECTION('',(0.,-1.,0.));
#10857=DIRECTION('',(0.,0.,-1.));
#10858=DIRECTION('',(0.,0.,1.));
#10859=DIRECTION('',(1.,0.,0.));
#10860=DIRECTION('',(0.,0.,1.));
#10861=DIRECTION('',(1.,0.,0.));
#10862=DIRECTION('',(0.,-1.,0.));
#10863=DIRECTION('',(-1.,0.,0.));
#10864=DIRECTION('',(0.,-1.,0.));
#10865=DIRECTION('',(0.,0.,1.));
#10866=DIRECTION('',(1.,0.,0.));
#10867=DIRECTION('',(0.,0.,1.));
#10868=DIRECTION('',(1.,0.,0.));
#10869=DIRECTION('',(0.,0.,1.));
#10870=DIRECTION('',(1.,0.,0.));
#10871=DIRECTION('',(0.,0.,1.));
#10872=DIRECTION('',(1.,0.,0.));
#10873=DIRECTION('',(0.,0.,1.));
#10874=DIRECTION('',(1.,0.,0.));
#10875=DIRECTION('',(0.,0.,1.));
#10876=DIRECTION('',(1.,0.,0.));
#10877=DIRECTION('',(0.,0.,1.));
#10878=DIRECTION('',(1.,0.,0.));
#10879=DIRECTION('',(0.,0.,1.));
#10880=DIRECTION('',(1.,0.,0.));
#10881=DIRECTION('',(0.,0.,1.));
#10882=DIRECTION('',(1.,0.,0.));
#10883=DIRECTION('',(0.,0.,1.));
#10884=DIRECTION('',(1.,0.,0.));
#10885=DIRECTION('',(0.,0.,1.));
#10886=DIRECTION('',(1.,0.,0.));
#10887=DIRECTION('',(1.,0.,0.));
#10888=DIRECTION('',(-1.,0.,0.));
#10889=DIRECTION('',(0.,-1.,0.));
#10890=DIRECTION('',(0.,0.,1.));
#10891=DIRECTION('',(1.,0.,0.));
#10892=DIRECTION('',(0.,0.,1.));
#10893=DIRECTION('',(1.,0.,0.));
#10894=DIRECTION('',(0.,0.,1.));
#10895=DIRECTION('',(1.,0.,0.));
#10896=DIRECTION('',(0.,0.,1.));
#10897=DIRECTION('',(1.,0.,0.));
#10898=DIRECTION('',(-1.,0.,0.));
#10899=DIRECTION('',(0.,-1.,0.));
#10900=DIRECTION('',(0.,0.,1.));
#10901=DIRECTION('',(1.,0.,0.));
#10902=DIRECTION('',(0.,0.,1.));
#10903=DIRECTION('',(1.,0.,0.));
#10904=DIRECTION('',(0.,0.,1.));
#10905=DIRECTION('',(1.,0.,0.));
#10906=DIRECTION('',(0.,0.,1.));
#10907=DIRECTION('',(1.,0.,0.));
#10908=DIRECTION('',(-1.,0.,0.));
#10909=DIRECTION('',(0.,-1.,0.));
#10910=DIRECTION('',(0.,0.,1.));
#10911=DIRECTION('',(1.,0.,0.));
#10912=DIRECTION('',(0.,0.,1.));
#10913=DIRECTION('',(1.,0.,0.));
#10914=DIRECTION('',(0.,0.,1.));
#10915=DIRECTION('',(1.,0.,0.));
#10916=DIRECTION('',(0.,0.,1.));
#10917=DIRECTION('',(1.,0.,0.));
#10918=DIRECTION('',(-1.,0.,0.));
#10919=DIRECTION('',(0.,-1.,0.));
#10920=DIRECTION('',(0.,0.,1.));
#10921=DIRECTION('',(1.,0.,0.));
#10922=DIRECTION('',(-1.,0.,0.));
#10923=DIRECTION('',(0.,0.,1.));
#10924=DIRECTION('',(0.,-1.,0.));
#10925=DIRECTION('',(0.,0.,-1.));
#10926=DIRECTION('',(0.,-1.,0.));
#10927=DIRECTION('',(0.,0.,-1.));
#10928=DIRECTION('',(-1.,0.,0.));
#10929=DIRECTION('',(0.,0.,1.));
#10930=DIRECTION('',(0.,-1.,0.));
#10931=DIRECTION('',(0.,0.,-1.));
#10932=DIRECTION('',(0.,-1.,0.));
#10933=DIRECTION('',(0.,0.,-1.));
#10934=DIRECTION('',(0.,0.,-1.));
#10935=DIRECTION('',(-1.,0.,0.));
#10936=DIRECTION('',(0.,0.,-1.));
#10937=DIRECTION('',(-1.,0.,0.));
#10938=DIRECTION('',(0.,0.,-1.));
#10939=DIRECTION('',(-1.,0.,0.));
#10940=DIRECTION('',(0.,0.,-1.));
#10941=DIRECTION('',(-1.,0.,0.));
#10942=DIRECTION('',(0.,0.,-1.));
#10943=DIRECTION('',(-1.,0.,0.));
#10944=DIRECTION('',(0.,0.,-1.));
#10945=DIRECTION('',(-1.,0.,0.));
#10946=DIRECTION('',(0.,0.,-1.));
#10947=DIRECTION('',(-1.,0.,0.));
#10948=DIRECTION('',(0.,0.,-1.));
#10949=DIRECTION('',(-1.,0.,0.));
#10950=DIRECTION('',(0.,0.,-1.));
#10951=DIRECTION('',(-1.,0.,0.));
#10952=DIRECTION('',(0.,0.,-1.));
#10953=DIRECTION('',(-1.,0.,0.));
#10954=DIRECTION('',(0.,0.,-1.));
#10955=DIRECTION('',(-1.,0.,0.));
#10956=DIRECTION('',(0.,-1.,0.));
#10957=DIRECTION('',(1.,0.,0.));
#10958=DIRECTION('',(0.,-1.,0.));
#10959=DIRECTION('',(0.,0.,-1.));
#10960=DIRECTION('',(-1.,0.,0.));
#10961=DIRECTION('',(0.,0.,-1.));
#10962=DIRECTION('',(-1.,0.,0.));
#10963=DIRECTION('',(0.,0.,-1.));
#10964=DIRECTION('',(-1.,0.,0.));
#10965=DIRECTION('',(0.,0.,-1.));
#10966=DIRECTION('',(-1.,0.,0.));
#10967=DIRECTION('',(0.,-1.,0.));
#10968=DIRECTION('',(1.,0.,0.));
#10969=DIRECTION('',(0.,0.,-1.));
#10970=DIRECTION('',(-1.,0.,0.));
#10971=DIRECTION('',(0.,0.,-1.));
#10972=DIRECTION('',(-1.,0.,0.));
#10973=DIRECTION('',(0.,0.,-1.));
#10974=DIRECTION('',(-1.,0.,0.));
#10975=DIRECTION('',(0.,0.,-1.));
#10976=DIRECTION('',(-1.,0.,0.));
#10977=DIRECTION('',(0.,-1.,0.));
#10978=DIRECTION('',(1.,0.,0.));
#10979=DIRECTION('',(0.,0.,-1.));
#10980=DIRECTION('',(-1.,0.,0.));
#10981=DIRECTION('',(0.,0.,-1.));
#10982=DIRECTION('',(-1.,0.,0.));
#10983=DIRECTION('',(0.,0.,-1.));
#10984=DIRECTION('',(-1.,0.,0.));
#10985=DIRECTION('',(0.,0.,-1.));
#10986=DIRECTION('',(-1.,0.,0.));
#10987=DIRECTION('',(0.,-1.,0.));
#10988=DIRECTION('',(1.,0.,0.));
#10989=DIRECTION('',(0.,0.,-1.));
#10990=DIRECTION('',(-1.,0.,0.));
#10991=DIRECTION('',(0.,0.,-1.));
#10992=DIRECTION('',(-1.,0.,0.));
#10993=DIRECTION('',(0.,0.,-1.));
#10994=DIRECTION('',(-1.,0.,0.));
#10995=DIRECTION('',(0.,0.,-1.));
#10996=DIRECTION('',(-1.,0.,0.));
#10997=DIRECTION('',(0.,-1.,0.));
#10998=DIRECTION('',(1.,0.,0.));
#10999=DIRECTION('',(1.,0.,0.));
#11000=DIRECTION('',(0.,0.,-1.));
#11001=DIRECTION('',(0.,-1.,0.));
#11002=DIRECTION('',(0.,0.,-1.));
#11003=DIRECTION('',(0.,0.,1.));
#11004=DIRECTION('',(1.,0.,0.));
#11005=DIRECTION('',(0.,0.,-1.));
#11006=DIRECTION('',(0.,0.,-1.));
#11007=DIRECTION('',(0.,-1.,0.));
#11008=DIRECTION('',(0.,0.,1.));
#11009=DIRECTION('',(1.,0.,0.));
#11010=DIRECTION('',(0.,0.,-1.));
#11011=DIRECTION('',(0.,-1.,0.));
#11012=DIRECTION('',(0.,0.,-1.));
#11013=DIRECTION('',(0.,0.,1.));
#11014=DIRECTION('',(1.,0.,0.));
#11015=DIRECTION('',(0.,0.,-1.));
#11016=DIRECTION('',(0.,0.,-1.));
#11017=DIRECTION('',(0.,-1.,0.));
#11018=DIRECTION('',(0.,0.,1.));
#11019=DIRECTION('',(1.,0.,0.));
#11020=DIRECTION('',(0.,0.,-1.));
#11021=DIRECTION('',(0.,-1.,0.));
#11022=DIRECTION('',(0.,0.,-1.));
#11023=DIRECTION('',(0.,0.,1.));
#11024=DIRECTION('',(1.,0.,0.));
#11025=DIRECTION('',(0.,0.,-1.));
#11026=DIRECTION('',(0.,0.,-1.));
#11027=DIRECTION('',(0.,-1.,0.));
#11028=DIRECTION('',(0.,0.,1.));
#11029=DIRECTION('',(1.,0.,0.));
#11030=DIRECTION('',(0.,0.,-1.));
#11031=DIRECTION('',(0.,-1.,0.));
#11032=DIRECTION('',(0.,0.,-1.));
#11033=DIRECTION('',(0.,0.,1.));
#11034=DIRECTION('',(1.,0.,0.));
#11035=DIRECTION('',(0.,0.,-1.));
#11036=DIRECTION('',(0.,0.,-1.));
#11037=DIRECTION('',(0.,-1.,0.));
#11038=DIRECTION('',(0.,0.,1.));
#11039=DIRECTION('',(1.,0.,0.));
#11040=DIRECTION('',(0.,0.,-1.));
#11041=DIRECTION('',(0.,-1.,0.));
#11042=DIRECTION('',(0.,0.,-1.));
#11043=DIRECTION('',(0.,-1.,0.));
#11044=DIRECTION('',(0.,0.,1.));
#11045=DIRECTION('',(1.,0.,0.));
#11046=DIRECTION('',(0.,0.,-1.));
#11047=DIRECTION('',(0.,-1.,0.));
#11048=DIRECTION('',(0.,0.,-1.));
#11049=DIRECTION('',(0.,-1.,0.));
#11050=DIRECTION('',(0.,0.,1.));
#11051=DIRECTION('',(1.,0.,0.));
#11052=DIRECTION('',(0.,0.,-1.));
#11053=DIRECTION('',(0.,0.,1.));
#11054=DIRECTION('',(-1.,0.,0.));
#11055=DIRECTION('',(0.,0.,1.));
#11056=DIRECTION('',(0.,0.,-1.));
#11057=DIRECTION('',(0.,1.,0.));
#11058=DIRECTION('',(0.,0.,1.));
#11059=DIRECTION('',(-1.,0.,0.));
#11060=DIRECTION('',(0.,0.,-1.));
#11061=DIRECTION('',(-1.,0.,0.));
#11062=DIRECTION('',(0.,0.,-1.));
#11063=DIRECTION('',(0.,0.,1.));
#11064=DIRECTION('',(-1.,0.,0.));
#11065=DIRECTION('',(0.,0.,-1.));
#11066=DIRECTION('',(1.,0.,0.));
#11067=DIRECTION('',(0.,0.,-1.));
#11068=DIRECTION('',(-1.,0.,0.));
#11069=DIRECTION('',(0.,0.,-1.));
#11070=DIRECTION('',(-1.,0.,0.));
#11071=DIRECTION('',(1.,0.,0.));
#11072=DIRECTION('',(0.,0.,-1.));
#11073=DIRECTION('',(0.,-1.,0.));
#11074=DIRECTION('',(0.,0.,1.));
#11075=DIRECTION('',(0.,-1.,0.));
#11076=DIRECTION('',(0.,0.,-1.));
#11077=DIRECTION('',(-1.,0.,0.));
#11078=DIRECTION('',(0.,0.,-1.));
#11079=DIRECTION('',(-1.,0.,0.));
#11080=DIRECTION('',(0.,-1.,0.));
#11081=DIRECTION('',(-1.,0.,0.));
#11082=DIRECTION('',(0.,0.,1.));
#11083=DIRECTION('',(1.,0.,0.));
#11084=DIRECTION('',(0.,0.,1.));
#11085=DIRECTION('',(1.,0.,0.));
#11086=DIRECTION('',(0.,0.,1.));
#11087=DIRECTION('',(1.,0.,0.));
#11088=DIRECTION('',(0.,0.,1.));
#11089=DIRECTION('',(1.,0.,0.));
#11090=DIRECTION('',(0.,0.,1.));
#11091=DIRECTION('',(1.,0.,0.));
#11092=DIRECTION('',(0.,0.,1.));
#11093=DIRECTION('',(1.,0.,0.));
#11094=DIRECTION('',(0.,0.,1.));
#11095=DIRECTION('',(1.,0.,0.));
#11096=DIRECTION('',(0.,0.,1.));
#11097=DIRECTION('',(1.,0.,0.));
#11098=DIRECTION('',(0.,0.,1.));
#11099=DIRECTION('',(1.,0.,0.));
#11100=DIRECTION('',(0.,0.,1.));
#11101=DIRECTION('',(1.,0.,0.));
#11102=DIRECTION('',(-1.,0.,0.));
#11103=DIRECTION('',(0.,1.,0.));
#11104=DIRECTION('',(0.,0.,-1.));
#11105=DIRECTION('',(-1.,0.,0.));
#11106=DIRECTION('',(0.,0.,-1.));
#11107=DIRECTION('',(-1.,0.,0.));
#11108=DIRECTION('',(0.,0.,-1.));
#11109=DIRECTION('',(-1.,0.,0.));
#11110=DIRECTION('',(0.,0.,-1.));
#11111=DIRECTION('',(-1.,0.,0.));
#11112=DIRECTION('',(0.,0.,-1.));
#11113=DIRECTION('',(-1.,0.,0.));
#11114=DIRECTION('',(0.,0.,-1.));
#11115=DIRECTION('',(-1.,0.,0.));
#11116=DIRECTION('',(0.,0.,-1.));
#11117=DIRECTION('',(-1.,0.,0.));
#11118=DIRECTION('',(0.,0.,-1.));
#11119=DIRECTION('',(-1.,0.,0.));
#11120=DIRECTION('',(0.,0.,-1.));
#11121=DIRECTION('',(-1.,0.,0.));
#11122=DIRECTION('',(0.,-1.,0.));
#11123=DIRECTION('',(1.,0.,0.));
#11124=DIRECTION('',(-1.,0.,0.));
#11125=DIRECTION('',(0.,0.,1.));
#11126=DIRECTION('',(0.,-1.,0.));
#11127=DIRECTION('',(0.,0.,-1.));
#11128=DIRECTION('',(0.,0.,-1.));
#11129=DIRECTION('',(-1.,0.,0.));
#11130=DIRECTION('',(-1.,0.,0.));
#11131=DIRECTION('',(0.,0.,-1.));
#11132=DIRECTION('',(-1.,0.,0.));
#11133=DIRECTION('',(0.,0.,-1.));
#11134=DIRECTION('',(-1.,0.,0.));
#11135=DIRECTION('',(1.,0.,0.));
#11136=DIRECTION('',(0.,0.,1.));
#11137=DIRECTION('',(1.,0.,0.));
#11138=DIRECTION('',(0.,0.,1.));
#11139=DIRECTION('',(1.,0.,0.));
#11140=DIRECTION('',(0.,0.,1.));
#11141=DIRECTION('',(1.,0.,0.));
#11142=DIRECTION('',(-1.,0.,0.));
#11143=DIRECTION('',(0.,0.,1.));
#11144=DIRECTION('',(1.,0.,0.));
#11145=DIRECTION('',(0.,0.,-1.));
#11146=DIRECTION('',(-1.,0.,0.));
#11147=DIRECTION('',(0.,0.,-1.));
#11148=DIRECTION('',(-1.,0.,0.));
#11149=DIRECTION('',(0.,0.,-1.));
#11150=DIRECTION('',(-1.,0.,0.));
#11151=DIRECTION('',(0.,0.,-1.));
#11152=DIRECTION('',(-1.,0.,0.));
#11153=DIRECTION('',(1.,0.,0.));
#11154=DIRECTION('',(0.,0.,1.));
#11155=DIRECTION('',(1.,0.,0.));
#11156=DIRECTION('',(0.,0.,1.));
#11157=DIRECTION('',(1.,0.,0.));
#11158=DIRECTION('',(0.,0.,1.));
#11159=DIRECTION('',(1.,0.,0.));
#11160=DIRECTION('',(-1.,0.,0.));
#11161=DIRECTION('',(0.,0.,1.));
#11162=DIRECTION('',(1.,0.,0.));
#11163=DIRECTION('',(0.,0.,-1.));
#11164=DIRECTION('',(-1.,0.,0.));
#11165=DIRECTION('',(0.,0.,-1.));
#11166=DIRECTION('',(-1.,0.,0.));
#11167=DIRECTION('',(0.,0.,-1.));
#11168=DIRECTION('',(-1.,0.,0.));
#11169=DIRECTION('',(0.,0.,-1.));
#11170=DIRECTION('',(-1.,0.,0.));
#11171=DIRECTION('',(1.,0.,0.));
#11172=DIRECTION('',(0.,0.,1.));
#11173=DIRECTION('',(1.,0.,0.));
#11174=DIRECTION('',(0.,0.,1.));
#11175=DIRECTION('',(1.,0.,0.));
#11176=DIRECTION('',(0.,0.,1.));
#11177=DIRECTION('',(1.,0.,0.));
#11178=DIRECTION('',(-1.,0.,0.));
#11179=DIRECTION('',(0.,0.,1.));
#11180=DIRECTION('',(1.,0.,0.));
#11181=DIRECTION('',(0.,0.,-1.));
#11182=DIRECTION('',(-1.,0.,0.));
#11183=DIRECTION('',(0.,0.,-1.));
#11184=DIRECTION('',(-1.,0.,0.));
#11185=DIRECTION('',(0.,0.,-1.));
#11186=DIRECTION('',(-1.,0.,0.));
#11187=DIRECTION('',(0.,0.,-1.));
#11188=DIRECTION('',(-1.,0.,0.));
#11189=DIRECTION('',(1.,0.,0.));
#11190=DIRECTION('',(0.,0.,1.));
#11191=DIRECTION('',(1.,0.,0.));
#11192=DIRECTION('',(0.,0.,1.));
#11193=DIRECTION('',(1.,0.,0.));
#11194=DIRECTION('',(0.,0.,1.));
#11195=DIRECTION('',(1.,0.,0.));
#11196=DIRECTION('',(-1.,0.,0.));
#11197=DIRECTION('',(0.,0.,1.));
#11198=DIRECTION('',(1.,0.,0.));
#11199=DIRECTION('',(0.,0.,1.));
#11200=DIRECTION('',(1.,0.,0.));
#11201=DIRECTION('',(0.,0.,1.));
#11202=DIRECTION('',(1.,0.,0.));
#11203=DIRECTION('',(0.,0.,1.));
#11204=DIRECTION('',(1.,0.,0.));
#11205=DIRECTION('',(-1.,0.,0.));
#11206=DIRECTION('',(0.,0.,1.));
#11207=DIRECTION('',(1.,0.,0.));
#11208=DIRECTION('',(0.,0.,-1.));
#11209=DIRECTION('',(-1.,0.,0.));
#11210=DIRECTION('',(0.,0.,-1.));
#11211=DIRECTION('',(-1.,0.,0.));
#11212=DIRECTION('',(0.,0.,-1.));
#11213=DIRECTION('',(-1.,0.,0.));
#11214=DIRECTION('',(0.,0.,-1.));
#11215=DIRECTION('',(-1.,0.,0.));
#11216=DIRECTION('',(1.,0.,0.));
#11217=DIRECTION('',(0.,0.,1.));
#11218=DIRECTION('',(1.,0.,0.));
#11219=DIRECTION('',(1.,0.,0.));
#11220=DIRECTION('',(0.,0.,1.));
#11221=DIRECTION('',(1.,0.,0.));
#11222=DIRECTION('',(0.,0.,1.));
#11223=DIRECTION('',(1.,0.,0.));
#11224=DIRECTION('',(-1.,0.,0.));
#11225=DIRECTION('',(0.,0.,-1.));
#11226=DIRECTION('',(-1.,0.,0.));
#11227=DIRECTION('',(0.,0.,-1.));
#11228=DIRECTION('',(-1.,0.,0.));
#11229=DIRECTION('',(-1.,0.,0.));
#11230=DIRECTION('',(1.,0.,0.));
#11231=DIRECTION('',(0.,0.,-1.));
#11232=DIRECTION('',(-1.,0.,0.));
#11233=DIRECTION('',(0.,0.,1.));
#11234=DIRECTION('',(1.,0.,0.));
#11235=DIRECTION('',(0.,0.,1.));
#11236=DIRECTION('',(1.,0.,0.));
#11237=DIRECTION('',(0.,0.,1.));
#11238=DIRECTION('',(1.,0.,0.));
#11239=DIRECTION('',(0.,0.,1.));
#11240=DIRECTION('',(1.,0.,0.));
#11241=DIRECTION('',(0.,0.,1.));
#11242=DIRECTION('',(1.,0.,0.));
#11243=DIRECTION('',(0.,0.,1.));
#11244=DIRECTION('',(1.,0.,0.));
#11245=DIRECTION('',(0.,0.,1.));
#11246=DIRECTION('',(1.,0.,0.));
#11247=DIRECTION('',(0.,0.,1.));
#11248=DIRECTION('',(1.,0.,0.));
#11249=DIRECTION('',(0.,0.,1.));
#11250=DIRECTION('',(1.,0.,0.));
#11251=DIRECTION('',(0.,0.,1.));
#11252=DIRECTION('',(1.,0.,0.));
#11253=DIRECTION('',(0.,0.,1.));
#11254=DIRECTION('',(1.,0.,0.));
#11255=DIRECTION('',(0.,1.,0.));
#11256=DIRECTION('',(-1.,0.,0.));
#11257=DIRECTION('',(0.,0.,1.));
#11258=DIRECTION('',(1.,0.,0.));
#11259=DIRECTION('',(0.,0.,1.));
#11260=DIRECTION('',(1.,0.,0.));
#11261=DIRECTION('',(0.,0.,1.));
#11262=DIRECTION('',(1.,0.,0.));
#11263=DIRECTION('',(0.,0.,1.));
#11264=DIRECTION('',(1.,0.,0.));
#11265=DIRECTION('',(0.,0.,1.));
#11266=DIRECTION('',(1.,0.,0.));
#11267=DIRECTION('',(0.,0.,1.));
#11268=DIRECTION('',(1.,0.,0.));
#11269=DIRECTION('',(0.,0.,1.));
#11270=DIRECTION('',(1.,0.,0.));
#11271=DIRECTION('',(0.,0.,1.));
#11272=DIRECTION('',(1.,0.,0.));
#11273=DIRECTION('',(0.,0.,1.));
#11274=DIRECTION('',(1.,0.,0.));
#11275=DIRECTION('',(0.,0.,1.));
#11276=DIRECTION('',(1.,0.,0.));
#11277=DIRECTION('',(-1.,0.,0.));
#11278=DIRECTION('',(0.,-1.,0.));
#11279=DIRECTION('',(-1.,0.,0.));
#11280=DIRECTION('',(0.,1.,0.));
#11281=DIRECTION('',(0.,0.,1.));
#11282=DIRECTION('',(0.994521895368273,0.104528463267654,0.));
#11283=DIRECTION('',(-0.104528463267654,0.994521895368273,0.));
#11284=DIRECTION('',(0.104528463267654,-0.994521895368273,0.));
#11285=DIRECTION('',(0.,0.,-1.));
#11286=DIRECTION('',(0.104528463267654,-0.994521895368273,0.));
#11287=DIRECTION('',(0.,1.,0.));
#11288=DIRECTION('',(0.,0.,1.));
#11289=DIRECTION('',(1.,0.,0.));
#11290=DIRECTION('',(0.,0.,-1.));
#11291=DIRECTION('',(1.,0.,0.));
#11292=DIRECTION('',(-0.874619707139396,0.484809620246337,0.));
#11293=DIRECTION('',(-0.484809620246337,-0.874619707139396,0.));
#11294=DIRECTION('',(0.484809620246337,0.874619707139396,0.));
#11295=DIRECTION('',(0.,0.,-1.));
#11296=DIRECTION('',(0.484809620246337,0.874619707139396,0.));
#11297=DIRECTION('',(-1.,0.,0.));
#11298=DIRECTION('',(0.,0.,1.));
#11299=DIRECTION('',(0.,1.,0.));
#11300=DIRECTION('',(0.,0.,-1.));
#11301=DIRECTION('',(0.,1.,0.));
#11302=DIRECTION('',(0.,-1.,0.));
#11303=DIRECTION('',(0.,0.,-1.));
#11304=DIRECTION('',(-1.,0.,0.));
#11305=DIRECTION('',(0.,0.,-1.));
#11306=DIRECTION('',(-1.,0.,0.));
#11307=DIRECTION('',(-1.,0.,0.));
#11308=DIRECTION('',(0.,0.,1.));
#11309=DIRECTION('',(0.,1.,0.));
#11310=DIRECTION('',(0.,1.,0.));
#11311=DIRECTION('',(0.,0.,-1.));
#11312=DIRECTION('',(-1.,0.,0.));
#11313=DIRECTION('',(0.,0.,-1.));
#11314=DIRECTION('',(-1.,0.,0.));
#11315=DIRECTION('',(1.,0.,0.));
#11316=DIRECTION('',(0.,0.,-1.));
#11317=DIRECTION('',(0.,-1.,0.));
#11318=DIRECTION('',(0.,0.,-1.));
#11319=DIRECTION('',(0.,-1.,0.));
#11320=DIRECTION('',(0.,0.,-1.));
#11321=DIRECTION('',(0.874619707139396,0.484809620246337,0.));
#11322=DIRECTION('',(-0.484809620246337,0.874619707139396,0.));
#11323=DIRECTION('',(0.484809620246337,-0.874619707139396,0.));
#11324=DIRECTION('',(0.,0.,-1.));
#11325=DIRECTION('',(0.484809620246337,-0.874619707139396,0.));
#11326=DIRECTION('',(0.,1.,0.));
#11327=DIRECTION('',(0.,0.,1.));
#11328=DIRECTION('',(1.,0.,0.));
#11329=DIRECTION('',(0.,0.,-1.));
#11330=DIRECTION('',(1.,0.,0.));
#11331=DIRECTION('',(-0.994521895368273,0.104528463267654,0.));
#11332=DIRECTION('',(-0.104528463267654,-0.994521895368273,0.));
#11333=DIRECTION('',(0.104528463267654,0.994521895368273,0.));
#11334=DIRECTION('',(0.104528463267654,0.994521895368273,0.));
#11335=DIRECTION('',(1.,0.,0.));
#11336=DIRECTION('',(0.,0.,-1.));
#11337=DIRECTION('',(0.,-1.,0.));
#11338=DIRECTION('',(0.,0.,-1.));
#11339=DIRECTION('',(0.,-1.,0.));
#11340=DIRECTION('',(0.,-1.,0.));
#11341=DIRECTION('',(0.,0.,-1.));
#11342=DIRECTION('',(-1.,0.,0.));
#11343=DIRECTION('',(-1.,0.,0.));
#11344=DIRECTION('',(0.,0.,1.));
#11345=DIRECTION('',(1.,0.,0.));
#11346=DIRECTION('',(0.,0.,1.));
#11347=DIRECTION('',(1.,0.,0.));
#11348=DIRECTION('',(1.,0.,0.));
#11349=DIRECTION('',(0.,0.,-1.));
#11350=DIRECTION('',(0.,0.,-1.));
#11351=DIRECTION('',(-1.,0.,0.));
#11352=DIRECTION('',(0.,0.,1.));
#11353=DIRECTION('',(0.,0.,-1.));
#11354=DIRECTION('',(0.,-1.,0.));
#11355=DIRECTION('',(0.,0.,-1.));
#11356=DIRECTION('',(0.,0.,-1.));
#11357=DIRECTION('',(0.,0.,-1.));
#11358=DIRECTION('',(0.,0.,-1.));
#11359=DIRECTION('',(-1.,0.,0.));
#11360=DIRECTION('',(0.,0.,-1.));
#11361=DIRECTION('',(0.,0.,-1.));
#11362=DIRECTION('',(0.,0.,-1.));
#11363=DIRECTION('',(-1.,0.,0.));
#11364=DIRECTION('',(0.,0.,-1.));
#11365=DIRECTION('',(0.,0.,-1.));
#11366=DIRECTION('',(-1.,0.,0.));
#11367=DIRECTION('',(0.,0.,-1.));
#11368=DIRECTION('',(0.,0.,-1.));
#11369=DIRECTION('',(0.,0.,-1.));
#11370=DIRECTION('',(-1.,0.,0.));
#11371=DIRECTION('',(0.,0.,-1.));
#11372=DIRECTION('',(0.,0.,-1.));
#11373=DIRECTION('',(-1.,0.,0.));
#11374=DIRECTION('',(0.,0.,-1.));
#11375=DIRECTION('',(0.,0.,-1.));
#11376=DIRECTION('',(0.,0.,-1.));
#11377=DIRECTION('',(-1.,0.,0.));
#11378=DIRECTION('',(0.,0.,-1.));
#11379=DIRECTION('',(0.,0.,-1.));
#11380=DIRECTION('',(-1.,0.,0.));
#11381=DIRECTION('',(0.,0.,-1.));
#11382=DIRECTION('',(0.,0.,-1.));
#11383=DIRECTION('',(0.,0.,-1.));
#11384=DIRECTION('',(-1.,0.,0.));
#11385=DIRECTION('',(0.,0.,-1.));
#11386=DIRECTION('',(0.,0.,-1.));
#11387=DIRECTION('',(-1.,0.,0.));
#11388=DIRECTION('',(0.,0.,-1.));
#11389=DIRECTION('',(0.,0.,-1.));
#11390=DIRECTION('',(0.,0.,-1.));
#11391=DIRECTION('',(-1.,0.,0.));
#11392=DIRECTION('',(0.,0.,-1.));
#11393=DIRECTION('',(0.,0.,-1.));
#11394=DIRECTION('',(-1.,0.,0.));
#11395=DIRECTION('',(0.,0.,-1.));
#11396=DIRECTION('',(0.,0.,-1.));
#11397=DIRECTION('',(0.,0.,-1.));
#11398=DIRECTION('',(-1.,0.,0.));
#11399=DIRECTION('',(0.,0.,-1.));
#11400=DIRECTION('',(0.,0.,-1.));
#11401=DIRECTION('',(-1.,0.,0.));
#11402=DIRECTION('',(0.,0.,-1.));
#11403=DIRECTION('',(0.,0.,-1.));
#11404=DIRECTION('',(0.,0.,-1.));
#11405=DIRECTION('',(-1.,0.,0.));
#11406=DIRECTION('',(0.,0.,-1.));
#11407=DIRECTION('',(0.,0.,-1.));
#11408=DIRECTION('',(-1.,0.,0.));
#11409=DIRECTION('',(0.,0.,-1.));
#11410=DIRECTION('',(0.,0.,-1.));
#11411=DIRECTION('',(0.,0.,-1.));
#11412=DIRECTION('',(-1.,0.,0.));
#11413=DIRECTION('',(0.,0.,-1.));
#11414=DIRECTION('',(0.,-1.,0.));
#11415=DIRECTION('',(0.,0.,-1.));
#11416=DIRECTION('',(0.,0.,-1.));
#11417=DIRECTION('',(0.,0.,-1.));
#11418=DIRECTION('',(0.,0.,-1.));
#11419=DIRECTION('',(-1.,0.,0.));
#11420=DIRECTION('',(0.,0.,-1.));
#11421=DIRECTION('',(0.,0.,-1.));
#11422=DIRECTION('',(-1.,0.,0.));
#11423=DIRECTION('',(0.,0.,-1.));
#11424=DIRECTION('',(0.,0.,-1.));
#11425=DIRECTION('',(0.,0.,-1.));
#11426=DIRECTION('',(-1.,0.,0.));
#11427=DIRECTION('',(0.,0.,-1.));
#11428=DIRECTION('',(-1.,0.,0.));
#11429=DIRECTION('',(0.,-1.,0.));
#11430=DIRECTION('',(0.,0.,-1.));
#11431=DIRECTION('',(-1.,0.,0.));
#11432=DIRECTION('',(0.,0.,-1.));
#11433=DIRECTION('',(-1.,0.,0.));
#11434=DIRECTION('',(0.,0.,-1.));
#11435=DIRECTION('',(0.,0.,-1.));
#11436=DIRECTION('',(-1.,0.,0.));
#11437=DIRECTION('',(0.,0.,1.));
#11438=DIRECTION('',(1.,0.,0.));
#11439=DIRECTION('',(0.,0.,-1.));
#11440=DIRECTION('',(0.,0.,1.));
#11441=DIRECTION('',(1.,0.,0.));
#11442=DIRECTION('',(0.,1.,0.));
#11443=DIRECTION('',(0.,0.,1.));
#11444=DIRECTION('',(1.,0.,0.));
#11445=DIRECTION('',(0.,0.,-1.));
#11446=DIRECTION('',(1.,0.,0.));
#11447=DIRECTION('',(0.,0.,-1.));
#11448=DIRECTION('',(-1.,0.,0.));
#11449=DIRECTION('',(0.,0.,1.));
#11450=DIRECTION('',(1.,0.,0.));
#11451=DIRECTION('',(0.,0.,-1.));
#11452=DIRECTION('',(0.,0.,1.));
#11453=DIRECTION('',(1.,0.,0.));
#11454=DIRECTION('',(0.,1.,0.));
#11455=DIRECTION('',(0.,0.,1.));
#11456=DIRECTION('',(1.,0.,0.));
#11457=DIRECTION('',(0.,0.,-1.));
#11458=DIRECTION('',(1.,0.,0.));
#11459=DIRECTION('',(0.,0.,-1.));
#11460=DIRECTION('',(-1.,0.,0.));
#11461=DIRECTION('',(0.,0.,1.));
#11462=DIRECTION('',(1.,0.,0.));
#11463=DIRECTION('',(0.,0.,-1.));
#11464=DIRECTION('',(0.,0.,1.));
#11465=DIRECTION('',(1.,0.,0.));
#11466=DIRECTION('',(0.,1.,0.));
#11467=DIRECTION('',(0.,0.,1.));
#11468=DIRECTION('',(1.,0.,0.));
#11469=DIRECTION('',(0.,0.,-1.));
#11470=DIRECTION('',(1.,0.,0.));
#11471=DIRECTION('',(0.,0.,-1.));
#11472=DIRECTION('',(-1.,0.,0.));
#11473=DIRECTION('',(0.,0.,1.));
#11474=DIRECTION('',(1.,0.,0.));
#11475=DIRECTION('',(0.,0.,-1.));
#11476=DIRECTION('',(0.,0.,1.));
#11477=DIRECTION('',(1.,0.,0.));
#11478=DIRECTION('',(0.,1.,0.));
#11479=DIRECTION('',(0.,0.,1.));
#11480=DIRECTION('',(1.,0.,0.));
#11481=DIRECTION('',(0.,0.,-1.));
#11482=DIRECTION('',(1.,0.,0.));
#11483=DIRECTION('',(0.,0.,-1.));
#11484=DIRECTION('',(-1.,0.,0.));
#11485=DIRECTION('',(0.,0.,1.));
#11486=DIRECTION('',(1.,0.,0.));
#11487=DIRECTION('',(0.,0.,-1.));
#11488=DIRECTION('',(0.,0.,1.));
#11489=DIRECTION('',(1.,0.,0.));
#11490=DIRECTION('',(0.,1.,0.));
#11491=DIRECTION('',(0.,0.,1.));
#11492=DIRECTION('',(1.,0.,0.));
#11493=DIRECTION('',(0.,0.,-1.));
#11494=DIRECTION('',(1.,0.,0.));
#11495=DIRECTION('',(0.,0.,-1.));
#11496=DIRECTION('',(-1.,0.,0.));
#11497=DIRECTION('',(0.,0.,1.));
#11498=DIRECTION('',(1.,0.,0.));
#11499=DIRECTION('',(0.,0.,-1.));
#11500=DIRECTION('',(0.,0.,1.));
#11501=DIRECTION('',(1.,0.,0.));
#11502=DIRECTION('',(0.,1.,0.));
#11503=DIRECTION('',(0.,0.,1.));
#11504=DIRECTION('',(1.,0.,0.));
#11505=DIRECTION('',(0.,0.,-1.));
#11506=DIRECTION('',(1.,0.,0.));
#11507=DIRECTION('',(0.,0.,-1.));
#11508=DIRECTION('',(-1.,0.,0.));
#11509=DIRECTION('',(0.,0.,1.));
#11510=DIRECTION('',(1.,0.,0.));
#11511=DIRECTION('',(0.,0.,-1.));
#11512=DIRECTION('',(0.,0.,1.));
#11513=DIRECTION('',(1.,0.,0.));
#11514=DIRECTION('',(0.,1.,0.));
#11515=DIRECTION('',(0.,0.,1.));
#11516=DIRECTION('',(1.,0.,0.));
#11517=DIRECTION('',(0.,0.,-1.));
#11518=DIRECTION('',(1.,0.,0.));
#11519=DIRECTION('',(0.,0.,-1.));
#11520=DIRECTION('',(-1.,0.,0.));
#11521=DIRECTION('',(0.,0.,1.));
#11522=DIRECTION('',(1.,0.,0.));
#11523=DIRECTION('',(0.,0.,-1.));
#11524=DIRECTION('',(0.,0.,1.));
#11525=DIRECTION('',(1.,0.,0.));
#11526=DIRECTION('',(0.,1.,0.));
#11527=DIRECTION('',(0.,0.,1.));
#11528=DIRECTION('',(1.,0.,0.));
#11529=DIRECTION('',(0.,0.,-1.));
#11530=DIRECTION('',(1.,0.,0.));
#11531=DIRECTION('',(0.,0.,-1.));
#11532=DIRECTION('',(-1.,0.,0.));
#11533=DIRECTION('',(0.,0.,1.));
#11534=DIRECTION('',(1.,0.,0.));
#11535=DIRECTION('',(0.,0.,-1.));
#11536=DIRECTION('',(0.,0.,1.));
#11537=DIRECTION('',(1.,0.,0.));
#11538=DIRECTION('',(0.,1.,0.));
#11539=DIRECTION('',(0.,0.,1.));
#11540=DIRECTION('',(1.,0.,0.));
#11541=DIRECTION('',(0.,0.,-1.));
#11542=DIRECTION('',(1.,0.,0.));
#11543=DIRECTION('',(0.,0.,-1.));
#11544=DIRECTION('',(-1.,0.,0.));
#11545=DIRECTION('',(0.,0.,1.));
#11546=DIRECTION('',(1.,0.,0.));
#11547=DIRECTION('',(0.,0.,-1.));
#11548=DIRECTION('',(0.,0.,1.));
#11549=DIRECTION('',(1.,0.,0.));
#11550=DIRECTION('',(0.,-1.,0.));
#11551=DIRECTION('',(0.,0.,-1.));
#11552=DIRECTION('',(-1.,0.,0.));
#11553=DIRECTION('',(0.,0.,-1.));
#11554=DIRECTION('',(-1.,0.,0.));
#11555=DIRECTION('',(0.,0.,-1.));
#11556=DIRECTION('',(-1.,0.,0.));
#11557=DIRECTION('',(0.,0.,1.));
#11558=DIRECTION('',(1.,0.,0.));
#11559=DIRECTION('',(0.,0.,-1.));
#11560=DIRECTION('',(0.,0.,1.));
#11561=DIRECTION('',(1.,0.,0.));
#11562=DIRECTION('',(0.,-1.,0.));
#11563=DIRECTION('',(0.,0.,-1.));
#11564=DIRECTION('',(-1.,0.,0.));
#11565=DIRECTION('',(0.,0.,-1.));
#11566=DIRECTION('',(-1.,0.,0.));
#11567=DIRECTION('',(0.,0.,-1.));
#11568=DIRECTION('',(-1.,0.,0.));
#11569=DIRECTION('',(0.,0.,1.));
#11570=DIRECTION('',(1.,0.,0.));
#11571=DIRECTION('',(0.,0.,-1.));
#11572=DIRECTION('',(0.,0.,1.));
#11573=DIRECTION('',(1.,0.,0.));
#11574=DIRECTION('',(0.,-1.,0.));
#11575=DIRECTION('',(0.,0.,-1.));
#11576=DIRECTION('',(-1.,0.,0.));
#11577=DIRECTION('',(0.,0.,-1.));
#11578=DIRECTION('',(-1.,0.,0.));
#11579=DIRECTION('',(0.,0.,-1.));
#11580=DIRECTION('',(-1.,0.,0.));
#11581=DIRECTION('',(0.,0.,1.));
#11582=DIRECTION('',(1.,0.,0.));
#11583=DIRECTION('',(0.,0.,-1.));
#11584=DIRECTION('',(0.,0.,1.));
#11585=DIRECTION('',(1.,0.,0.));
#11586=DIRECTION('',(0.,-1.,0.));
#11587=DIRECTION('',(0.,0.,-1.));
#11588=DIRECTION('',(-1.,0.,0.));
#11589=DIRECTION('',(0.,0.,-1.));
#11590=DIRECTION('',(-1.,0.,0.));
#11591=DIRECTION('',(0.,0.,-1.));
#11592=DIRECTION('',(-1.,0.,0.));
#11593=DIRECTION('',(0.,0.,1.));
#11594=DIRECTION('',(1.,0.,0.));
#11595=DIRECTION('',(0.,0.,-1.));
#11596=DIRECTION('',(0.,0.,1.));
#11597=DIRECTION('',(1.,0.,0.));
#11598=DIRECTION('',(0.,-1.,0.));
#11599=DIRECTION('',(0.,0.,-1.));
#11600=DIRECTION('',(-1.,0.,0.));
#11601=DIRECTION('',(0.,0.,-1.));
#11602=DIRECTION('',(-1.,0.,0.));
#11603=DIRECTION('',(0.,0.,-1.));
#11604=DIRECTION('',(-1.,0.,0.));
#11605=DIRECTION('',(0.,0.,1.));
#11606=DIRECTION('',(1.,0.,0.));
#11607=DIRECTION('',(0.,0.,-1.));
#11608=DIRECTION('',(0.,0.,1.));
#11609=DIRECTION('',(1.,0.,0.));
#11610=DIRECTION('',(0.,-1.,0.));
#11611=DIRECTION('',(0.,0.,-1.));
#11612=DIRECTION('',(-1.,0.,0.));
#11613=DIRECTION('',(0.,0.,-1.));
#11614=DIRECTION('',(-1.,0.,0.));
#11615=DIRECTION('',(0.,0.,-1.));
#11616=DIRECTION('',(-1.,0.,0.));
#11617=DIRECTION('',(0.,0.,1.));
#11618=DIRECTION('',(1.,0.,0.));
#11619=DIRECTION('',(0.,0.,-1.));
#11620=DIRECTION('',(0.,0.,1.));
#11621=DIRECTION('',(1.,0.,0.));
#11622=DIRECTION('',(0.,-1.,0.));
#11623=DIRECTION('',(0.,0.,-1.));
#11624=DIRECTION('',(-1.,0.,0.));
#11625=DIRECTION('',(0.,0.,-1.));
#11626=DIRECTION('',(-1.,0.,0.));
#11627=DIRECTION('',(0.,0.,-1.));
#11628=DIRECTION('',(-1.,0.,0.));
#11629=DIRECTION('',(0.,0.,1.));
#11630=DIRECTION('',(1.,0.,0.));
#11631=DIRECTION('',(0.,0.,-1.));
#11632=DIRECTION('',(0.,0.,1.));
#11633=DIRECTION('',(1.,0.,0.));
#11634=DIRECTION('',(0.,-1.,0.));
#11635=DIRECTION('',(0.,0.,-1.));
#11636=DIRECTION('',(-1.,0.,0.));
#11637=DIRECTION('',(0.,0.,-1.));
#11638=DIRECTION('',(-1.,0.,0.));
#11639=DIRECTION('',(0.,0.,-1.));
#11640=DIRECTION('',(-1.,0.,0.));
#11641=DIRECTION('',(0.,0.,1.));
#11642=DIRECTION('',(1.,0.,0.));
#11643=DIRECTION('',(0.,0.,1.));
#11644=DIRECTION('',(1.,0.,0.));
#11645=DIRECTION('',(0.,0.,1.));
#11646=DIRECTION('',(1.,0.,0.));
#11647=DIRECTION('',(0.,0.,1.));
#11648=DIRECTION('',(1.,0.,0.));
#11649=DIRECTION('',(-1.,0.,0.));
#11650=DIRECTION('',(0.,0.,1.));
#11651=DIRECTION('',(-0.866025403784351,0.500000000000152,0.));
#11652=DIRECTION('',(-0.500000000000152,-0.866025403784351,0.));
#11653=DIRECTION('',(-0.500000000000152,-0.866025403784351,0.));
#11654=DIRECTION('',(0.,0.,1.));
#11655=DIRECTION('',(-0.500000000000152,-0.866025403784351,0.));
#11656=DIRECTION('',(0.,0.,1.));
#11657=DIRECTION('',(-1.,-5.90771977806888E-14,0.));
#11658=DIRECTION('',(5.90771977806888E-14,-1.,0.));
#11659=DIRECTION('',(5.90771977806887E-14,-1.,0.));
#11660=DIRECTION('',(5.90771977806887E-14,-1.,0.));
#11661=DIRECTION('',(0.,0.,1.));
#11662=DIRECTION('',(5.6654913638212E-14,-1.,0.));
#11663=DIRECTION('',(1.,5.6654913638212E-14,0.));
#11664=DIRECTION('',(1.,5.6654913638212E-14,0.));
#11665=DIRECTION('',(1.,5.6654913638212E-14,0.));
#11666=DIRECTION('',(0.,0.,1.));
#11667=DIRECTION('',(-1.,3.5571007421235E-17,0.));
#11668=DIRECTION('',(-3.5571007421235E-17,-1.,0.));
#11669=DIRECTION('',(-3.5571007421235E-17,-1.,0.));
#11670=DIRECTION('',(-3.5571007421235E-17,-1.,0.));
#11671=DIRECTION('',(0.,0.,1.));
#11672=DIRECTION('',(0.,-1.,0.));
#11673=DIRECTION('',(0.,0.,-1.));
#11674=DIRECTION('',(1.,0.,0.));
#11675=DIRECTION('',(1.,0.,0.));
#11676=DIRECTION('',(0.,0.,1.));
#11677=DIRECTION('',(1.,7.58575648240702E-14,0.));
#11678=DIRECTION('',(-7.58575648240702E-14,1.,0.));
#11679=DIRECTION('',(-7.58575648240702E-14,1.,0.));
#11680=DIRECTION('',(-7.58575648240702E-14,1.,0.));
#11681=DIRECTION('',(0.,0.,1.));
#11682=DIRECTION('',(0.,-1.,0.));
#11683=DIRECTION('',(0.,0.,-1.));
#11684=DIRECTION('',(1.,0.,0.));
#11685=DIRECTION('',(1.,0.,0.));
#11686=DIRECTION('',(0.,0.,1.));
#11687=DIRECTION('',(-1.,0.,0.));
#11688=DIRECTION('',(0.,0.,1.));
#11689=DIRECTION('',(0.,-1.,0.));
#11690=DIRECTION('',(0.,-1.,0.));
#11691=DIRECTION('',(0.,0.,1.));
#11692=DIRECTION('',(0.,-1.,0.));
#11693=DIRECTION('',(0.,0.,-1.));
#11694=DIRECTION('',(1.,0.,0.));
#11695=DIRECTION('',(1.,0.,0.));
#11696=DIRECTION('',(0.,0.,1.));
#11697=DIRECTION('',(1.,7.58575648240702E-14,0.));
#11698=DIRECTION('',(-7.58575648240702E-14,1.,0.));
#11699=DIRECTION('',(-7.58575648240702E-14,1.,0.));
#11700=DIRECTION('',(-7.58575648240702E-14,1.,0.));
#11701=DIRECTION('',(0.,0.,1.));
#11702=DIRECTION('',(0.,-1.,0.));
#11703=DIRECTION('',(0.,0.,-1.));
#11704=DIRECTION('',(1.,0.,0.));
#11705=DIRECTION('',(1.,0.,0.));
#11706=DIRECTION('',(0.,0.,1.));
#11707=DIRECTION('',(-1.,0.,0.));
#11708=DIRECTION('',(0.,0.,1.));
#11709=DIRECTION('',(0.,-1.,0.));
#11710=DIRECTION('',(0.,-1.,0.));
#11711=DIRECTION('',(0.,0.,1.));
#11712=DIRECTION('',(0.,-1.,0.));
#11713=DIRECTION('',(0.,0.,-1.));
#11714=DIRECTION('',(1.,0.,0.));
#11715=DIRECTION('',(1.,0.,0.));
#11716=DIRECTION('',(0.,0.,1.));
#11717=DIRECTION('',(1.,7.56136498246359E-14,0.));
#11718=DIRECTION('',(-7.56136498246359E-14,1.,0.));
#11719=DIRECTION('',(-7.56136498246359E-14,1.,0.));
#11720=DIRECTION('',(-7.56136498246359E-14,1.,0.));
#11721=DIRECTION('',(0.,0.,1.));
#11722=DIRECTION('',(0.,-1.,0.));
#11723=DIRECTION('',(0.,0.,-1.));
#11724=DIRECTION('',(1.,0.,0.));
#11725=DIRECTION('',(1.,0.,0.));
#11726=DIRECTION('',(0.,0.,1.));
#11727=DIRECTION('',(-1.,0.,0.));
#11728=DIRECTION('',(0.,0.,1.));
#11729=DIRECTION('',(0.,-1.,0.));
#11730=DIRECTION('',(0.,-1.,0.));
#11731=DIRECTION('',(0.,0.,1.));
#11732=DIRECTION('',(0.,-1.,0.));
#11733=DIRECTION('',(0.,0.,-1.));
#11734=DIRECTION('',(1.,0.,0.));
#11735=DIRECTION('',(1.,0.,0.));
#11736=DIRECTION('',(0.,0.,1.));
#11737=DIRECTION('',(1.,7.51258198257673E-14,0.));
#11738=DIRECTION('',(-7.51258198257673E-14,1.,0.));
#11739=DIRECTION('',(-7.51258198257672E-14,1.,0.));
#11740=DIRECTION('',(-7.51258198257672E-14,1.,0.));
#11741=DIRECTION('',(0.,0.,1.));
#11742=DIRECTION('',(0.,-1.,0.));
#11743=DIRECTION('',(0.,0.,-1.));
#11744=DIRECTION('',(1.,0.,0.));
#11745=DIRECTION('',(1.,0.,0.));
#11746=DIRECTION('',(0.,0.,1.));
#11747=DIRECTION('',(-1.,0.,0.));
#11748=DIRECTION('',(0.,0.,1.));
#11749=DIRECTION('',(0.,-1.,0.));
#11750=DIRECTION('',(0.,-1.,0.));
#11751=DIRECTION('',(0.,0.,1.));
#11752=DIRECTION('',(0.,-1.,0.));
#11753=DIRECTION('',(0.,0.,-1.));
#11754=DIRECTION('',(1.,0.,0.));
#11755=DIRECTION('',(1.,0.,0.));
#11756=DIRECTION('',(0.,0.,1.));
#11757=DIRECTION('',(1.,6.65889258925519E-14,0.));
#11758=DIRECTION('',(-6.65889258925519E-14,1.,0.));
#11759=DIRECTION('',(-6.65889258925519E-14,1.,0.));
#11760=DIRECTION('',(-6.65889258925519E-14,1.,0.));
#11761=DIRECTION('',(0.,0.,1.));
#11762=DIRECTION('',(-1.17242040460414E-13,1.,0.));
#11763=DIRECTION('',(-1.,-1.17242040460414E-13,0.));
#11764=DIRECTION('',(-1.,-1.17242040460414E-13,0.));
#11765=DIRECTION('',(-1.,-1.17242040460414E-13,0.));
#11766=DIRECTION('',(0.,0.,1.));
#11767=DIRECTION('',(1.,1.18408127262653E-13,0.));
#11768=DIRECTION('',(-1.18408127262653E-13,1.,0.));
#11769=DIRECTION('',(-1.18408127262653E-13,1.,0.));
#11770=DIRECTION('',(-1.18408127262653E-13,1.,0.));
#11771=DIRECTION('',(0.,0.,1.));
#11772=DIRECTION('',(0.86602540378477,0.499999999999427,0.));
#11773=DIRECTION('',(-0.499999999999427,0.86602540378477,0.));
#11774=DIRECTION('',(-0.499999999999427,0.86602540378477,0.));
#11775=DIRECTION('',(-0.499999999999427,0.86602540378477,0.));
#11776=DIRECTION('',(0.,0.,1.));
#11777=DIRECTION('',(-0.707106781186297,0.707106781186798,0.));
#11778=DIRECTION('',(-0.707106781186798,-0.707106781186297,0.));
#11779=DIRECTION('',(-0.707106781186798,-0.707106781186297,0.));
#11780=DIRECTION('',(-0.707106781186798,-0.707106781186297,0.));
#11781=DIRECTION('',(0.,0.,1.));
#11782=DIRECTION('',(-1.,-5.48057003231172E-14,0.));
#11783=DIRECTION('',(5.48057003231172E-14,-1.,0.));
#11784=DIRECTION('',(5.48057003231172E-14,-1.,0.));
#11785=DIRECTION('',(5.48057003231172E-14,-1.,0.));
#11786=DIRECTION('',(0.,0.,1.));
#11787=DIRECTION('',(0.,0.,1.));
#11788=DIRECTION('',(1.,0.,0.));
#11789=DIRECTION('',(0.,0.,1.));
#11790=DIRECTION('',(1.,0.,0.));
#11791=DIRECTION('',(0.,0.,1.));
#11792=DIRECTION('',(1.,0.,0.));
#11793=DIRECTION('',(0.,0.,1.));
#11794=DIRECTION('',(1.,1.10454565266589E-13,0.));
#11795=DIRECTION('',(-1.10454565266589E-13,1.,0.));
#11796=DIRECTION('',(-1.10454565266589E-13,1.,0.));
#11797=DIRECTION('',(-1.10454565266589E-13,1.,0.));
#11798=DIRECTION('',(0.,0.,1.));
#11799=DIRECTION('',(0.707106781186783,0.707106781186312,0.));
#11800=DIRECTION('',(-0.707106781186312,0.707106781186783,0.));
#11801=DIRECTION('',(-0.707106781186312,0.707106781186783,0.));
#11802=DIRECTION('',(-0.707106781186312,0.707106781186783,0.));
#11803=DIRECTION('',(0.,0.,1.));
#11804=DIRECTION('',(-0.866025403784351,0.500000000000151,0.));
#11805=DIRECTION('',(-0.500000000000151,-0.866025403784351,0.));
#11806=DIRECTION('',(-0.500000000000151,-0.866025403784351,0.));
#11807=DIRECTION('',(-0.500000000000151,-0.866025403784351,0.));
#11808=DIRECTION('',(0.,0.,1.));
#11809=DIRECTION('',(-1.,-5.88657546962911E-14,0.));
#11810=DIRECTION('',(5.88657546962911E-14,-1.,0.));
#11811=DIRECTION('',(5.88657546962911E-14,-1.,0.));
#11812=DIRECTION('',(5.88657546962911E-14,-1.,0.));
#11813=DIRECTION('',(0.,0.,1.));
#11814=DIRECTION('',(5.66549136382119E-14,-1.,0.));
#11815=DIRECTION('',(1.,5.66549136382119E-14,0.));
#11816=DIRECTION('',(1.,5.66549136382119E-14,0.));
#11817=DIRECTION('',(1.,5.66549136382119E-14,0.));
#11818=DIRECTION('',(0.,0.,1.));
#11819=DIRECTION('',(-1.,0.,0.));
#11820=DIRECTION('',(0.,0.,1.));
#11821=DIRECTION('',(0.,-1.,0.));
#11822=DIRECTION('',(0.,-1.,0.));
#11823=DIRECTION('',(0.,0.,1.));
#11824=DIRECTION('',(0.,1.,0.));
#11825=DIRECTION('',(0.,0.,1.));
#11826=DIRECTION('',(-1.,0.,0.));
#11827=DIRECTION('',(-1.,0.,0.));
#11828=DIRECTION('',(0.,0.,1.));
#11829=DIRECTION('',(1.,7.00040181413047E-14,0.));
#11830=DIRECTION('',(-7.00040181413047E-14,1.,0.));
#11831=DIRECTION('',(-7.00040181413047E-14,1.,0.));
#11832=DIRECTION('',(-7.00040181413047E-14,1.,0.));
#11833=DIRECTION('',(0.,0.,1.));
#11834=DIRECTION('',(-1.17242040460414E-13,1.,0.));
#11835=DIRECTION('',(-1.,-1.17242040460414E-13,0.));
#11836=DIRECTION('',(-1.,-1.17242040460414E-13,0.));
#11837=DIRECTION('',(-1.,-1.17242040460414E-13,0.));
#11838=DIRECTION('',(0.,0.,1.));
#11839=DIRECTION('',(1.,1.17731509392581E-13,0.));
#11840=DIRECTION('',(-1.17731509392581E-13,1.,0.));
#11841=DIRECTION('',(-1.17731509392581E-13,1.,0.));
#11842=DIRECTION('',(-1.17731509392581E-13,1.,0.));
#11843=DIRECTION('',(0.,0.,1.));
#11844=DIRECTION('',(0.866025403784767,0.499999999999432,0.));
#11845=DIRECTION('',(-0.499999999999432,0.866025403784767,0.));
#11846=DIRECTION('',(-0.499999999999432,0.866025403784766,0.));
#11847=DIRECTION('',(-0.499999999999432,0.866025403784766,0.));
#11848=DIRECTION('',(0.,0.,1.));
#11849=DIRECTION('',(-0.707106781186296,0.707106781186799,0.));
#11850=DIRECTION('',(-0.707106781186799,-0.707106781186296,0.));
#11851=DIRECTION('',(-0.707106781186799,-0.707106781186296,0.));
#11852=DIRECTION('',(-0.707106781186799,-0.707106781186296,0.));
#11853=DIRECTION('',(0.,0.,1.));
#11854=DIRECTION('',(-1.,-5.60704472536507E-14,0.));
#11855=DIRECTION('',(5.60704472536507E-14,-1.,0.));
#11856=DIRECTION('',(5.60704472536507E-14,-1.,0.));
#11857=DIRECTION('',(5.60704472536507E-14,-1.,0.));
#11858=DIRECTION('',(0.,0.,1.));
#11859=DIRECTION('',(0.,0.,1.));
#11860=DIRECTION('',(1.,0.,0.));
#11861=DIRECTION('',(0.,0.,1.));
#11862=DIRECTION('',(1.,0.,0.));
#11863=DIRECTION('',(0.,0.,1.));
#11864=DIRECTION('',(1.,0.,0.));
#11865=DIRECTION('',(0.,0.,1.));
#11866=DIRECTION('',(1.,1.09611400646233E-13,0.));
#11867=DIRECTION('',(-1.09611400646233E-13,1.,0.));
#11868=DIRECTION('',(-1.09611400646233E-13,1.,0.));
#11869=DIRECTION('',(-1.09611400646233E-13,1.,0.));
#11870=DIRECTION('',(0.,0.,1.));
#11871=DIRECTION('',(0.707106781186785,0.70710678118631,0.));
#11872=DIRECTION('',(-0.70710678118631,0.707106781186785,0.));
#11873=DIRECTION('',(-0.70710678118631,0.707106781186785,0.));
#11874=DIRECTION('',(-0.70710678118631,0.707106781186785,0.));
#11875=DIRECTION('',(0.,0.,1.));
#11876=DIRECTION('',(-0.866025403784349,0.500000000000155,0.));
#11877=DIRECTION('',(-0.500000000000155,-0.866025403784349,0.));
#11878=DIRECTION('',(-0.500000000000155,-0.866025403784349,0.));
#11879=DIRECTION('',(-0.500000000000155,-0.866025403784349,0.));
#11880=DIRECTION('',(0.,0.,1.));
#11881=DIRECTION('',(-1.,-5.92040636313273E-14,0.));
#11882=DIRECTION('',(5.92040636313273E-14,-1.,0.));
#11883=DIRECTION('',(5.92040636313273E-14,-1.,0.));
#11884=DIRECTION('',(5.92040636313273E-14,-1.,0.));
#11885=DIRECTION('',(0.,0.,1.));
#11886=DIRECTION('',(5.6654913638212E-14,-1.,0.));
#11887=DIRECTION('',(1.,5.6654913638212E-14,0.));
#11888=DIRECTION('',(1.,5.6654913638212E-14,0.));
#11889=DIRECTION('',(1.,5.6654913638212E-14,0.));
#11890=DIRECTION('',(0.,0.,1.));
#11891=DIRECTION('',(-1.,0.,0.));
#11892=DIRECTION('',(0.,0.,1.));
#11893=DIRECTION('',(0.,-1.,0.));
#11894=DIRECTION('',(0.,-1.,0.));
#11895=DIRECTION('',(0.,0.,1.));
#11896=DIRECTION('',(0.,1.,0.));
#11897=DIRECTION('',(0.,0.,1.));
#11898=DIRECTION('',(-1.,0.,0.));
#11899=DIRECTION('',(-1.,0.,0.));
#11900=DIRECTION('',(0.,0.,1.));
#11901=DIRECTION('',(1.,6.82966030646875E-14,0.));
#11902=DIRECTION('',(-6.82966030646875E-14,1.,0.));
#11903=DIRECTION('',(-6.82966030646875E-14,1.,0.));
#11904=DIRECTION('',(-6.82966030646875E-14,1.,0.));
#11905=DIRECTION('',(0.,0.,1.));
#11906=DIRECTION('',(-1.17242040460414E-13,1.,0.));
#11907=DIRECTION('',(-1.,-1.17242040460414E-13,0.));
#11908=DIRECTION('',(-1.,-1.17242040460414E-13,0.));
#11909=DIRECTION('',(-1.,-1.17242040460414E-13,0.));
#11910=DIRECTION('',(0.,0.,1.));
#11911=DIRECTION('',(1.,1.18069818327617E-13,0.));
#11912=DIRECTION('',(-1.18069818327617E-13,1.,0.));
#11913=DIRECTION('',(-1.18069818327617E-13,1.,0.));
#11914=DIRECTION('',(-1.18069818327617E-13,1.,0.));
#11915=DIRECTION('',(0.,0.,1.));
#11916=DIRECTION('',(0.866025403784767,0.499999999999432,0.));
#11917=DIRECTION('',(-0.499999999999432,0.866025403784767,0.));
#11918=DIRECTION('',(-0.499999999999432,0.866025403784766,0.));
#11919=DIRECTION('',(-0.499999999999432,0.866025403784766,0.));
#11920=DIRECTION('',(0.,0.,1.));
#11921=DIRECTION('',(-0.707106781186297,0.707106781186798,0.));
#11922=DIRECTION('',(-0.707106781186798,-0.707106781186297,0.));
#11923=DIRECTION('',(-0.707106781186798,-0.707106781186297,0.));
#11924=DIRECTION('',(-0.707106781186798,-0.707106781186297,0.));
#11925=DIRECTION('',(0.,0.,1.));
#11926=DIRECTION('',(-1.,-5.56488649434729E-14,0.));
#11927=DIRECTION('',(5.56488649434729E-14,-1.,0.));
#11928=DIRECTION('',(5.56488649434729E-14,-1.,0.));
#11929=DIRECTION('',(5.56488649434729E-14,-1.,0.));
#11930=DIRECTION('',(0.,0.,1.));
#11931=DIRECTION('',(0.,0.,1.));
#11932=DIRECTION('',(1.,0.,0.));
#11933=DIRECTION('',(0.,0.,1.));
#11934=DIRECTION('',(1.,0.,0.));
#11935=DIRECTION('',(0.,0.,1.));
#11936=DIRECTION('',(1.,0.,0.));
#11937=DIRECTION('',(0.,0.,1.));
#11938=DIRECTION('',(1.,1.10032982956411E-13,0.));
#11939=DIRECTION('',(-1.10032982956411E-13,1.,0.));
#11940=DIRECTION('',(-1.10032982956411E-13,1.,0.));
#11941=DIRECTION('',(-1.10032982956411E-13,1.,0.));
#11942=DIRECTION('',(0.,0.,1.));
#11943=DIRECTION('',(0.707106781186784,0.707106781186311,0.));
#11944=DIRECTION('',(-0.707106781186311,0.707106781186784,0.));
#11945=DIRECTION('',(-0.707106781186311,0.707106781186784,0.));
#11946=DIRECTION('',(-0.707106781186311,0.707106781186784,0.));
#11947=DIRECTION('',(0.,0.,1.));
#11948=DIRECTION('',(-0.86602540378435,0.500000000000154,0.));
#11949=DIRECTION('',(-0.500000000000154,-0.86602540378435,0.));
#11950=DIRECTION('',(-0.500000000000154,-0.86602540378435,0.));
#11951=DIRECTION('',(-0.500000000000154,-0.86602540378435,0.));
#11952=DIRECTION('',(0.,0.,1.));
#11953=DIRECTION('',(-1.,-5.91194863975683E-14,0.));
#11954=DIRECTION('',(5.91194863975683E-14,-1.,0.));
#11955=DIRECTION('',(5.91194863975683E-14,-1.,0.));
#11956=DIRECTION('',(5.91194863975683E-14,-1.,0.));
#11957=DIRECTION('',(0.,0.,1.));
#11958=DIRECTION('',(5.6654913638212E-14,-1.,0.));
#11959=DIRECTION('',(1.,5.6654913638212E-14,0.));
#11960=DIRECTION('',(1.,5.6654913638212E-14,0.));
#11961=DIRECTION('',(1.,5.6654913638212E-14,0.));
#11962=DIRECTION('',(0.,0.,1.));
#11963=DIRECTION('',(-1.,0.,0.));
#11964=DIRECTION('',(0.,0.,1.));
#11965=DIRECTION('',(0.,-1.,0.));
#11966=DIRECTION('',(0.,-1.,0.));
#11967=DIRECTION('',(0.,0.,1.));
#11968=DIRECTION('',(0.,1.,0.));
#11969=DIRECTION('',(0.,0.,1.));
#11970=DIRECTION('',(-1.,0.,0.));
#11971=DIRECTION('',(-1.,0.,0.));
#11972=DIRECTION('',(0.,0.,1.));
#11973=DIRECTION('',(1.,6.78697492955332E-14,0.));
#11974=DIRECTION('',(-6.78697492955332E-14,1.,0.));
#11975=DIRECTION('',(-6.78697492955332E-14,1.,0.));
#11976=DIRECTION('',(-6.78697492955332E-14,1.,0.));
#11977=DIRECTION('',(0.,0.,1.));
#11978=DIRECTION('',(-1.17242040460414E-13,1.,0.));
#11979=DIRECTION('',(-1.,-1.17242040460414E-13,0.));
#11980=DIRECTION('',(-1.,-1.17242040460414E-13,0.));
#11981=DIRECTION('',(-1.,-1.17242040460414E-13,0.));
#11982=DIRECTION('',(0.,0.,1.));
#11983=DIRECTION('',(1.,1.17900663860099E-13,0.));
#11984=DIRECTION('',(-1.17900663860099E-13,1.,0.));
#11985=DIRECTION('',(-1.17900663860099E-13,1.,0.));
#11986=DIRECTION('',(-1.17900663860099E-13,1.,0.));
#11987=DIRECTION('',(0.,0.,1.));
#11988=DIRECTION('',(0.866025403784767,0.499999999999432,0.));
#11989=DIRECTION('',(-0.499999999999432,0.866025403784767,0.));
#11990=DIRECTION('',(-0.499999999999432,0.866025403784766,0.));
#11991=DIRECTION('',(-0.499999999999432,0.866025403784766,0.));
#11992=DIRECTION('',(0.,0.,1.));
#11993=DIRECTION('',(-0.707106781186296,0.707106781186799,0.));
#11994=DIRECTION('',(-0.707106781186799,-0.707106781186296,0.));
#11995=DIRECTION('',(-0.707106781186799,-0.707106781186296,0.));
#11996=DIRECTION('',(-0.707106781186799,-0.707106781186296,0.));
#11997=DIRECTION('',(0.,0.,1.));
#11998=DIRECTION('',(-1.,-5.5438073788384E-14,0.));
#11999=DIRECTION('',(5.5438073788384E-14,-1.,0.));
#12000=DIRECTION('',(5.5438073788384E-14,-1.,0.));
#12001=DIRECTION('',(5.5438073788384E-14,-1.,0.));
#12002=DIRECTION('',(0.,0.,1.));
#12003=DIRECTION('',(0.,0.,1.));
#12004=DIRECTION('',(1.,0.,0.));
#12005=DIRECTION('',(0.,0.,1.));
#12006=DIRECTION('',(1.,0.,0.));
#12007=DIRECTION('',(0.,0.,1.));
#12008=DIRECTION('',(1.,0.,0.));
#12009=DIRECTION('',(0.,0.,1.));
#12010=DIRECTION('',(1.,1.10032982956411E-13,0.));
#12011=DIRECTION('',(-1.10032982956411E-13,1.,0.));
#12012=DIRECTION('',(-1.10032982956411E-13,1.,0.));
#12013=DIRECTION('',(-1.10032982956411E-13,1.,0.));
#12014=DIRECTION('',(0.,0.,1.));
#12015=DIRECTION('',(0.707106781186784,0.707106781186311,0.));
#12016=DIRECTION('',(-0.707106781186311,0.707106781186784,0.));
#12017=DIRECTION('',(-0.707106781186311,0.707106781186784,0.));
#12018=DIRECTION('',(-0.707106781186311,0.707106781186784,0.));
#12019=DIRECTION('',(0.,0.,1.));
#12020=DIRECTION('',(-0.866025403784351,0.500000000000152,0.));
#12021=DIRECTION('',(-0.500000000000152,-0.866025403784351,0.));
#12022=DIRECTION('',(-0.500000000000152,-0.866025403784351,0.));
#12023=DIRECTION('',(-0.500000000000152,-0.866025403784351,0.));
#12024=DIRECTION('',(0.,0.,1.));
#12025=DIRECTION('',(-1.,-5.90771977806888E-14,0.));
#12026=DIRECTION('',(5.90771977806888E-14,-1.,0.));
#12027=DIRECTION('',(5.90771977806887E-14,-1.,0.));
#12028=DIRECTION('',(5.90771977806887E-14,-1.,0.));
#12029=DIRECTION('',(0.,0.,1.));
#12030=DIRECTION('',(5.6654913638212E-14,-1.,0.));
#12031=DIRECTION('',(1.,5.6654913638212E-14,0.));
#12032=DIRECTION('',(1.,5.6654913638212E-14,0.));
#12033=DIRECTION('',(1.,5.6654913638212E-14,0.));
#12034=DIRECTION('',(0.,0.,1.));
#12035=DIRECTION('',(-1.,0.,0.));
#12036=DIRECTION('',(0.,0.,1.));
#12037=DIRECTION('',(0.,-1.,0.));
#12038=DIRECTION('',(0.,-1.,0.));
#12039=DIRECTION('',(0.,0.,1.));
#12040=DIRECTION('',(0.,1.,0.));
#12041=DIRECTION('',(0.,0.,1.));
#12042=DIRECTION('',(-1.,0.,0.));
#12043=DIRECTION('',(-1.,0.,0.));
#12044=DIRECTION('',(0.,0.,1.));
#12045=DIRECTION('',(1.,6.80831761801104E-14,0.));
#12046=DIRECTION('',(-6.80831761801104E-14,1.,0.));
#12047=DIRECTION('',(-6.80831761801104E-14,1.,0.));
#12048=DIRECTION('',(-6.80831761801104E-14,1.,0.));
#12049=DIRECTION('',(0.,0.,1.));
#12050=DIRECTION('',(-1.17242040460414E-13,1.,0.));
#12051=DIRECTION('',(-1.,-1.17242040460414E-13,0.));
#12052=DIRECTION('',(-1.,-1.17242040460414E-13,0.));
#12053=DIRECTION('',(-1.,-1.17242040460414E-13,0.));
#12054=DIRECTION('',(0.,0.,1.));
#12055=DIRECTION('',(1.,1.17997000573336E-13,0.));
#12056=DIRECTION('',(-1.17997000573336E-13,1.,0.));
#12057=DIRECTION('',(-1.17997000573335E-13,1.,0.));
#12058=DIRECTION('',(-1.17997000573335E-13,1.,0.));
#12059=DIRECTION('',(0.,0.,1.));
#12060=DIRECTION('',(0.866025403784767,0.499999999999432,0.));
#12061=DIRECTION('',(-0.499999999999432,0.866025403784767,0.));
#12062=DIRECTION('',(-0.499999999999432,0.866025403784767,0.));
#12063=DIRECTION('',(-0.499999999999432,0.866025403784767,0.));
#12064=DIRECTION('',(0.,0.,1.));
#12065=DIRECTION('',(-0.707106781186297,0.707106781186798,0.));
#12066=DIRECTION('',(-0.707106781186798,-0.707106781186297,0.));
#12067=DIRECTION('',(-0.707106781186798,-0.707106781186297,0.));
#12068=DIRECTION('',(-0.707106781186798,-0.707106781186297,0.));
#12069=DIRECTION('',(0.,0.,1.));
#12070=DIRECTION('',(-1.,-5.53326782108395E-14,0.));
#12071=DIRECTION('',(5.53326782108395E-14,-1.,0.));
#12072=DIRECTION('',(5.53326782108395E-14,-1.,0.));
#12073=DIRECTION('',(5.53326782108395E-14,-1.,0.));
#12074=DIRECTION('',(0.,0.,1.));
#12075=DIRECTION('',(0.,0.,1.));
#12076=DIRECTION('',(1.,0.,0.));
#12077=DIRECTION('',(0.,0.,1.));
#12078=DIRECTION('',(1.,0.,0.));
#12079=DIRECTION('',(0.,0.,1.));
#12080=DIRECTION('',(1.,0.,0.));
#12081=DIRECTION('',(0.,0.,1.));
#12082=DIRECTION('',(1.,1.09874889590094E-13,0.));
#12083=DIRECTION('',(-1.09874889590094E-13,1.,0.));
#12084=DIRECTION('',(-1.09874889590094E-13,1.,0.));
#12085=DIRECTION('',(-1.09874889590094E-13,1.,0.));
#12086=DIRECTION('',(0.,0.,1.));
#12087=DIRECTION('',(0.707106781186783,0.707106781186312,0.));
#12088=DIRECTION('',(-0.707106781186312,0.707106781186783,0.));
#12089=DIRECTION('',(-0.707106781186312,0.707106781186783,0.));
#12090=DIRECTION('',(-0.707106781186312,0.707106781186783,0.));
#12091=DIRECTION('',(0.,0.,1.));
#12092=DIRECTION('',(1.,0.,0.));
#12093=DIRECTION('',(0.,0.,1.));
#12094=DIRECTION('',(1.,0.,0.));
#12095=DIRECTION('',(1.,0.,0.));
#12096=DIRECTION('',(0.,0.,-1.));
#12097=DIRECTION('',(-1.,0.,0.));
#12098=DIRECTION('',(0.,0.,1.));
#12099=CARTESIAN_POINT('',(0.,0.,0.));
#12100=CARTESIAN_POINT('',(-0.0375,0.125,0.1));
#12101=CARTESIAN_POINT('',(0.014415,0.04638,0.1));
#12102=CARTESIAN_POINT('',(0.014415,0.04638,0.1));
#12103=CARTESIAN_POINT('',(-0.019375,0.04638,0.1));
#12104=CARTESIAN_POINT('',(0.014415,0.06002,0.1));
#12105=CARTESIAN_POINT('',(0.014415,0.06002,0.1));
#12106=CARTESIAN_POINT('',(-0.019375,0.06002,0.1));
#12107=CARTESIAN_POINT('',(-0.019375,0.06002,0.1));
#12108=CARTESIAN_POINT('',(-0.019375,0.08358,0.1));
#12109=CARTESIAN_POINT('',(-0.019375,0.08358,0.1));
#12110=CARTESIAN_POINT('',(0.019375,0.08358,0.1));
#12111=CARTESIAN_POINT('',(0.019375,0.08358,0.1));
#12112=CARTESIAN_POINT('',(0.019375,0.07862,0.1));
#12113=CARTESIAN_POINT('',(0.019375,0.07862,0.1));
#12114=CARTESIAN_POINT('',(-0.014415,0.07862,0.1));
#12115=CARTESIAN_POINT('',(-0.014415,0.07862,0.1));
#12116=CARTESIAN_POINT('',(-0.014415,0.0645835812182741,0.1));
#12117=CARTESIAN_POINT('',(-0.014415,0.0645835812182741,0.1));
#12118=CARTESIAN_POINT('',(0.019375,0.0645835812182741,0.1));
#12119=CARTESIAN_POINT('',(0.019375,0.0645835812182741,0.1));
#12120=CARTESIAN_POINT('',(0.019375,0.04142,0.1));
#12121=CARTESIAN_POINT('',(0.019375,0.04142,0.1));
#12122=CARTESIAN_POINT('',(-0.019375,0.04142,0.1));
#12123=CARTESIAN_POINT('',(-0.019375,0.04142,0.1));
#12124=CARTESIAN_POINT('',(-0.019375,0.04638,0.1));
#12125=CARTESIAN_POINT('',(-0.0375,0.,0.1));
#12126=CARTESIAN_POINT('',(-0.0375,0.,0.1));
#12127=CARTESIAN_POINT('',(0.0375,0.,0.1));
#12128=CARTESIAN_POINT('',(0.0375,0.125,0.1));
#12129=CARTESIAN_POINT('',(0.0375,0.125,0.1));
#12130=CARTESIAN_POINT('',(-0.0375,0.125,0.1));
#12131=CARTESIAN_POINT('',(-0.0375,0.125,0.1));
#12132=CARTESIAN_POINT('',(-0.0375,0.125,0.1));
#12133=CARTESIAN_POINT('',(0.019375,0.0935,0.1));
#12134=CARTESIAN_POINT('',(0.019375,0.0935,0.1));
#12135=CARTESIAN_POINT('',(-0.019375,0.0935,0.1));
#12136=CARTESIAN_POINT('',(0.019375,0.08854,0.1));
#12137=CARTESIAN_POINT('',(0.019375,0.08854,0.1));
#12138=CARTESIAN_POINT('',(-0.019375,0.08854,0.1));
#12139=CARTESIAN_POINT('',(-0.019375,0.08854,0.1));
#12140=CARTESIAN_POINT('',(-0.019375,0.0935,0.1));
#12141=CARTESIAN_POINT('',(0.019375,0.03646,0.1));
#12142=CARTESIAN_POINT('',(0.019375,0.03646,0.1));
#12143=CARTESIAN_POINT('',(-0.019375,0.03646,0.1));
#12144=CARTESIAN_POINT('',(0.019375,0.0315,0.1));
#12145=CARTESIAN_POINT('',(0.019375,0.0315,0.1));
#12146=CARTESIAN_POINT('',(-0.019375,0.0315,0.1));
#12147=CARTESIAN_POINT('',(-0.019375,0.0315,0.1));
#12148=CARTESIAN_POINT('',(-0.019375,0.03646,0.1));
#12149=CARTESIAN_POINT('',(-0.2075,0.125,0.06));
#12150=CARTESIAN_POINT('',(-0.0375,0.125,0.06));
#12151=CARTESIAN_POINT('',(-0.0375,0.125,0.06));
#12152=CARTESIAN_POINT('',(-0.0375,0.,0.06));
#12153=CARTESIAN_POINT('',(-0.2075,0.125,0.06));
#12154=CARTESIAN_POINT('',(-0.2075,0.125,0.06));
#12155=CARTESIAN_POINT('',(-0.2075,0.125,0.06));
#12156=CARTESIAN_POINT('',(-0.2075,0.,0.06));
#12157=CARTESIAN_POINT('',(-0.2075,0.,0.06));
#12158=CARTESIAN_POINT('',(-0.13,0.,0.06));
#12159=CARTESIAN_POINT('',(-0.0952484122634726,0.060191515603353,0.06));
#12160=CARTESIAN_POINT('',(-0.1,0.0519615242270663,0.06));
#12161=CARTESIAN_POINT('',(-0.158501587736527,0.15328924651018,0.06));
#12162=CARTESIAN_POINT('',(-0.07,0.,0.06));
#12163=CARTESIAN_POINT('',(-0.2075,0.,0.06));
#12164=CARTESIAN_POINT('',(-0.121,0.235,-0.046));
#12165=CARTESIAN_POINT('',(-0.121,0.015,-0.046));
#12166=CARTESIAN_POINT('',(-0.121,0.015,0.011));
#12167=CARTESIAN_POINT('',(-0.121,0.015,0.046));
#12168=CARTESIAN_POINT('',(-0.121,0.235,0.011));
#12169=CARTESIAN_POINT('',(-0.121,0.115,0.011));
#12170=CARTESIAN_POINT('',(-0.121,0.115,-0.046));
#12171=CARTESIAN_POINT('',(-0.121,0.115,0.019));
#12172=CARTESIAN_POINT('',(-0.121,0.235,0.019));
#12173=CARTESIAN_POINT('',(-0.121,0.125,0.019));
#12174=CARTESIAN_POINT('',(-0.121,0.125,0.));
#12175=CARTESIAN_POINT('',(-0.121,0.125,0.046));
#12176=CARTESIAN_POINT('',(-0.121,0.235,0.046));
#12177=CARTESIAN_POINT('',(-0.121,0.235,-0.046));
#12178=CARTESIAN_POINT('',(-0.121,0.115,-0.046));
#12179=CARTESIAN_POINT('',(-0.121,0.115,-0.019));
#12180=CARTESIAN_POINT('',(-0.121,0.115,-0.011));
#12181=CARTESIAN_POINT('',(-0.121,0.235,-0.011));
#12182=CARTESIAN_POINT('',(-0.121,0.015,-0.011));
#12183=CARTESIAN_POINT('',(-0.121,0.015,-0.046));
#12184=CARTESIAN_POINT('',(-0.121,0.015,-0.046));
#12185=CARTESIAN_POINT('',(-0.121,0.235,-0.046));
#12186=CARTESIAN_POINT('',(-0.121,0.125,-0.046));
#12187=CARTESIAN_POINT('',(-0.121,0.125,0.));
#12188=CARTESIAN_POINT('',(-0.121,0.125,-0.019));
#12189=CARTESIAN_POINT('',(-0.121,0.235,-0.019));
#12190=CARTESIAN_POINT('',(0.121,0.235,0.046));
#12191=CARTESIAN_POINT('',(0.121,0.115,0.046));
#12192=CARTESIAN_POINT('',(0.121,0.115,0.019));
#12193=CARTESIAN_POINT('',(0.121,0.115,0.011));
#12194=CARTESIAN_POINT('',(0.121,0.235,0.011));
#12195=CARTESIAN_POINT('',(0.121,0.015,0.011));
#12196=CARTESIAN_POINT('',(0.121,0.015,0.046));
#12197=CARTESIAN_POINT('',(0.121,0.015,0.046));
#12198=CARTESIAN_POINT('',(0.121,0.235,0.046));
#12199=CARTESIAN_POINT('',(0.121,0.125,0.046));
#12200=CARTESIAN_POINT('',(0.121,0.125,0.));
#12201=CARTESIAN_POINT('',(0.121,0.125,0.019));
#12202=CARTESIAN_POINT('',(0.121,0.235,0.019));
#12203=CARTESIAN_POINT('',(0.121,0.235,0.046));
#12204=CARTESIAN_POINT('',(0.121,0.015,0.046));
#12205=CARTESIAN_POINT('',(0.121,0.015,-0.011));
#12206=CARTESIAN_POINT('',(0.121,0.015,-0.046));
#12207=CARTESIAN_POINT('',(0.121,0.235,-0.011));
#12208=CARTESIAN_POINT('',(0.121,0.115,-0.011));
#12209=CARTESIAN_POINT('',(0.121,0.115,0.046));
#12210=CARTESIAN_POINT('',(0.121,0.115,-0.019));
#12211=CARTESIAN_POINT('',(0.121,0.235,-0.019));
#12212=CARTESIAN_POINT('',(0.121,0.125,-0.019));
#12213=CARTESIAN_POINT('',(0.121,0.125,0.));
#12214=CARTESIAN_POINT('',(0.121,0.125,-0.046));
#12215=CARTESIAN_POINT('',(0.121,0.235,-0.046));
#12216=CARTESIAN_POINT('',(0.,0.015,0.));
#12217=CARTESIAN_POINT('',(-0.06,0.015,0.035));
#12218=CARTESIAN_POINT('',(-0.06,0.015,0.035));
#12219=CARTESIAN_POINT('',(-0.04,0.015,0.035));
#12220=CARTESIAN_POINT('',(-0.06,0.015,0.015));
#12221=CARTESIAN_POINT('',(-0.06,0.015,0.015));
#12222=CARTESIAN_POINT('',(-0.04,0.015,0.015));
#12223=CARTESIAN_POINT('',(-0.04,0.015,0.015));
#12224=CARTESIAN_POINT('',(-0.04,0.015,0.035));
#12225=CARTESIAN_POINT('',(-0.033,0.015,0.));
#12226=CARTESIAN_POINT('',(-0.033,0.015,0.046));
#12227=CARTESIAN_POINT('',(-0.033,0.015,0.011));
#12228=CARTESIAN_POINT('',(0.,0.015,0.011));
#12229=CARTESIAN_POINT('',(-0.071,0.015,0.011));
#12230=CARTESIAN_POINT('',(-0.071,0.015,0.));
#12231=CARTESIAN_POINT('',(-0.071,0.015,0.046));
#12232=CARTESIAN_POINT('',(-0.121,0.015,0.046));
#12233=CARTESIAN_POINT('',(0.,0.015,0.));
#12234=CARTESIAN_POINT('',(-0.04,0.015,-0.015));
#12235=CARTESIAN_POINT('',(-0.04,0.015,-0.015));
#12236=CARTESIAN_POINT('',(-0.04,0.015,-0.035));
#12237=CARTESIAN_POINT('',(-0.06,0.015,-0.015));
#12238=CARTESIAN_POINT('',(-0.06,0.015,-0.015));
#12239=CARTESIAN_POINT('',(-0.06,0.015,-0.035));
#12240=CARTESIAN_POINT('',(-0.06,0.015,-0.035));
#12241=CARTESIAN_POINT('',(-0.04,0.015,-0.035));
#12242=CARTESIAN_POINT('',(-0.071,0.015,0.));
#12243=CARTESIAN_POINT('',(-0.071,0.015,-0.046));
#12244=CARTESIAN_POINT('',(-0.071,0.015,-0.011));
#12245=CARTESIAN_POINT('',(0.,0.015,-0.011));
#12246=CARTESIAN_POINT('',(-0.033,0.015,-0.011));
#12247=CARTESIAN_POINT('',(-0.033,0.015,0.));
#12248=CARTESIAN_POINT('',(-0.033,0.015,-0.046));
#12249=CARTESIAN_POINT('',(0.121,0.015,-0.046));
#12250=CARTESIAN_POINT('',(0.,0.015,0.));
#12251=CARTESIAN_POINT('',(-0.01,0.015,0.035));
#12252=CARTESIAN_POINT('',(-0.01,0.015,0.035));
#12253=CARTESIAN_POINT('',(0.01,0.015,0.035));
#12254=CARTESIAN_POINT('',(-0.01,0.015,0.015));
#12255=CARTESIAN_POINT('',(-0.01,0.015,0.015));
#12256=CARTESIAN_POINT('',(0.01,0.015,0.015));
#12257=CARTESIAN_POINT('',(0.01,0.015,0.015));
#12258=CARTESIAN_POINT('',(0.01,0.015,0.035));
#12259=CARTESIAN_POINT('',(0.017,0.015,0.));
#12260=CARTESIAN_POINT('',(0.017,0.015,0.046));
#12261=CARTESIAN_POINT('',(0.017,0.015,0.011));
#12262=CARTESIAN_POINT('',(0.,0.015,0.011));
#12263=CARTESIAN_POINT('',(-0.025,0.015,0.011));
#12264=CARTESIAN_POINT('',(-0.025,0.015,0.));
#12265=CARTESIAN_POINT('',(-0.025,0.015,0.046));
#12266=CARTESIAN_POINT('',(-0.121,0.015,0.046));
#12267=CARTESIAN_POINT('',(0.,0.015,0.));
#12268=CARTESIAN_POINT('',(0.01,0.015,-0.015));
#12269=CARTESIAN_POINT('',(0.01,0.015,-0.015));
#12270=CARTESIAN_POINT('',(0.01,0.015,-0.035));
#12271=CARTESIAN_POINT('',(-0.01,0.015,-0.015));
#12272=CARTESIAN_POINT('',(-0.01,0.015,-0.015));
#12273=CARTESIAN_POINT('',(-0.01,0.015,-0.035));
#12274=CARTESIAN_POINT('',(-0.01,0.015,-0.035));
#12275=CARTESIAN_POINT('',(0.01,0.015,-0.035));
#12276=CARTESIAN_POINT('',(-0.025,0.015,0.));
#12277=CARTESIAN_POINT('',(-0.025,0.015,-0.046));
#12278=CARTESIAN_POINT('',(-0.025,0.015,-0.011));
#12279=CARTESIAN_POINT('',(0.,0.015,-0.011));
#12280=CARTESIAN_POINT('',(0.017,0.015,-0.011));
#12281=CARTESIAN_POINT('',(0.017,0.015,0.));
#12282=CARTESIAN_POINT('',(0.017,0.015,-0.046));
#12283=CARTESIAN_POINT('',(0.121,0.015,-0.046));
#12284=CARTESIAN_POINT('',(0.,0.015,0.));
#12285=CARTESIAN_POINT('',(0.04,0.015,0.035));
#12286=CARTESIAN_POINT('',(0.04,0.015,0.035));
#12287=CARTESIAN_POINT('',(0.06,0.015,0.035));
#12288=CARTESIAN_POINT('',(0.04,0.015,0.015));
#12289=CARTESIAN_POINT('',(0.04,0.015,0.015));
#12290=CARTESIAN_POINT('',(0.06,0.015,0.015));
#12291=CARTESIAN_POINT('',(0.06,0.015,0.015));
#12292=CARTESIAN_POINT('',(0.06,0.015,0.035));
#12293=CARTESIAN_POINT('',(0.067,0.015,0.));
#12294=CARTESIAN_POINT('',(0.067,0.015,0.046));
#12295=CARTESIAN_POINT('',(0.067,0.015,0.011));
#12296=CARTESIAN_POINT('',(0.,0.015,0.011));
#12297=CARTESIAN_POINT('',(0.025,0.015,0.011));
#12298=CARTESIAN_POINT('',(0.025,0.015,0.));
#12299=CARTESIAN_POINT('',(0.025,0.015,0.046));
#12300=CARTESIAN_POINT('',(-0.121,0.015,0.046));
#12301=CARTESIAN_POINT('',(0.,0.015,0.));
#12302=CARTESIAN_POINT('',(0.06,0.015,-0.015));
#12303=CARTESIAN_POINT('',(0.06,0.015,-0.015));
#12304=CARTESIAN_POINT('',(0.06,0.015,-0.035));
#12305=CARTESIAN_POINT('',(0.04,0.015,-0.015));
#12306=CARTESIAN_POINT('',(0.04,0.015,-0.015));
#12307=CARTESIAN_POINT('',(0.04,0.015,-0.035));
#12308=CARTESIAN_POINT('',(0.04,0.015,-0.035));
#12309=CARTESIAN_POINT('',(0.06,0.015,-0.035));
#12310=CARTESIAN_POINT('',(0.025,0.015,0.));
#12311=CARTESIAN_POINT('',(0.025,0.015,-0.046));
#12312=CARTESIAN_POINT('',(0.025,0.015,-0.011));
#12313=CARTESIAN_POINT('',(0.,0.015,-0.011));
#12314=CARTESIAN_POINT('',(0.067,0.015,-0.011));
#12315=CARTESIAN_POINT('',(0.067,0.015,0.));
#12316=CARTESIAN_POINT('',(0.067,0.015,-0.046));
#12317=CARTESIAN_POINT('',(0.121,0.015,-0.046));
#12318=CARTESIAN_POINT('',(0.,0.015,0.));
#12319=CARTESIAN_POINT('',(0.09,0.015,0.035));
#12320=CARTESIAN_POINT('',(0.09,0.015,0.035));
#12321=CARTESIAN_POINT('',(0.11,0.015,0.035));
#12322=CARTESIAN_POINT('',(0.09,0.015,0.015));
#12323=CARTESIAN_POINT('',(0.09,0.015,0.015));
#12324=CARTESIAN_POINT('',(0.11,0.015,0.015));
#12325=CARTESIAN_POINT('',(0.11,0.015,0.015));
#12326=CARTESIAN_POINT('',(0.11,0.015,0.035));
#12327=CARTESIAN_POINT('',(0.,0.015,0.011));
#12328=CARTESIAN_POINT('',(0.075,0.015,0.011));
#12329=CARTESIAN_POINT('',(0.075,0.015,0.));
#12330=CARTESIAN_POINT('',(0.075,0.015,0.046));
#12331=CARTESIAN_POINT('',(-0.121,0.015,0.046));
#12332=CARTESIAN_POINT('',(0.,0.015,0.));
#12333=CARTESIAN_POINT('',(0.11,0.015,-0.015));
#12334=CARTESIAN_POINT('',(0.11,0.015,-0.015));
#12335=CARTESIAN_POINT('',(0.11,0.015,-0.035));
#12336=CARTESIAN_POINT('',(0.09,0.015,-0.015));
#12337=CARTESIAN_POINT('',(0.09,0.015,-0.015));
#12338=CARTESIAN_POINT('',(0.09,0.015,-0.035));
#12339=CARTESIAN_POINT('',(0.09,0.015,-0.035));
#12340=CARTESIAN_POINT('',(0.11,0.015,-0.035));
#12341=CARTESIAN_POINT('',(0.075,0.015,0.));
#12342=CARTESIAN_POINT('',(0.075,0.015,-0.046));
#12343=CARTESIAN_POINT('',(0.075,0.015,-0.011));
#12344=CARTESIAN_POINT('',(0.,0.015,-0.011));
#12345=CARTESIAN_POINT('',(0.121,0.015,-0.046));
#12346=CARTESIAN_POINT('',(0.,0.015,0.));
#12347=CARTESIAN_POINT('',(-0.11,0.015,0.035));
#12348=CARTESIAN_POINT('',(-0.11,0.015,0.035));
#12349=CARTESIAN_POINT('',(-0.09,0.015,0.035));
#12350=CARTESIAN_POINT('',(-0.11,0.015,0.015));
#12351=CARTESIAN_POINT('',(-0.11,0.015,0.015));
#12352=CARTESIAN_POINT('',(-0.09,0.015,0.015));
#12353=CARTESIAN_POINT('',(-0.09,0.015,0.015));
#12354=CARTESIAN_POINT('',(-0.09,0.015,0.035));
#12355=CARTESIAN_POINT('',(-0.079,0.015,0.));
#12356=CARTESIAN_POINT('',(-0.079,0.015,0.046));
#12357=CARTESIAN_POINT('',(-0.079,0.015,0.011));
#12358=CARTESIAN_POINT('',(0.,0.015,0.011));
#12359=CARTESIAN_POINT('',(-0.121,0.015,0.046));
#12360=CARTESIAN_POINT('',(0.,0.015,0.));
#12361=CARTESIAN_POINT('',(-0.09,0.015,-0.015));
#12362=CARTESIAN_POINT('',(-0.09,0.015,-0.015));
#12363=CARTESIAN_POINT('',(-0.09,0.015,-0.035));
#12364=CARTESIAN_POINT('',(-0.11,0.015,-0.015));
#12365=CARTESIAN_POINT('',(-0.11,0.015,-0.015));
#12366=CARTESIAN_POINT('',(-0.11,0.015,-0.035));
#12367=CARTESIAN_POINT('',(-0.11,0.015,-0.035));
#12368=CARTESIAN_POINT('',(-0.09,0.015,-0.035));
#12369=CARTESIAN_POINT('',(0.,0.015,-0.011));
#12370=CARTESIAN_POINT('',(-0.079,0.015,-0.011));
#12371=CARTESIAN_POINT('',(-0.079,0.015,0.));
#12372=CARTESIAN_POINT('',(-0.079,0.015,-0.046));
#12373=CARTESIAN_POINT('',(0.121,0.015,-0.046));
#12374=CARTESIAN_POINT('',(-0.079,0.115,0.05));
#12375=CARTESIAN_POINT('',(-0.079,0.115,0.011));
#12376=CARTESIAN_POINT('',(-0.079,0.115,0.011));
#12377=CARTESIAN_POINT('',(-0.079,0.235,0.046));
#12378=CARTESIAN_POINT('',(-0.079,0.115,0.046));
#12379=CARTESIAN_POINT('',(-0.079,0.115,0.05));
#12380=CARTESIAN_POINT('',(-0.079,0.115,0.019));
#12381=CARTESIAN_POINT('',(-0.079,0.115,0.05));
#12382=CARTESIAN_POINT('',(-0.079,0.115,0.05));
#12383=CARTESIAN_POINT('',(-0.079,0.115,-0.011));
#12384=CARTESIAN_POINT('',(-0.079,0.115,-0.011));
#12385=CARTESIAN_POINT('',(-0.079,0.115,0.05));
#12386=CARTESIAN_POINT('',(-0.079,0.115,-0.019));
#12387=CARTESIAN_POINT('',(-0.079,0.115,0.05));
#12388=CARTESIAN_POINT('',(-0.079,0.115,-0.046));
#12389=CARTESIAN_POINT('',(-0.079,0.235,-0.046));
#12390=CARTESIAN_POINT('',(-0.071,0.,0.05));
#12391=CARTESIAN_POINT('',(-0.071,0.,0.011));
#12392=CARTESIAN_POINT('',(-0.071,0.115,0.011));
#12393=CARTESIAN_POINT('',(-0.071,0.115,0.05));
#12394=CARTESIAN_POINT('',(-0.071,0.115,0.019));
#12395=CARTESIAN_POINT('',(-0.071,0.115,0.05));
#12396=CARTESIAN_POINT('',(-0.071,0.115,0.046));
#12397=CARTESIAN_POINT('',(-0.071,0.235,0.046));
#12398=CARTESIAN_POINT('',(-0.071,0.,0.05));
#12399=CARTESIAN_POINT('',(-0.071,0.,-0.011));
#12400=CARTESIAN_POINT('',(-0.071,0.115,-0.011));
#12401=CARTESIAN_POINT('',(-0.071,0.235,-0.046));
#12402=CARTESIAN_POINT('',(-0.071,0.115,-0.046));
#12403=CARTESIAN_POINT('',(-0.071,0.115,0.05));
#12404=CARTESIAN_POINT('',(-0.071,0.115,-0.019));
#12405=CARTESIAN_POINT('',(-0.071,0.115,0.05));
#12406=CARTESIAN_POINT('',(0.067,0.115,0.05));
#12407=CARTESIAN_POINT('',(0.067,0.115,0.011));
#12408=CARTESIAN_POINT('',(0.067,0.115,0.011));
#12409=CARTESIAN_POINT('',(0.067,0.235,0.046));
#12410=CARTESIAN_POINT('',(0.067,0.115,0.046));
#12411=CARTESIAN_POINT('',(0.067,0.115,0.05));
#12412=CARTESIAN_POINT('',(0.067,0.115,0.019));
#12413=CARTESIAN_POINT('',(0.067,0.115,0.05));
#12414=CARTESIAN_POINT('',(0.067,0.115,0.05));
#12415=CARTESIAN_POINT('',(0.067,0.115,-0.011));
#12416=CARTESIAN_POINT('',(0.067,0.115,-0.011));
#12417=CARTESIAN_POINT('',(0.067,0.115,0.05));
#12418=CARTESIAN_POINT('',(0.067,0.115,-0.019));
#12419=CARTESIAN_POINT('',(0.067,0.115,0.05));
#12420=CARTESIAN_POINT('',(0.067,0.115,-0.046));
#12421=CARTESIAN_POINT('',(0.067,0.235,-0.046));
#12422=CARTESIAN_POINT('',(0.075,0.,0.05));
#12423=CARTESIAN_POINT('',(0.075,0.,0.011));
#12424=CARTESIAN_POINT('',(0.075,0.115,0.011));
#12425=CARTESIAN_POINT('',(0.075,0.115,0.05));
#12426=CARTESIAN_POINT('',(0.075,0.115,0.019));
#12427=CARTESIAN_POINT('',(0.075,0.115,0.05));
#12428=CARTESIAN_POINT('',(0.075,0.115,0.046));
#12429=CARTESIAN_POINT('',(0.075,0.235,0.046));
#12430=CARTESIAN_POINT('',(0.075,0.,0.05));
#12431=CARTESIAN_POINT('',(0.075,0.,-0.011));
#12432=CARTESIAN_POINT('',(0.075,0.115,-0.011));
#12433=CARTESIAN_POINT('',(0.075,0.235,-0.046));
#12434=CARTESIAN_POINT('',(0.075,0.115,-0.046));
#12435=CARTESIAN_POINT('',(0.075,0.115,0.05));
#12436=CARTESIAN_POINT('',(0.075,0.115,-0.019));
#12437=CARTESIAN_POINT('',(0.075,0.115,0.05));
#12438=CARTESIAN_POINT('',(0.017,0.115,0.05));
#12439=CARTESIAN_POINT('',(0.017,0.115,0.011));
#12440=CARTESIAN_POINT('',(0.017,0.115,0.011));
#12441=CARTESIAN_POINT('',(0.017,0.235,0.046));
#12442=CARTESIAN_POINT('',(0.017,0.115,0.046));
#12443=CARTESIAN_POINT('',(0.017,0.115,0.05));
#12444=CARTESIAN_POINT('',(0.017,0.115,0.019));
#12445=CARTESIAN_POINT('',(0.017,0.115,0.05));
#12446=CARTESIAN_POINT('',(0.017,0.115,0.05));
#12447=CARTESIAN_POINT('',(0.017,0.115,-0.011));
#12448=CARTESIAN_POINT('',(0.017,0.115,-0.011));
#12449=CARTESIAN_POINT('',(0.017,0.115,0.05));
#12450=CARTESIAN_POINT('',(0.017,0.115,-0.019));
#12451=CARTESIAN_POINT('',(0.017,0.115,0.05));
#12452=CARTESIAN_POINT('',(0.017,0.115,-0.046));
#12453=CARTESIAN_POINT('',(0.017,0.235,-0.046));
#12454=CARTESIAN_POINT('',(0.025,0.,0.05));
#12455=CARTESIAN_POINT('',(0.025,0.,0.011));
#12456=CARTESIAN_POINT('',(0.025,0.115,0.011));
#12457=CARTESIAN_POINT('',(0.025,0.115,0.05));
#12458=CARTESIAN_POINT('',(0.025,0.115,0.019));
#12459=CARTESIAN_POINT('',(0.025,0.115,0.05));
#12460=CARTESIAN_POINT('',(0.025,0.115,0.046));
#12461=CARTESIAN_POINT('',(0.025,0.235,0.046));
#12462=CARTESIAN_POINT('',(0.025,0.,0.05));
#12463=CARTESIAN_POINT('',(0.025,0.,-0.011));
#12464=CARTESIAN_POINT('',(0.025,0.115,-0.011));
#12465=CARTESIAN_POINT('',(0.025,0.235,-0.046));
#12466=CARTESIAN_POINT('',(0.025,0.115,-0.046));
#12467=CARTESIAN_POINT('',(0.025,0.115,0.05));
#12468=CARTESIAN_POINT('',(0.025,0.115,-0.019));
#12469=CARTESIAN_POINT('',(0.025,0.115,0.05));
#12470=CARTESIAN_POINT('',(-0.033,0.115,0.05));
#12471=CARTESIAN_POINT('',(-0.033,0.115,0.011));
#12472=CARTESIAN_POINT('',(-0.033,0.115,0.011));
#12473=CARTESIAN_POINT('',(-0.033,0.235,0.046));
#12474=CARTESIAN_POINT('',(-0.033,0.115,0.046));
#12475=CARTESIAN_POINT('',(-0.033,0.115,0.05));
#12476=CARTESIAN_POINT('',(-0.033,0.115,0.019));
#12477=CARTESIAN_POINT('',(-0.033,0.115,0.05));
#12478=CARTESIAN_POINT('',(-0.033,0.115,0.05));
#12479=CARTESIAN_POINT('',(-0.033,0.115,-0.011));
#12480=CARTESIAN_POINT('',(-0.033,0.115,-0.011));
#12481=CARTESIAN_POINT('',(-0.033,0.115,0.05));
#12482=CARTESIAN_POINT('',(-0.033,0.115,-0.019));
#12483=CARTESIAN_POINT('',(-0.033,0.115,0.05));
#12484=CARTESIAN_POINT('',(-0.033,0.115,-0.046));
#12485=CARTESIAN_POINT('',(-0.033,0.235,-0.046));
#12486=CARTESIAN_POINT('',(-0.025,0.,0.05));
#12487=CARTESIAN_POINT('',(-0.025,0.,0.011));
#12488=CARTESIAN_POINT('',(-0.025,0.115,0.011));
#12489=CARTESIAN_POINT('',(-0.025,0.115,0.05));
#12490=CARTESIAN_POINT('',(-0.025,0.115,0.019));
#12491=CARTESIAN_POINT('',(-0.025,0.115,0.05));
#12492=CARTESIAN_POINT('',(-0.025,0.115,0.046));
#12493=CARTESIAN_POINT('',(-0.025,0.235,0.046));
#12494=CARTESIAN_POINT('',(-0.025,0.,0.05));
#12495=CARTESIAN_POINT('',(-0.025,0.,-0.011));
#12496=CARTESIAN_POINT('',(-0.025,0.115,-0.011));
#12497=CARTESIAN_POINT('',(-0.025,0.235,-0.046));
#12498=CARTESIAN_POINT('',(-0.025,0.115,-0.046));
#12499=CARTESIAN_POINT('',(-0.025,0.115,0.05));
#12500=CARTESIAN_POINT('',(-0.025,0.115,-0.019));
#12501=CARTESIAN_POINT('',(-0.025,0.115,0.05));
#12502=CARTESIAN_POINT('',(0.,0.115,0.));
#12503=CARTESIAN_POINT('',(0.,0.115,0.011));
#12504=CARTESIAN_POINT('',(-0.1325,0.115,0.019));
#12505=CARTESIAN_POINT('',(0.,0.115,0.));
#12506=CARTESIAN_POINT('',(0.,0.115,-0.011));
#12507=CARTESIAN_POINT('',(0.1325,0.115,-0.019));
#12508=CARTESIAN_POINT('',(0.,0.115,0.));
#12509=CARTESIAN_POINT('',(0.,0.115,0.011));
#12510=CARTESIAN_POINT('',(-0.1325,0.115,0.019));
#12511=CARTESIAN_POINT('',(0.,0.115,0.));
#12512=CARTESIAN_POINT('',(0.,0.115,-0.011));
#12513=CARTESIAN_POINT('',(0.1325,0.115,-0.019));
#12514=CARTESIAN_POINT('',(0.,0.115,0.));
#12515=CARTESIAN_POINT('',(0.,0.115,0.011));
#12516=CARTESIAN_POINT('',(-0.1325,0.115,0.019));
#12517=CARTESIAN_POINT('',(0.,0.115,0.));
#12518=CARTESIAN_POINT('',(0.,0.115,-0.011));
#12519=CARTESIAN_POINT('',(0.1325,0.115,-0.019));
#12520=CARTESIAN_POINT('',(0.,0.115,0.));
#12521=CARTESIAN_POINT('',(0.,0.115,0.011));
#12522=CARTESIAN_POINT('',(-0.1325,0.115,0.019));
#12523=CARTESIAN_POINT('',(0.,0.115,0.));
#12524=CARTESIAN_POINT('',(0.,0.115,-0.011));
#12525=CARTESIAN_POINT('',(0.1325,0.115,-0.019));
#12526=CARTESIAN_POINT('',(0.,0.115,0.));
#12527=CARTESIAN_POINT('',(0.1325,0.115,0.019));
#12528=CARTESIAN_POINT('',(0.1325,0.115,0.019));
#12529=CARTESIAN_POINT('',(0.1325,0.115,0.011));
#12530=CARTESIAN_POINT('',(0.,0.115,0.011));
#12531=CARTESIAN_POINT('',(-0.1325,0.115,0.019));
#12532=CARTESIAN_POINT('',(0.,0.115,0.));
#12533=CARTESIAN_POINT('',(0.,0.115,-0.011));
#12534=CARTESIAN_POINT('',(0.1325,0.115,-0.011));
#12535=CARTESIAN_POINT('',(0.1325,0.115,0.019));
#12536=CARTESIAN_POINT('',(0.1325,0.115,-0.019));
#12537=CARTESIAN_POINT('',(0.1325,0.115,-0.019));
#12538=CARTESIAN_POINT('',(0.1325,0.135,0.019));
#12539=CARTESIAN_POINT('',(0.1325,0.125,0.));
#12540=CARTESIAN_POINT('',(0.1325,0.125,0.011));
#12541=CARTESIAN_POINT('',(0.1325,0.125,0.019));
#12542=CARTESIAN_POINT('',(0.1325,0.125,0.011));
#12543=CARTESIAN_POINT('',(0.1325,0.135,0.019));
#12544=CARTESIAN_POINT('',(0.1325,0.135,0.019));
#12545=CARTESIAN_POINT('',(0.1325,0.,-0.011));
#12546=CARTESIAN_POINT('',(0.1325,0.125,-0.011));
#12547=CARTESIAN_POINT('',(0.1325,0.125,0.));
#12548=CARTESIAN_POINT('',(0.1325,0.125,-0.019));
#12549=CARTESIAN_POINT('',(0.1325,0.135,-0.019));
#12550=CARTESIAN_POINT('',(0.,0.115,0.));
#12551=CARTESIAN_POINT('',(0.,0.115,0.011));
#12552=CARTESIAN_POINT('',(-0.1325,0.115,0.011));
#12553=CARTESIAN_POINT('',(-0.1325,0.115,-0.019));
#12554=CARTESIAN_POINT('',(-0.1325,0.115,0.019));
#12555=CARTESIAN_POINT('',(-0.1325,0.115,0.019));
#12556=CARTESIAN_POINT('',(0.,0.115,0.));
#12557=CARTESIAN_POINT('',(-0.1325,0.115,-0.019));
#12558=CARTESIAN_POINT('',(-0.1325,0.115,-0.019));
#12559=CARTESIAN_POINT('',(-0.1325,0.115,-0.011));
#12560=CARTESIAN_POINT('',(0.,0.115,-0.011));
#12561=CARTESIAN_POINT('',(0.1325,0.115,-0.019));
#12562=CARTESIAN_POINT('',(-0.1325,0.135,-0.019));
#12563=CARTESIAN_POINT('',(-0.1325,0.125,0.011));
#12564=CARTESIAN_POINT('',(-0.1325,0.125,0.011));
#12565=CARTESIAN_POINT('',(-0.1325,0.125,0.));
#12566=CARTESIAN_POINT('',(-0.1325,0.125,0.019));
#12567=CARTESIAN_POINT('',(-0.1325,0.135,0.019));
#12568=CARTESIAN_POINT('',(-0.1325,0.135,-0.019));
#12569=CARTESIAN_POINT('',(-0.1325,0.125,0.));
#12570=CARTESIAN_POINT('',(-0.1325,0.125,-0.011));
#12571=CARTESIAN_POINT('',(-0.1325,0.125,-0.019));
#12572=CARTESIAN_POINT('',(-0.1325,0.135,-0.011));
#12573=CARTESIAN_POINT('',(-0.1325,0.135,-0.019));
#12574=CARTESIAN_POINT('',(-0.2075,0.125,0.06));
#12575=CARTESIAN_POINT('',(-0.2075,0.125,0.06));
#12576=CARTESIAN_POINT('',(0.0375,0.125,0.06));
#12577=CARTESIAN_POINT('',(0.2075,0.125,0.06));
#12578=CARTESIAN_POINT('',(0.0375,0.125,0.06));
#12579=CARTESIAN_POINT('',(0.0375,0.,0.06));
#12580=CARTESIAN_POINT('',(-0.2075,0.,0.06));
#12581=CARTESIAN_POINT('',(0.2075,0.,0.06));
#12582=CARTESIAN_POINT('',(0.2075,0.125,0.06));
#12583=CARTESIAN_POINT('',(0.,0.,0.));
#12584=CARTESIAN_POINT('',(-0.13,0.,0.));
#12585=CARTESIAN_POINT('',(-0.13,0.,0.055));
#12586=CARTESIAN_POINT('',(-0.2075,0.,-0.06));
#12587=CARTESIAN_POINT('',(-0.2075,0.,-0.06));
#12588=CARTESIAN_POINT('',(0.2075,0.,-0.06));
#12589=CARTESIAN_POINT('',(0.2075,0.,-0.06));
#12590=CARTESIAN_POINT('',(0.2075,0.,0.06));
#12591=CARTESIAN_POINT('',(0.0375,0.,0.1));
#12592=CARTESIAN_POINT('',(-0.0375,0.,0.06));
#12593=CARTESIAN_POINT('',(-0.07,0.,0.));
#12594=CARTESIAN_POINT('',(-0.07,0.,0.055));
#12595=CARTESIAN_POINT('',(-0.13,0.,0.055));
#12596=CARTESIAN_POINT('',(-0.1425,0.,-0.04));
#12597=CARTESIAN_POINT('',(-0.1425,0.,-0.04));
#12598=CARTESIAN_POINT('',(-0.1925,0.,-0.04));
#12599=CARTESIAN_POINT('',(-0.1925,0.,-0.04));
#12600=CARTESIAN_POINT('',(-0.1925,0.,0.04));
#12601=CARTESIAN_POINT('',(-0.1925,0.,0.04));
#12602=CARTESIAN_POINT('',(-0.1425,0.,0.04));
#12603=CARTESIAN_POINT('',(-0.1425,0.,0.04));
#12604=CARTESIAN_POINT('',(-0.09,0.,-0.035));
#12605=CARTESIAN_POINT('',(-0.09,0.,-0.035));
#12606=CARTESIAN_POINT('',(-0.11,0.,-0.035));
#12607=CARTESIAN_POINT('',(-0.11,0.,-0.035));
#12608=CARTESIAN_POINT('',(-0.11,0.,-0.015));
#12609=CARTESIAN_POINT('',(-0.11,0.,-0.015));
#12610=CARTESIAN_POINT('',(-0.09,0.,-0.015));
#12611=CARTESIAN_POINT('',(-0.09,0.,-0.015));
#12612=CARTESIAN_POINT('',(-0.09,0.,0.015));
#12613=CARTESIAN_POINT('',(-0.09,0.,0.015));
#12614=CARTESIAN_POINT('',(-0.11,0.,0.015));
#12615=CARTESIAN_POINT('',(-0.11,0.,0.015));
#12616=CARTESIAN_POINT('',(-0.11,0.,0.035));
#12617=CARTESIAN_POINT('',(-0.11,0.,0.035));
#12618=CARTESIAN_POINT('',(-0.09,0.,0.035));
#12619=CARTESIAN_POINT('',(-0.09,0.,0.035));
#12620=CARTESIAN_POINT('',(-0.04,0.,-0.035));
#12621=CARTESIAN_POINT('',(-0.04,0.,-0.035));
#12622=CARTESIAN_POINT('',(-0.06,0.,-0.035));
#12623=CARTESIAN_POINT('',(-0.06,0.,-0.035));
#12624=CARTESIAN_POINT('',(-0.06,0.,-0.015));
#12625=CARTESIAN_POINT('',(-0.06,0.,-0.015));
#12626=CARTESIAN_POINT('',(-0.04,0.,-0.015));
#12627=CARTESIAN_POINT('',(-0.04,0.,-0.015));
#12628=CARTESIAN_POINT('',(-0.04,0.,0.015));
#12629=CARTESIAN_POINT('',(-0.04,0.,0.015));
#12630=CARTESIAN_POINT('',(-0.06,0.,0.015));
#12631=CARTESIAN_POINT('',(-0.06,0.,0.015));
#12632=CARTESIAN_POINT('',(-0.06,0.,0.035));
#12633=CARTESIAN_POINT('',(-0.06,0.,0.035));
#12634=CARTESIAN_POINT('',(-0.04,0.,0.035));
#12635=CARTESIAN_POINT('',(-0.04,0.,0.035));
#12636=CARTESIAN_POINT('',(0.01,0.,-0.035));
#12637=CARTESIAN_POINT('',(0.01,0.,-0.035));
#12638=CARTESIAN_POINT('',(-0.01,0.,-0.035));
#12639=CARTESIAN_POINT('',(-0.01,0.,-0.035));
#12640=CARTESIAN_POINT('',(-0.01,0.,-0.015));
#12641=CARTESIAN_POINT('',(-0.01,0.,-0.015));
#12642=CARTESIAN_POINT('',(0.01,0.,-0.015));
#12643=CARTESIAN_POINT('',(0.01,0.,-0.015));
#12644=CARTESIAN_POINT('',(0.01,0.,0.015));
#12645=CARTESIAN_POINT('',(0.01,0.,0.015));
#12646=CARTESIAN_POINT('',(-0.01,0.,0.015));
#12647=CARTESIAN_POINT('',(-0.01,0.,0.015));
#12648=CARTESIAN_POINT('',(-0.01,0.,0.035));
#12649=CARTESIAN_POINT('',(-0.01,0.,0.035));
#12650=CARTESIAN_POINT('',(0.01,0.,0.035));
#12651=CARTESIAN_POINT('',(0.01,0.,0.035));
#12652=CARTESIAN_POINT('',(0.06,0.,-0.035));
#12653=CARTESIAN_POINT('',(0.06,0.,-0.035));
#12654=CARTESIAN_POINT('',(0.04,0.,-0.035));
#12655=CARTESIAN_POINT('',(0.04,0.,-0.035));
#12656=CARTESIAN_POINT('',(0.04,0.,-0.015));
#12657=CARTESIAN_POINT('',(0.04,0.,-0.015));
#12658=CARTESIAN_POINT('',(0.06,0.,-0.015));
#12659=CARTESIAN_POINT('',(0.06,0.,-0.015));
#12660=CARTESIAN_POINT('',(0.06,0.,0.015));
#12661=CARTESIAN_POINT('',(0.06,0.,0.015));
#12662=CARTESIAN_POINT('',(0.04,0.,0.015));
#12663=CARTESIAN_POINT('',(0.04,0.,0.015));
#12664=CARTESIAN_POINT('',(0.04,0.,0.035));
#12665=CARTESIAN_POINT('',(0.04,0.,0.035));
#12666=CARTESIAN_POINT('',(0.06,0.,0.035));
#12667=CARTESIAN_POINT('',(0.06,0.,0.035));
#12668=CARTESIAN_POINT('',(0.11,0.,-0.035));
#12669=CARTESIAN_POINT('',(0.11,0.,-0.035));
#12670=CARTESIAN_POINT('',(0.09,0.,-0.035));
#12671=CARTESIAN_POINT('',(0.09,0.,-0.035));
#12672=CARTESIAN_POINT('',(0.09,0.,-0.015));
#12673=CARTESIAN_POINT('',(0.09,0.,-0.015));
#12674=CARTESIAN_POINT('',(0.11,0.,-0.015));
#12675=CARTESIAN_POINT('',(0.11,0.,-0.015));
#12676=CARTESIAN_POINT('',(0.11,0.,0.015));
#12677=CARTESIAN_POINT('',(0.11,0.,0.015));
#12678=CARTESIAN_POINT('',(0.09,0.,0.015));
#12679=CARTESIAN_POINT('',(0.09,0.,0.015));
#12680=CARTESIAN_POINT('',(0.09,0.,0.035));
#12681=CARTESIAN_POINT('',(0.09,0.,0.035));
#12682=CARTESIAN_POINT('',(0.11,0.,0.035));
#12683=CARTESIAN_POINT('',(0.11,0.,0.035));
#12684=CARTESIAN_POINT('',(0.1425,0.,-0.04));
#12685=CARTESIAN_POINT('',(0.1425,0.,-0.04));
#12686=CARTESIAN_POINT('',(0.1425,0.,0.04));
#12687=CARTESIAN_POINT('',(0.1425,0.,0.04));
#12688=CARTESIAN_POINT('',(0.1925,0.,0.04));
#12689=CARTESIAN_POINT('',(0.1925,0.,0.04));
#12690=CARTESIAN_POINT('',(0.1925,0.,-0.04));
#12691=CARTESIAN_POINT('',(0.1925,0.,-0.04));
#12692=CARTESIAN_POINT('',(0.,0.125,0.));
#12693=CARTESIAN_POINT('',(-0.2075,0.125,-0.06));
#12694=CARTESIAN_POINT('',(-0.2075,0.125,-0.06));
#12695=CARTESIAN_POINT('',(-0.0375,0.125,0.06));
#12696=CARTESIAN_POINT('',(0.0375,0.125,0.1));
#12697=CARTESIAN_POINT('',(0.2075,0.125,0.06));
#12698=CARTESIAN_POINT('',(0.2075,0.125,-0.06));
#12699=CARTESIAN_POINT('',(0.2075,0.125,-0.06));
#12700=CARTESIAN_POINT('',(0.1425,0.125,-0.04));
#12701=CARTESIAN_POINT('',(0.1425,0.125,-0.04));
#12702=CARTESIAN_POINT('',(0.1425,0.125,0.04));
#12703=CARTESIAN_POINT('',(0.1925,0.125,-0.04));
#12704=CARTESIAN_POINT('',(0.1925,0.125,-0.04));
#12705=CARTESIAN_POINT('',(0.1925,0.125,0.04));
#12706=CARTESIAN_POINT('',(0.1925,0.125,0.04));
#12707=CARTESIAN_POINT('',(0.1425,0.125,0.04));
#12708=CARTESIAN_POINT('',(-0.1425,0.125,-0.04));
#12709=CARTESIAN_POINT('',(-0.1425,0.125,-0.04));
#12710=CARTESIAN_POINT('',(-0.1925,0.125,-0.04));
#12711=CARTESIAN_POINT('',(-0.1425,0.125,0.04));
#12712=CARTESIAN_POINT('',(-0.1425,0.125,0.04));
#12713=CARTESIAN_POINT('',(-0.1925,0.125,0.04));
#12714=CARTESIAN_POINT('',(-0.1925,0.125,0.04));
#12715=CARTESIAN_POINT('',(-0.1925,0.125,-0.04));
#12716=CARTESIAN_POINT('',(-0.1325,0.125,0.));
#12717=CARTESIAN_POINT('',(0.,0.125,-0.019));
#12718=CARTESIAN_POINT('',(0.,0.125,-0.046));
#12719=CARTESIAN_POINT('',(-0.075,0.124999999740019,-0.046));
#12720=CARTESIAN_POINT('',(0.,0.125,-0.046));
#12721=CARTESIAN_POINT('',(-0.029,0.124999999740019,-0.046));
#12722=CARTESIAN_POINT('',(0.,0.125,-0.046));
#12723=CARTESIAN_POINT('',(0.021,0.124999999740019,-0.046));
#12724=CARTESIAN_POINT('',(0.,0.125,-0.046));
#12725=CARTESIAN_POINT('',(0.071,0.124999999740019,-0.046));
#12726=CARTESIAN_POINT('',(0.,0.125,-0.046));
#12727=CARTESIAN_POINT('',(0.,0.125,-0.019));
#12728=CARTESIAN_POINT('',(0.1325,0.125,0.));
#12729=CARTESIAN_POINT('',(0.,0.125,0.019));
#12730=CARTESIAN_POINT('',(0.,0.125,0.046));
#12731=CARTESIAN_POINT('',(0.071,0.124999999740019,0.046));
#12732=CARTESIAN_POINT('',(0.,0.125,0.046));
#12733=CARTESIAN_POINT('',(0.021,0.124999999740019,0.046));
#12734=CARTESIAN_POINT('',(0.,0.125,0.046));
#12735=CARTESIAN_POINT('',(-0.029,0.124999999740019,0.046));
#12736=CARTESIAN_POINT('',(0.,0.125,0.046));
#12737=CARTESIAN_POINT('',(-0.075,0.124999999740019,0.046));
#12738=CARTESIAN_POINT('',(0.,0.125,0.046));
#12739=CARTESIAN_POINT('',(0.,0.125,0.019));
#12740=CARTESIAN_POINT('',(-0.075,0.124999999740019,0.05));
#12741=CARTESIAN_POINT('',(-0.075,0.124999999740019,-0.019));
#12742=CARTESIAN_POINT('',(-0.075,0.124999999740019,-0.019));
#12743=CARTESIAN_POINT('',(-0.075,0.124999999740019,0.05));
#12744=CARTESIAN_POINT('',(-0.0100344807430747,0.287413793659887,-0.046));
#12745=CARTESIAN_POINT('',(-0.075,0.124999999740019,0.05));
#12746=CARTESIAN_POINT('',(-0.075,0.124999999740019,0.019));
#12747=CARTESIAN_POINT('',(-0.075,0.124999999740019,0.019));
#12748=CARTESIAN_POINT('',(-0.0434137925841052,0.203965516226805,0.046));
#12749=CARTESIAN_POINT('',(-0.075,0.124999999740019,0.05));
#12750=CARTESIAN_POINT('',(-0.071,0.115,0.05));
#12751=CARTESIAN_POINT('',(-0.071,0.115,-0.019));
#12752=CARTESIAN_POINT('',(-0.0858965513160826,0.152241377322003,-0.046));
#12753=CARTESIAN_POINT('',(-0.071,0.115,0.05));
#12754=CARTESIAN_POINT('',(-0.071,0.115,0.019));
#12755=CARTESIAN_POINT('',(-0.119275863157113,0.235689654755084,0.046));
#12756=CARTESIAN_POINT('',(0.071,0.124999999740019,0.05));
#12757=CARTESIAN_POINT('',(0.071,0.124999999740019,-0.019));
#12758=CARTESIAN_POINT('',(0.071,0.124999999740019,-0.019));
#12759=CARTESIAN_POINT('',(0.071,0.124999999740019,0.05));
#12760=CARTESIAN_POINT('',(0.115827587319775,0.237068965125879,-0.046));
#12761=CARTESIAN_POINT('',(0.071,0.124999999740019,0.05));
#12762=CARTESIAN_POINT('',(0.071,0.124999999740019,0.019));
#12763=CARTESIAN_POINT('',(0.071,0.124999999740019,0.019));
#12764=CARTESIAN_POINT('',(0.0824482754787443,0.153620687692797,0.046));
#12765=CARTESIAN_POINT('',(0.071,0.124999999740019,0.05));
#12766=CARTESIAN_POINT('',(0.075,0.115,0.05));
#12767=CARTESIAN_POINT('',(0.075,0.115,-0.019));
#12768=CARTESIAN_POINT('',(0.0399655167467668,0.202586205856011,-0.046));
#12769=CARTESIAN_POINT('',(0.075,0.115,0.05));
#12770=CARTESIAN_POINT('',(0.075,0.115,0.019));
#12771=CARTESIAN_POINT('',(0.00658620490573635,0.286034483289093,0.046));
#12772=CARTESIAN_POINT('',(0.021,0.124999999740019,0.05));
#12773=CARTESIAN_POINT('',(0.021,0.124999999740019,-0.019));
#12774=CARTESIAN_POINT('',(0.021,0.124999999740019,-0.019));
#12775=CARTESIAN_POINT('',(0.021,0.124999999740019,0.05));
#12776=CARTESIAN_POINT('',(0.0727241393530454,0.254310344760814,-0.046));
#12777=CARTESIAN_POINT('',(0.021,0.124999999740019,0.05));
#12778=CARTESIAN_POINT('',(0.021,0.124999999740019,0.019));
#12779=CARTESIAN_POINT('',(0.021,0.124999999740019,0.019));
#12780=CARTESIAN_POINT('',(0.039344827512015,0.170862067327732,0.046));
#12781=CARTESIAN_POINT('',(0.021,0.124999999740019,0.05));
#12782=CARTESIAN_POINT('',(0.025,0.115,0.05));
#12783=CARTESIAN_POINT('',(0.025,0.115,-0.019));
#12784=CARTESIAN_POINT('',(-0.00313793121996247,0.185344826221076,-0.046));
#12785=CARTESIAN_POINT('',(0.025,0.115,0.05));
#12786=CARTESIAN_POINT('',(0.025,0.115,0.019));
#12787=CARTESIAN_POINT('',(-0.0365172430609929,0.268793103654158,0.046));
#12788=CARTESIAN_POINT('',(-0.029,0.124999999740019,0.05));
#12789=CARTESIAN_POINT('',(-0.029,0.124999999740019,-0.019));
#12790=CARTESIAN_POINT('',(-0.029,0.124999999740019,-0.019));
#12791=CARTESIAN_POINT('',(-0.029,0.124999999740019,0.05));
#12792=CARTESIAN_POINT('',(0.0296206913863162,0.271551724395748,-0.046));
#12793=CARTESIAN_POINT('',(-0.029,0.124999999740019,0.05));
#12794=CARTESIAN_POINT('',(-0.029,0.124999999740019,0.019));
#12795=CARTESIAN_POINT('',(-0.029,0.124999999740019,0.019));
#12796=CARTESIAN_POINT('',(-0.00375862045471426,0.188103446962666,0.046));
#12797=CARTESIAN_POINT('',(-0.029,0.124999999740019,0.05));
#12798=CARTESIAN_POINT('',(-0.025,0.115,0.05));
#12799=CARTESIAN_POINT('',(-0.025,0.115,-0.019));
#12800=CARTESIAN_POINT('',(-0.0462413791866917,0.168103446586142,-0.046));
#12801=CARTESIAN_POINT('',(-0.025,0.115,0.05));
#12802=CARTESIAN_POINT('',(-0.025,0.115,0.019));
#12803=CARTESIAN_POINT('',(-0.0796206910277221,0.251551724019224,0.046));
#12804=CARTESIAN_POINT('',(0.121,0.235,-0.046));
#12805=CARTESIAN_POINT('',(0.121,0.235,-0.046));
#12806=CARTESIAN_POINT('',(0.121,0.235,-0.046));
#12807=CARTESIAN_POINT('',(0.121,0.235,-0.046));
#12808=CARTESIAN_POINT('',(-0.121,0.235,0.046));
#12809=CARTESIAN_POINT('',(-0.121,0.235,0.046));
#12810=CARTESIAN_POINT('',(-0.121,0.235,0.046));
#12811=CARTESIAN_POINT('',(-0.121,0.235,0.046));
#12812=CARTESIAN_POINT('',(0.121,0.235,-0.046));
#12813=CARTESIAN_POINT('',(-0.121,0.235,0.046));
#12814=CARTESIAN_POINT('',(0.11,0.125,0.035));
#12815=CARTESIAN_POINT('',(0.11,0.125,0.035));
#12816=CARTESIAN_POINT('',(0.11,0.125,0.015));
#12817=CARTESIAN_POINT('',(0.09,0.125,0.035));
#12818=CARTESIAN_POINT('',(0.09,0.125,0.035));
#12819=CARTESIAN_POINT('',(0.06,0.125,0.035));
#12820=CARTESIAN_POINT('',(0.06,0.125,0.035));
#12821=CARTESIAN_POINT('',(0.06,0.125,0.015));
#12822=CARTESIAN_POINT('',(0.04,0.125,0.035));
#12823=CARTESIAN_POINT('',(0.04,0.125,0.035));
#12824=CARTESIAN_POINT('',(0.01,0.125,0.035));
#12825=CARTESIAN_POINT('',(0.01,0.125,0.035));
#12826=CARTESIAN_POINT('',(0.01,0.125,0.015));
#12827=CARTESIAN_POINT('',(-0.01,0.125,0.035));
#12828=CARTESIAN_POINT('',(-0.01,0.125,0.035));
#12829=CARTESIAN_POINT('',(-0.04,0.125,0.035));
#12830=CARTESIAN_POINT('',(-0.04,0.125,0.035));
#12831=CARTESIAN_POINT('',(-0.04,0.125,0.015));
#12832=CARTESIAN_POINT('',(-0.06,0.125,0.035));
#12833=CARTESIAN_POINT('',(-0.06,0.125,0.035));
#12834=CARTESIAN_POINT('',(-0.09,0.125,0.035));
#12835=CARTESIAN_POINT('',(-0.09,0.125,0.035));
#12836=CARTESIAN_POINT('',(-0.09,0.125,0.015));
#12837=CARTESIAN_POINT('',(-0.11,0.125,0.035));
#12838=CARTESIAN_POINT('',(-0.11,0.125,0.035));
#12839=CARTESIAN_POINT('',(0.09,0.125,0.015));
#12840=CARTESIAN_POINT('',(0.09,0.125,0.015));
#12841=CARTESIAN_POINT('',(0.04,0.125,0.015));
#12842=CARTESIAN_POINT('',(0.04,0.125,0.015));
#12843=CARTESIAN_POINT('',(-0.01,0.125,0.015));
#12844=CARTESIAN_POINT('',(-0.01,0.125,0.015));
#12845=CARTESIAN_POINT('',(-0.06,0.125,0.015));
#12846=CARTESIAN_POINT('',(-0.06,0.125,0.015));
#12847=CARTESIAN_POINT('',(-0.11,0.125,0.015));
#12848=CARTESIAN_POINT('',(-0.11,0.125,0.015));
#12849=CARTESIAN_POINT('',(0.11,0.125,-0.035));
#12850=CARTESIAN_POINT('',(0.11,0.125,-0.035));
#12851=CARTESIAN_POINT('',(0.09,0.125,-0.035));
#12852=CARTESIAN_POINT('',(0.11,0.125,-0.015));
#12853=CARTESIAN_POINT('',(0.11,0.125,-0.015));
#12854=CARTESIAN_POINT('',(0.06,0.125,-0.035));
#12855=CARTESIAN_POINT('',(0.06,0.125,-0.035));
#12856=CARTESIAN_POINT('',(0.04,0.125,-0.035));
#12857=CARTESIAN_POINT('',(0.06,0.125,-0.015));
#12858=CARTESIAN_POINT('',(0.06,0.125,-0.015));
#12859=CARTESIAN_POINT('',(0.01,0.125,-0.035));
#12860=CARTESIAN_POINT('',(0.01,0.125,-0.035));
#12861=CARTESIAN_POINT('',(-0.01,0.125,-0.035));
#12862=CARTESIAN_POINT('',(0.01,0.125,-0.015));
#12863=CARTESIAN_POINT('',(0.01,0.125,-0.015));
#12864=CARTESIAN_POINT('',(-0.04,0.125,-0.035));
#12865=CARTESIAN_POINT('',(-0.04,0.125,-0.035));
#12866=CARTESIAN_POINT('',(-0.06,0.125,-0.035));
#12867=CARTESIAN_POINT('',(-0.04,0.125,-0.015));
#12868=CARTESIAN_POINT('',(-0.04,0.125,-0.015));
#12869=CARTESIAN_POINT('',(-0.09,0.125,-0.035));
#12870=CARTESIAN_POINT('',(-0.09,0.125,-0.035));
#12871=CARTESIAN_POINT('',(-0.11,0.125,-0.035));
#12872=CARTESIAN_POINT('',(-0.09,0.125,-0.015));
#12873=CARTESIAN_POINT('',(-0.09,0.125,-0.015));
#12874=CARTESIAN_POINT('',(0.09,0.125,-0.035));
#12875=CARTESIAN_POINT('',(0.09,0.125,-0.015));
#12876=CARTESIAN_POINT('',(0.04,0.125,-0.035));
#12877=CARTESIAN_POINT('',(0.04,0.125,-0.015));
#12878=CARTESIAN_POINT('',(-0.01,0.125,-0.035));
#12879=CARTESIAN_POINT('',(-0.01,0.125,-0.015));
#12880=CARTESIAN_POINT('',(-0.06,0.125,-0.035));
#12881=CARTESIAN_POINT('',(-0.06,0.125,-0.015));
#12882=CARTESIAN_POINT('',(-0.11,0.125,-0.035));
#12883=CARTESIAN_POINT('',(-0.11,0.125,-0.015));
#12884=CARTESIAN_POINT('',(0.11,0.125,0.015));
#12885=CARTESIAN_POINT('',(0.09,0.125,-0.015));
#12886=CARTESIAN_POINT('',(0.06,0.125,0.015));
#12887=CARTESIAN_POINT('',(0.04,0.125,-0.015));
#12888=CARTESIAN_POINT('',(0.01,0.125,0.015));
#12889=CARTESIAN_POINT('',(-0.01,0.125,-0.015));
#12890=CARTESIAN_POINT('',(-0.04,0.125,0.015));
#12891=CARTESIAN_POINT('',(-0.06,0.125,-0.015));
#12892=CARTESIAN_POINT('',(-0.09,0.125,0.015));
#12893=CARTESIAN_POINT('',(-0.11,0.125,-0.015));
#12894=CARTESIAN_POINT('',(0.1425,0.125,-0.04));
#12895=CARTESIAN_POINT('',(0.1425,0.125,0.015));
#12896=CARTESIAN_POINT('',(0.1425,0.105,0.015));
#12897=CARTESIAN_POINT('',(0.1425,0.075,0.015));
#12898=CARTESIAN_POINT('',(0.1425,0.105,0.015));
#12899=CARTESIAN_POINT('',(0.1425,0.105,-0.015));
#12900=CARTESIAN_POINT('',(0.1425,0.125,-0.015));
#12901=CARTESIAN_POINT('',(0.1425,0.075,-0.015));
#12902=CARTESIAN_POINT('',(0.1425,0.075,-0.04));
#12903=CARTESIAN_POINT('',(0.1425,0.125,0.0165));
#12904=CARTESIAN_POINT('',(0.1425,0.065,0.0165));
#12905=CARTESIAN_POINT('',(0.1425,0.025,0.0165));
#12906=CARTESIAN_POINT('',(0.1425,0.025,-0.04));
#12907=CARTESIAN_POINT('',(0.1425,0.025,0.04));
#12908=CARTESIAN_POINT('',(0.1425,0.125,0.04));
#12909=CARTESIAN_POINT('',(0.1425,0.125,-0.04));
#12910=CARTESIAN_POINT('',(0.1425,0.025,-0.04));
#12911=CARTESIAN_POINT('',(0.1425,0.025,-0.04));
#12912=CARTESIAN_POINT('',(0.1425,0.025,-0.0165));
#12913=CARTESIAN_POINT('',(0.1425,0.125,-0.0165));
#12914=CARTESIAN_POINT('',(0.1425,0.065,-0.0165));
#12915=CARTESIAN_POINT('',(0.1425,0.065,-0.0165));
#12916=CARTESIAN_POINT('',(0.1425,0.065,-0.04));
#12917=CARTESIAN_POINT('',(0.1425,0.125,-0.04));
#12918=CARTESIAN_POINT('',(0.1425,0.125,0.04));
#12919=CARTESIAN_POINT('',(0.1425,0.065,0.04));
#12920=CARTESIAN_POINT('',(0.1425,0.065,0.04));
#12921=CARTESIAN_POINT('',(-0.1425,0.125,0.04));
#12922=CARTESIAN_POINT('',(-0.1425,0.125,0.015));
#12923=CARTESIAN_POINT('',(-0.1425,0.075,0.015));
#12924=CARTESIAN_POINT('',(-0.1425,0.105,0.015));
#12925=CARTESIAN_POINT('',(-0.1425,0.075,0.04));
#12926=CARTESIAN_POINT('',(-0.1425,0.075,-0.015));
#12927=CARTESIAN_POINT('',(-0.1425,0.125,-0.015));
#12928=CARTESIAN_POINT('',(-0.1425,0.105,-0.015));
#12929=CARTESIAN_POINT('',(-0.1425,0.105,0.015));
#12930=CARTESIAN_POINT('',(-0.1425,0.125,0.04));
#12931=CARTESIAN_POINT('',(-0.1425,0.025,0.04));
#12932=CARTESIAN_POINT('',(-0.1425,0.025,0.04));
#12933=CARTESIAN_POINT('',(-0.1425,0.025,0.0165));
#12934=CARTESIAN_POINT('',(-0.1425,0.125,0.0165));
#12935=CARTESIAN_POINT('',(-0.1425,0.065,0.0165));
#12936=CARTESIAN_POINT('',(-0.1425,0.065,0.04));
#12937=CARTESIAN_POINT('',(-0.1425,0.065,0.04));
#12938=CARTESIAN_POINT('',(-0.1425,0.125,0.04));
#12939=CARTESIAN_POINT('',(-0.1425,0.125,-0.04));
#12940=CARTESIAN_POINT('',(-0.1425,0.065,-0.04));
#12941=CARTESIAN_POINT('',(-0.1425,0.065,-0.0165));
#12942=CARTESIAN_POINT('',(-0.1425,0.065,-0.0165));
#12943=CARTESIAN_POINT('',(-0.1425,0.125,-0.0165));
#12944=CARTESIAN_POINT('',(-0.1425,0.025,-0.0165));
#12945=CARTESIAN_POINT('',(-0.1425,0.025,0.04));
#12946=CARTESIAN_POINT('',(-0.1425,0.025,-0.04));
#12947=CARTESIAN_POINT('',(-0.1425,0.125,-0.04));
#12948=CARTESIAN_POINT('',(-0.1925,0.125,0.04));
#12949=CARTESIAN_POINT('',(-0.1425,0.065,0.04));
#12950=CARTESIAN_POINT('',(-0.1575,0.03501249,0.04));
#12951=CARTESIAN_POINT('',(-0.1575,0.03501249,0.04));
#12952=CARTESIAN_POINT('',(-0.1575,0.025,0.04));
#12953=CARTESIAN_POINT('',(-0.1575,0.025,0.04));
#12954=CARTESIAN_POINT('',(-0.1925,0.125,0.04));
#12955=CARTESIAN_POINT('',(0.1425,0.125,0.04));
#12956=CARTESIAN_POINT('',(-0.1575,0.025,0.04));
#12957=CARTESIAN_POINT('',(0.1575,0.025,0.04));
#12958=CARTESIAN_POINT('',(0.1575,0.025,0.04));
#12959=CARTESIAN_POINT('',(0.1575,0.03501249,0.04));
#12960=CARTESIAN_POINT('',(0.1575,0.03501249,0.04));
#12961=CARTESIAN_POINT('',(0.1925,0.125,0.04));
#12962=CARTESIAN_POINT('',(0.1925,0.125,-0.04));
#12963=CARTESIAN_POINT('',(0.1575,0.025,-0.04));
#12964=CARTESIAN_POINT('',(0.1575,0.025,-0.04));
#12965=CARTESIAN_POINT('',(0.1575,0.03501249,-0.04));
#12966=CARTESIAN_POINT('',(-0.1575,0.025,-0.04));
#12967=CARTESIAN_POINT('',(0.1925,0.125,-0.04));
#12968=CARTESIAN_POINT('',(0.1575,0.03501249,-0.04));
#12969=CARTESIAN_POINT('',(-0.1425,0.125,-0.04));
#12970=CARTESIAN_POINT('',(-0.1575,0.03501249,-0.04));
#12971=CARTESIAN_POINT('',(-0.1575,0.03501249,-0.04));
#12972=CARTESIAN_POINT('',(-0.1575,0.025,-0.04));
#12973=CARTESIAN_POINT('',(-0.1425,0.065,-0.04));
#12974=CARTESIAN_POINT('',(-0.1925,0.125,-0.04));
#12975=CARTESIAN_POINT('',(-0.1575,0.025,-0.04));
#12976=CARTESIAN_POINT('',(-0.2075,0.125,-0.06));
#12977=CARTESIAN_POINT('',(-0.2075,0.125,-0.06));
#12978=CARTESIAN_POINT('',(0.2075,0.125,0.06));
#12979=CARTESIAN_POINT('',(0.2075,0.125,-0.06));
#12980=CARTESIAN_POINT('',(0.1925,0.125,0.04));
#12981=CARTESIAN_POINT('',(-0.1925,0.125,-0.04));
#12982=CARTESIAN_POINT('',(0.2075,0.125,-0.06));
#12983=CARTESIAN_POINT('',(0.,0.,0.015));
#12984=CARTESIAN_POINT('',(-0.1575,0.075,0.015));
#12985=CARTESIAN_POINT('',(-0.1575,0.075,0.015));
#12986=CARTESIAN_POINT('',(-0.1425,0.105,0.015));
#12987=CARTESIAN_POINT('',(0.,0.,-0.015));
#12988=CARTESIAN_POINT('',(-0.1575,0.075,-0.015));
#12989=CARTESIAN_POINT('',(-0.1575,0.075,-0.015));
#12990=CARTESIAN_POINT('',(-0.1425,0.105,-0.015));
#12991=CARTESIAN_POINT('',(-0.1425,0.105,0.015));
#12992=CARTESIAN_POINT('',(-0.1575,0.075,0.015));
#12993=CARTESIAN_POINT('',(-0.1575,0.075,0.015));
#12994=CARTESIAN_POINT('',(-0.1575,0.075,0.015));
#12995=CARTESIAN_POINT('',(-0.1575,0.075,-0.015));
#12996=CARTESIAN_POINT('',(0.1575,0.075,-0.015));
#12997=CARTESIAN_POINT('',(0.1575,0.075,0.015));
#12998=CARTESIAN_POINT('',(0.1575,0.075,0.015));
#12999=CARTESIAN_POINT('',(-0.1575,0.075,0.015));
#13000=CARTESIAN_POINT('',(0.,0.,0.015));
#13001=CARTESIAN_POINT('',(0.1575,0.075,0.015));
#13002=CARTESIAN_POINT('',(0.,0.,-0.015));
#13003=CARTESIAN_POINT('',(0.1575,0.075,-0.015));
#13004=CARTESIAN_POINT('',(0.1575,0.075,0.015));
#13005=CARTESIAN_POINT('',(0.,0.,-0.0165));
#13006=CARTESIAN_POINT('',(-0.1575,0.025,-0.0165));
#13007=CARTESIAN_POINT('',(-0.1575,0.025,-0.0165));
#13008=CARTESIAN_POINT('',(-0.1425,0.065,-0.0165));
#13009=CARTESIAN_POINT('',(-0.1575,0.03501249,-0.0165));
#13010=CARTESIAN_POINT('',(-0.1575,0.03501249,-0.0165));
#13011=CARTESIAN_POINT('',(-0.1425,0.065,-0.0165));
#13012=CARTESIAN_POINT('',(-0.1575,0.03501249,-0.0165));
#13013=CARTESIAN_POINT('',(-0.1575,0.025,-0.0165));
#13014=CARTESIAN_POINT('',(-0.1575,0.025,-0.0165));
#13015=CARTESIAN_POINT('',(-0.1575,0.03501249,-0.0165));
#13016=CARTESIAN_POINT('',(-0.1575,0.025,-0.0165));
#13017=CARTESIAN_POINT('',(0.1575,0.025,-0.0165));
#13018=CARTESIAN_POINT('',(0.1575,0.025,-0.0165));
#13019=CARTESIAN_POINT('',(-0.1575,0.025,-0.0165));
#13020=CARTESIAN_POINT('',(0.,0.,-0.0165));
#13021=CARTESIAN_POINT('',(0.1575,0.03501249,-0.0165));
#13022=CARTESIAN_POINT('',(0.1575,0.03501249,-0.0165));
#13023=CARTESIAN_POINT('',(0.1575,0.025,-0.0165));
#13024=CARTESIAN_POINT('',(0.1575,0.025,-0.0165));
#13025=CARTESIAN_POINT('',(0.1575,0.03501249,-0.0165));
#13026=CARTESIAN_POINT('',(0.1575,0.03501249,-0.0165));
#13027=CARTESIAN_POINT('',(0.1575,0.03501249,0.04));
#13028=CARTESIAN_POINT('',(0.1575,0.03501249,0.0165));
#13029=CARTESIAN_POINT('',(0.1575,0.03501249,0.0165));
#13030=CARTESIAN_POINT('',(0.1575,0.03501249,0.04));
#13031=CARTESIAN_POINT('',(0.1575,0.025,0.04));
#13032=CARTESIAN_POINT('',(0.1575,0.025,0.0165));
#13033=CARTESIAN_POINT('',(0.1575,0.025,0.0165));
#13034=CARTESIAN_POINT('',(0.1575,0.025,0.04));
#13035=CARTESIAN_POINT('',(-0.1575,0.025,0.04));
#13036=CARTESIAN_POINT('',(-0.1575,0.025,0.0165));
#13037=CARTESIAN_POINT('',(0.,0.,0.0165));
#13038=CARTESIAN_POINT('',(-0.1575,0.025,0.04));
#13039=CARTESIAN_POINT('',(-0.1575,0.025,0.04));
#13040=CARTESIAN_POINT('',(-0.1575,0.025,0.0165));
#13041=CARTESIAN_POINT('',(-0.1575,0.025,0.0165));
#13042=CARTESIAN_POINT('',(0.,0.,0.0165));
#13043=CARTESIAN_POINT('',(-0.1575,0.03501249,0.0165));
#13044=CARTESIAN_POINT('',(-0.1575,0.03501249,0.0165));
#13045=CARTESIAN_POINT('',(-0.1425,0.065,0.0165));
#13046=CARTESIAN_POINT('',(-0.1425,0.065,0.04));
#13047=CARTESIAN_POINT('',(-0.1575,0.03501249,0.04));
#13048=CARTESIAN_POINT('',(-0.1575,0.03501249,0.04));
#13049=CARTESIAN_POINT('',(-0.1325,0.135,0.019));
#13050=CARTESIAN_POINT('',(0.1325,0.135,-0.019));
#13051=CARTESIAN_POINT('',(-0.1325,0.135,0.019));
#13052=CARTESIAN_POINT('',(0.1325,0.135,-0.019));
#13053=CARTESIAN_POINT('',(-0.1325,0.135,0.019));
#13054=CARTESIAN_POINT('',(0.1325,0.135,-0.019));
#13055=CARTESIAN_POINT('',(-0.1325,0.135,0.019));
#13056=CARTESIAN_POINT('',(0.1325,0.135,-0.019));
#13057=CARTESIAN_POINT('',(-0.1325,0.135,0.019));
#13058=CARTESIAN_POINT('',(0.1325,0.135,-0.019));
#13059=CARTESIAN_POINT('',(0.1325,0.135,-0.019));
#13060=CARTESIAN_POINT('',(-0.1325,0.135,0.019));
#13061=CARTESIAN_POINT('',(-0.1,0.0519615242270663,0.065));
#13062=CARTESIAN_POINT('',(-0.1,0.0519615242270663,0.055));
#13063=CARTESIAN_POINT('',(-0.1,0.0519615242270663,0.055));
#13064=CARTESIAN_POINT('',(-0.1,0.0519615242270663,0.065));
#13065=CARTESIAN_POINT('',(-0.07,0.,0.065));
#13066=CARTESIAN_POINT('',(-0.07,0.,0.055));
#13067=CARTESIAN_POINT('',(0.,0.,0.055));
#13068=CARTESIAN_POINT('',(0.1325,0.142266541348292,1.73472347597681E-18));
#13069=CARTESIAN_POINT('',(-0.1325,0.142266541348292,1.73472347597681E-18));
#13070=CARTESIAN_POINT('',(-0.1325,0.142266541348292,0.));
#13071=CARTESIAN_POINT('',(0.1325,0.125,0.011));
#13072=CARTESIAN_POINT('',(0.1325,0.142266541348292,1.73472347597681E-18));
#13073=CARTESIAN_POINT('',(0.1325,0.142266541348292,0.));
#13074=CARTESIAN_POINT('',(0.1325,0.142266541348292,0.));
#13075=CARTESIAN_POINT('',(0.1325,0.125,0.011));
#13076=CARTESIAN_POINT('',(0.1325,0.,-0.011));
#13077=CARTESIAN_POINT('',(0.1325,0.125,-0.011));
#13078=CARTESIAN_POINT('',(0.1325,0.125,-0.011));
#13079=CARTESIAN_POINT('',(-0.1325,0.125,-0.011));
#13080=CARTESIAN_POINT('',(0.1325,0.125,-0.011));
#13081=CARTESIAN_POINT('',(0.1325,0.,0.));
#13082=CARTESIAN_POINT('',(-0.1325,0.,0.));
#13083=CARTESIAN_POINT('',(-0.0375,0.125,0.06));
#13084=CARTESIAN_POINT('',(0.0375,0.125,0.1));
#13085=CARTESIAN_POINT('',(0.019375,0.0935,0.1005));
#13086=CARTESIAN_POINT('',(-0.019375,0.0935,0.1005));
#13087=CARTESIAN_POINT('',(-0.019375,0.0935,0.1005));
#13088=CARTESIAN_POINT('',(0.019375,0.0935,0.1005));
#13089=CARTESIAN_POINT('',(0.019375,0.0935,0.1005));
#13090=CARTESIAN_POINT('',(0.019375,0.0935,0.1005));
#13091=CARTESIAN_POINT('',(-0.019375,0.0935,0.1005));
#13092=CARTESIAN_POINT('',(-0.019375,0.08854,0.1005));
#13093=CARTESIAN_POINT('',(-0.019375,0.08854,0.1005));
#13094=CARTESIAN_POINT('',(-0.019375,0.0935,0.1005));
#13095=CARTESIAN_POINT('',(-0.019375,0.08854,0.1005));
#13096=CARTESIAN_POINT('',(0.019375,0.08854,0.1005));
#13097=CARTESIAN_POINT('',(0.019375,0.08854,0.1005));
#13098=CARTESIAN_POINT('',(-0.019375,0.08854,0.1005));
#13099=CARTESIAN_POINT('',(0.019375,0.08854,0.1005));
#13100=CARTESIAN_POINT('',(0.019375,0.08854,0.1005));
#13101=CARTESIAN_POINT('',(0.,0.,0.1005));
#13102=CARTESIAN_POINT('',(0.014415,0.04638,0.1005));
#13103=CARTESIAN_POINT('',(-0.019375,0.04638,0.1005));
#13104=CARTESIAN_POINT('',(-0.019375,0.04638,0.1005));
#13105=CARTESIAN_POINT('',(0.014415,0.04638,0.1005));
#13106=CARTESIAN_POINT('',(0.014415,0.04638,0.1005));
#13107=CARTESIAN_POINT('',(0.014415,0.04638,0.1005));
#13108=CARTESIAN_POINT('',(-0.019375,0.04638,0.1005));
#13109=CARTESIAN_POINT('',(-0.019375,0.04142,0.1005));
#13110=CARTESIAN_POINT('',(-0.019375,0.04142,0.1005));
#13111=CARTESIAN_POINT('',(-0.019375,0.04638,0.1005));
#13112=CARTESIAN_POINT('',(-0.019375,0.04142,0.1005));
#13113=CARTESIAN_POINT('',(0.019375,0.04142,0.1005));
#13114=CARTESIAN_POINT('',(0.019375,0.04142,0.1005));
#13115=CARTESIAN_POINT('',(-0.019375,0.04142,0.1005));
#13116=CARTESIAN_POINT('',(0.019375,0.04142,0.1005));
#13117=CARTESIAN_POINT('',(0.019375,0.0645835812182741,0.1005));
#13118=CARTESIAN_POINT('',(0.019375,0.0645835812182741,0.1005));
#13119=CARTESIAN_POINT('',(0.019375,0.04142,0.1005));
#13120=CARTESIAN_POINT('',(0.019375,0.0645835812182741,0.1005));
#13121=CARTESIAN_POINT('',(-0.014415,0.0645835812182741,0.1005));
#13122=CARTESIAN_POINT('',(-0.014415,0.0645835812182741,0.1005));
#13123=CARTESIAN_POINT('',(0.019375,0.0645835812182741,0.1005));
#13124=CARTESIAN_POINT('',(-0.014415,0.0645835812182741,0.1005));
#13125=CARTESIAN_POINT('',(-0.014415,0.07862,0.1005));
#13126=CARTESIAN_POINT('',(-0.014415,0.07862,0.1005));
#13127=CARTESIAN_POINT('',(-0.014415,0.0645835812182741,0.1005));
#13128=CARTESIAN_POINT('',(-0.014415,0.07862,0.1005));
#13129=CARTESIAN_POINT('',(0.019375,0.07862,0.1005));
#13130=CARTESIAN_POINT('',(0.019375,0.07862,0.1005));
#13131=CARTESIAN_POINT('',(-0.014415,0.07862,0.1005));
#13132=CARTESIAN_POINT('',(0.019375,0.07862,0.1005));
#13133=CARTESIAN_POINT('',(0.019375,0.08358,0.1005));
#13134=CARTESIAN_POINT('',(0.019375,0.08358,0.1005));
#13135=CARTESIAN_POINT('',(0.019375,0.07862,0.1005));
#13136=CARTESIAN_POINT('',(0.019375,0.08358,0.1005));
#13137=CARTESIAN_POINT('',(-0.019375,0.08358,0.1005));
#13138=CARTESIAN_POINT('',(-0.019375,0.08358,0.1005));
#13139=CARTESIAN_POINT('',(0.019375,0.08358,0.1005));
#13140=CARTESIAN_POINT('',(-0.019375,0.08358,0.1005));
#13141=CARTESIAN_POINT('',(-0.019375,0.06002,0.1005));
#13142=CARTESIAN_POINT('',(-0.019375,0.06002,0.1005));
#13143=CARTESIAN_POINT('',(-0.019375,0.08358,0.1005));
#13144=CARTESIAN_POINT('',(-0.019375,0.06002,0.1005));
#13145=CARTESIAN_POINT('',(0.014415,0.06002,0.1005));
#13146=CARTESIAN_POINT('',(0.014415,0.06002,0.1005));
#13147=CARTESIAN_POINT('',(-0.019375,0.06002,0.1005));
#13148=CARTESIAN_POINT('',(0.014415,0.06002,0.1005));
#13149=CARTESIAN_POINT('',(0.014415,0.06002,0.1005));
#13150=CARTESIAN_POINT('',(0.,0.,0.1005));
#13151=CARTESIAN_POINT('',(0.019375,0.03646,0.1005));
#13152=CARTESIAN_POINT('',(-0.019375,0.03646,0.1005));
#13153=CARTESIAN_POINT('',(-0.019375,0.03646,0.1005));
#13154=CARTESIAN_POINT('',(0.019375,0.03646,0.1005));
#13155=CARTESIAN_POINT('',(0.019375,0.03646,0.1005));
#13156=CARTESIAN_POINT('',(0.019375,0.03646,0.1005));
#13157=CARTESIAN_POINT('',(-0.019375,0.03646,0.1005));
#13158=CARTESIAN_POINT('',(-0.019375,0.0315,0.1005));
#13159=CARTESIAN_POINT('',(-0.019375,0.0315,0.1005));
#13160=CARTESIAN_POINT('',(-0.019375,0.03646,0.1005));
#13161=CARTESIAN_POINT('',(-0.019375,0.0315,0.1005));
#13162=CARTESIAN_POINT('',(0.019375,0.0315,0.1005));
#13163=CARTESIAN_POINT('',(0.019375,0.0315,0.1005));
#13164=CARTESIAN_POINT('',(-0.019375,0.0315,0.1005));
#13165=CARTESIAN_POINT('',(0.019375,0.0315,0.1005));
#13166=CARTESIAN_POINT('',(0.019375,0.0315,0.1005));
#13167=CARTESIAN_POINT('',(0.,0.,0.1005));
#13168=CARTESIAN_POINT('',(0.,0.,0.));
#13169=CARTESIAN_POINT('',(-0.1395,0.0155,0.1));
#13170=CARTESIAN_POINT('',(-0.1395,0.0155,-0.06));
#13171=CARTESIAN_POINT('',(-0.108737022455555,0.0155,-0.06));
#13172=CARTESIAN_POINT('',(-0.0912629775444455,0.0155,-0.06));
#13173=CARTESIAN_POINT('',(-0.108737022455555,0.0155,0.07));
#13174=CARTESIAN_POINT('',(-0.108737022455555,0.0155,-0.0275));
#13175=CARTESIAN_POINT('',(-0.0695,0.0155,-0.0275));
#13176=CARTESIAN_POINT('',(-0.0912629775444455,0.0155,-0.0275));
#13177=CARTESIAN_POINT('',(-0.0912629775444455,0.0155,0.07));
#13178=CARTESIAN_POINT('',(-0.1395,0.0155,0.1));
#13179=CARTESIAN_POINT('',(-0.1305,0.0155,0.0275));
#13180=CARTESIAN_POINT('',(-0.108737022455555,0.0155,0.0275));
#13181=CARTESIAN_POINT('',(-0.0912629775444455,0.0155,0.0275));
#13182=CARTESIAN_POINT('',(-0.108737022455555,0.0155,0.07));
#13183=CARTESIAN_POINT('',(-0.108737022455555,0.0155,0.06));
#13184=CARTESIAN_POINT('',(-0.1395,0.0155,0.06));
#13185=CARTESIAN_POINT('',(-0.0912629775444455,0.0155,0.06));
#13186=CARTESIAN_POINT('',(-0.0912629775444455,0.0155,0.07));
#13187=CARTESIAN_POINT('',(-0.1395,0.0155,0.1));
#13188=CARTESIAN_POINT('',(-0.1395,0.0155,0.06));
#13189=CARTESIAN_POINT('',(-0.1395,0.0155,0.06));
#13190=CARTESIAN_POINT('',(-0.116262977544445,0.0155,0.06));
#13191=CARTESIAN_POINT('',(-0.116262977544445,0.0155,0.07));
#13192=CARTESIAN_POINT('',(-0.116262977544445,0.0155,0.0275));
#13193=CARTESIAN_POINT('',(-0.1305,0.0155,0.0275));
#13194=CARTESIAN_POINT('',(-0.134,0.0155,0.0275));
#13195=CARTESIAN_POINT('',(-0.134,0.0155,-0.0275));
#13196=CARTESIAN_POINT('',(-0.134,0.0155,-0.0275));
#13197=CARTESIAN_POINT('',(-0.0695,0.0155,-0.0275));
#13198=CARTESIAN_POINT('',(-0.116262977544445,0.0155,-0.0275));
#13199=CARTESIAN_POINT('',(-0.116262977544445,0.0155,0.07));
#13200=CARTESIAN_POINT('',(-0.116262977544445,0.0155,-0.06));
#13201=CARTESIAN_POINT('',(-0.1395,0.0155,-0.06));
#13202=CARTESIAN_POINT('',(-0.1395,0.0155,-0.06));
#13203=CARTESIAN_POINT('',(-0.1395,0.0155,0.1));
#13204=CARTESIAN_POINT('',(-0.1395,0.0155,0.1));
#13205=CARTESIAN_POINT('',(-0.1395,0.0155,-0.06));
#13206=CARTESIAN_POINT('',(-0.0837370224555545,0.0155,-0.06));
#13207=CARTESIAN_POINT('',(-0.0662629775444453,0.0155,-0.06));
#13208=CARTESIAN_POINT('',(-0.0837370224555545,0.0155,0.07));
#13209=CARTESIAN_POINT('',(-0.0837370224555545,0.0155,-0.0275));
#13210=CARTESIAN_POINT('',(-0.0695,0.0155,-0.0275));
#13211=CARTESIAN_POINT('',(-0.0662629775444453,0.0155,-0.0275));
#13212=CARTESIAN_POINT('',(-0.0662629775444453,0.0155,0.07));
#13213=CARTESIAN_POINT('',(-0.1395,0.0155,0.1));
#13214=CARTESIAN_POINT('',(-0.1305,0.0155,0.0275));
#13215=CARTESIAN_POINT('',(-0.0837370224555545,0.0155,0.0275));
#13216=CARTESIAN_POINT('',(-0.0662629775444453,0.0155,0.0275));
#13217=CARTESIAN_POINT('',(-0.0837370224555545,0.0155,0.07));
#13218=CARTESIAN_POINT('',(-0.0837370224555545,0.0155,0.06));
#13219=CARTESIAN_POINT('',(-0.1395,0.0155,0.06));
#13220=CARTESIAN_POINT('',(-0.0662629775444453,0.0155,0.06));
#13221=CARTESIAN_POINT('',(-0.0662629775444453,0.0155,0.07));
#13222=CARTESIAN_POINT('',(-0.1395,0.0155,0.1));
#13223=CARTESIAN_POINT('',(-0.1395,0.0155,-0.06));
#13224=CARTESIAN_POINT('',(-0.0587370224555547,0.0155,-0.06));
#13225=CARTESIAN_POINT('',(-0.0412629775444453,0.0155,-0.06));
#13226=CARTESIAN_POINT('',(-0.0587370224555547,0.0155,0.07));
#13227=CARTESIAN_POINT('',(-0.0587370224555547,0.0155,-0.0275));
#13228=CARTESIAN_POINT('',(-0.0695,0.0155,-0.0275));
#13229=CARTESIAN_POINT('',(-0.0412629775444453,0.0155,-0.0275));
#13230=CARTESIAN_POINT('',(-0.0412629775444453,0.0155,0.07));
#13231=CARTESIAN_POINT('',(-0.1395,0.0155,0.1));
#13232=CARTESIAN_POINT('',(-0.1305,0.0155,0.0275));
#13233=CARTESIAN_POINT('',(-0.0587370224555547,0.0155,0.0275));
#13234=CARTESIAN_POINT('',(-0.0412629775444453,0.0155,0.0275));
#13235=CARTESIAN_POINT('',(-0.0587370224555547,0.0155,0.07));
#13236=CARTESIAN_POINT('',(-0.0587370224555547,0.0155,0.06));
#13237=CARTESIAN_POINT('',(-0.1395,0.0155,0.06));
#13238=CARTESIAN_POINT('',(-0.0412629775444453,0.0155,0.06));
#13239=CARTESIAN_POINT('',(-0.0412629775444453,0.0155,0.07));
#13240=CARTESIAN_POINT('',(-0.1395,0.0155,0.1));
#13241=CARTESIAN_POINT('',(-0.1395,0.0155,-0.06));
#13242=CARTESIAN_POINT('',(-0.0337370224555547,0.0155,-0.06));
#13243=CARTESIAN_POINT('',(-0.0162629775444453,0.0155,-0.06));
#13244=CARTESIAN_POINT('',(-0.0337370224555547,0.0155,0.07));
#13245=CARTESIAN_POINT('',(-0.0337370224555547,0.0155,-0.0275));
#13246=CARTESIAN_POINT('',(-0.0695,0.0155,-0.0275));
#13247=CARTESIAN_POINT('',(-0.0162629775444453,0.0155,-0.0275));
#13248=CARTESIAN_POINT('',(-0.0162629775444453,0.0155,0.07));
#13249=CARTESIAN_POINT('',(-0.1395,0.0155,0.1));
#13250=CARTESIAN_POINT('',(-0.1305,0.0155,0.0275));
#13251=CARTESIAN_POINT('',(-0.0337370224555547,0.0155,0.0275));
#13252=CARTESIAN_POINT('',(-0.0162629775444453,0.0155,0.0275));
#13253=CARTESIAN_POINT('',(-0.0337370224555547,0.0155,0.07));
#13254=CARTESIAN_POINT('',(-0.0337370224555547,0.0155,0.06));
#13255=CARTESIAN_POINT('',(-0.1395,0.0155,0.06));
#13256=CARTESIAN_POINT('',(-0.0162629775444453,0.0155,0.06));
#13257=CARTESIAN_POINT('',(-0.0162629775444453,0.0155,0.07));
#13258=CARTESIAN_POINT('',(-0.1395,0.0155,0.1));
#13259=CARTESIAN_POINT('',(-0.1395,0.0155,-0.06));
#13260=CARTESIAN_POINT('',(-0.00873702245555466,0.0155,-0.06));
#13261=CARTESIAN_POINT('',(0.0087370224555547,0.0155,-0.06));
#13262=CARTESIAN_POINT('',(-0.00873702245555467,0.0155,0.07));
#13263=CARTESIAN_POINT('',(-0.00873702245555465,0.0155,-0.0275));
#13264=CARTESIAN_POINT('',(-0.0695,0.0155,-0.0275));
#13265=CARTESIAN_POINT('',(0.00873702245555469,0.0155,-0.0275));
#13266=CARTESIAN_POINT('',(0.00873702245555469,0.0155,0.07));
#13267=CARTESIAN_POINT('',(-0.1395,0.0155,0.1));
#13268=CARTESIAN_POINT('',(-0.1305,0.0155,0.0275));
#13269=CARTESIAN_POINT('',(-0.00873702245555465,0.0155,0.0275));
#13270=CARTESIAN_POINT('',(0.0087370224555547,0.0155,0.0275));
#13271=CARTESIAN_POINT('',(-0.00873702245555467,0.0155,0.07));
#13272=CARTESIAN_POINT('',(-0.00873702245555466,0.0155,0.06));
#13273=CARTESIAN_POINT('',(-0.1395,0.0155,0.06));
#13274=CARTESIAN_POINT('',(0.00873702245555469,0.0155,0.06));
#13275=CARTESIAN_POINT('',(0.00873702245555469,0.0155,0.07));
#13276=CARTESIAN_POINT('',(-0.1395,0.0155,0.1));
#13277=CARTESIAN_POINT('',(-0.1395,0.0155,-0.06));
#13278=CARTESIAN_POINT('',(0.0162629775444453,0.0155,-0.06));
#13279=CARTESIAN_POINT('',(0.0337370224555547,0.0155,-0.06));
#13280=CARTESIAN_POINT('',(0.0162629775444453,0.0155,0.07));
#13281=CARTESIAN_POINT('',(0.0162629775444453,0.0155,-0.0275));
#13282=CARTESIAN_POINT('',(-0.0695,0.0155,-0.0275));
#13283=CARTESIAN_POINT('',(0.0337370224555547,0.0155,-0.0275));
#13284=CARTESIAN_POINT('',(0.0337370224555547,0.0155,0.07));
#13285=CARTESIAN_POINT('',(-0.1395,0.0155,0.1));
#13286=CARTESIAN_POINT('',(-0.1305,0.0155,0.0275));
#13287=CARTESIAN_POINT('',(0.0162629775444453,0.0155,0.0275));
#13288=CARTESIAN_POINT('',(0.0337370224555547,0.0155,0.0275));
#13289=CARTESIAN_POINT('',(0.0162629775444453,0.0155,0.07));
#13290=CARTESIAN_POINT('',(0.0162629775444453,0.0155,0.06));
#13291=CARTESIAN_POINT('',(-0.1395,0.0155,0.06));
#13292=CARTESIAN_POINT('',(0.0337370224555547,0.0155,0.06));
#13293=CARTESIAN_POINT('',(0.0337370224555547,0.0155,0.07));
#13294=CARTESIAN_POINT('',(-0.1395,0.0155,0.1));
#13295=CARTESIAN_POINT('',(-0.1395,0.0155,-0.06));
#13296=CARTESIAN_POINT('',(0.0412629775444453,0.0155,-0.06));
#13297=CARTESIAN_POINT('',(0.0587370224555546,0.0155,-0.06));
#13298=CARTESIAN_POINT('',(0.0412629775444453,0.0155,0.07));
#13299=CARTESIAN_POINT('',(0.0412629775444453,0.0155,-0.0275));
#13300=CARTESIAN_POINT('',(-0.0695,0.0155,-0.0275));
#13301=CARTESIAN_POINT('',(0.0587370224555546,0.0155,-0.0275));
#13302=CARTESIAN_POINT('',(0.0587370224555546,0.0155,0.07));
#13303=CARTESIAN_POINT('',(-0.1395,0.0155,0.1));
#13304=CARTESIAN_POINT('',(-0.1305,0.0155,0.0275));
#13305=CARTESIAN_POINT('',(0.0412629775444453,0.0155,0.0275));
#13306=CARTESIAN_POINT('',(0.0587370224555546,0.0155,0.0275));
#13307=CARTESIAN_POINT('',(0.0412629775444453,0.0155,0.07));
#13308=CARTESIAN_POINT('',(0.0412629775444453,0.0155,0.06));
#13309=CARTESIAN_POINT('',(-0.1395,0.0155,0.06));
#13310=CARTESIAN_POINT('',(0.0587370224555546,0.0155,0.06));
#13311=CARTESIAN_POINT('',(0.0587370224555546,0.0155,0.07));
#13312=CARTESIAN_POINT('',(-0.1395,0.0155,0.1));
#13313=CARTESIAN_POINT('',(-0.1395,0.0155,-0.06));
#13314=CARTESIAN_POINT('',(0.0662629775444454,0.0155,-0.06));
#13315=CARTESIAN_POINT('',(0.0837370224555546,0.0155,-0.06));
#13316=CARTESIAN_POINT('',(0.0662629775444454,0.0155,0.07));
#13317=CARTESIAN_POINT('',(0.0662629775444454,0.0155,-0.0275));
#13318=CARTESIAN_POINT('',(-0.0695,0.0155,-0.0275));
#13319=CARTESIAN_POINT('',(0.0837370224555546,0.0155,-0.0275));
#13320=CARTESIAN_POINT('',(0.0837370224555546,0.0155,0.07));
#13321=CARTESIAN_POINT('',(-0.1395,0.0155,0.1));
#13322=CARTESIAN_POINT('',(-0.1305,0.0155,0.0275));
#13323=CARTESIAN_POINT('',(0.0662629775444454,0.0155,0.0275));
#13324=CARTESIAN_POINT('',(0.0837370224555546,0.0155,0.0275));
#13325=CARTESIAN_POINT('',(0.0662629775444454,0.0155,0.07));
#13326=CARTESIAN_POINT('',(0.0662629775444454,0.0155,0.06));
#13327=CARTESIAN_POINT('',(-0.1395,0.0155,0.06));
#13328=CARTESIAN_POINT('',(0.0837370224555546,0.0155,0.06));
#13329=CARTESIAN_POINT('',(0.0837370224555546,0.0155,0.07));
#13330=CARTESIAN_POINT('',(-0.1395,0.0155,0.1));
#13331=CARTESIAN_POINT('',(-0.1395,0.0155,-0.06));
#13332=CARTESIAN_POINT('',(0.0912629775444454,0.0155,-0.06));
#13333=CARTESIAN_POINT('',(0.108737022455555,0.0155,-0.06));
#13334=CARTESIAN_POINT('',(0.0912629775444454,0.0155,0.07));
#13335=CARTESIAN_POINT('',(0.0912629775444454,0.0155,-0.0275));
#13336=CARTESIAN_POINT('',(-0.0695,0.0155,-0.0275));
#13337=CARTESIAN_POINT('',(0.108737022455555,0.0155,-0.0275));
#13338=CARTESIAN_POINT('',(0.108737022455555,0.0155,0.07));
#13339=CARTESIAN_POINT('',(-0.1395,0.0155,0.1));
#13340=CARTESIAN_POINT('',(-0.1305,0.0155,0.0275));
#13341=CARTESIAN_POINT('',(0.0912629775444454,0.0155,0.0275));
#13342=CARTESIAN_POINT('',(0.108737022455555,0.0155,0.0275));
#13343=CARTESIAN_POINT('',(0.0912629775444454,0.0155,0.07));
#13344=CARTESIAN_POINT('',(0.0912629775444454,0.0155,0.06));
#13345=CARTESIAN_POINT('',(-0.1395,0.0155,0.06));
#13346=CARTESIAN_POINT('',(0.108737022455555,0.0155,0.06));
#13347=CARTESIAN_POINT('',(0.108737022455555,0.0155,0.07));
#13348=CARTESIAN_POINT('',(-0.1395,0.0155,0.1));
#13349=CARTESIAN_POINT('',(-0.1395,0.0155,-0.06));
#13350=CARTESIAN_POINT('',(0.116262977544444,0.0155,-0.06));
#13351=CARTESIAN_POINT('',(0.1395,0.0155,-0.06));
#13352=CARTESIAN_POINT('',(0.116262977544444,0.0155,0.07));
#13353=CARTESIAN_POINT('',(0.116262977544445,0.0155,-0.0275));
#13354=CARTESIAN_POINT('',(-0.0695,0.0155,-0.0275));
#13355=CARTESIAN_POINT('',(0.134,0.0155,-0.0275));
#13356=CARTESIAN_POINT('',(0.134,0.0155,0.0275));
#13357=CARTESIAN_POINT('',(0.134,0.0155,0.0275));
#13358=CARTESIAN_POINT('',(-0.1305,0.0155,0.0275));
#13359=CARTESIAN_POINT('',(0.116262977544445,0.0155,0.0275));
#13360=CARTESIAN_POINT('',(0.116262977544444,0.0155,0.07));
#13361=CARTESIAN_POINT('',(0.116262977544444,0.0155,0.06));
#13362=CARTESIAN_POINT('',(-0.1395,0.0155,0.06));
#13363=CARTESIAN_POINT('',(0.1395,0.0155,0.06));
#13364=CARTESIAN_POINT('',(0.1395,0.0155,0.1));
#13365=CARTESIAN_POINT('',(0.1305,0.075,-0.0125));
#13366=CARTESIAN_POINT('',(0.1305,0.075,-0.0275));
#13367=CARTESIAN_POINT('',(0.1305,0.075,-0.0275));
#13368=CARTESIAN_POINT('',(0.1305,0.0535,-0.0275));
#13369=CARTESIAN_POINT('',(0.1305,0.0535,-0.0125));
#13370=CARTESIAN_POINT('',(0.1305,0.0535,-0.0125));
#13371=CARTESIAN_POINT('',(0.1305,0.075,-0.0125));
#13372=CARTESIAN_POINT('',(0.1305,0.075,-0.0125));
#13373=CARTESIAN_POINT('',(0.1305,0.075,-0.0125));
#13374=CARTESIAN_POINT('',(0.1055,0.075,0.0275));
#13375=CARTESIAN_POINT('',(0.1055,0.075,0.0125));
#13376=CARTESIAN_POINT('',(0.1055,0.075,0.0125));
#13377=CARTESIAN_POINT('',(0.1055,0.0522483508517232,0.0125));
#13378=CARTESIAN_POINT('',(0.1055,0.0522483508517232,0.1));
#13379=CARTESIAN_POINT('',(0.1055,0.0522483508517232,0.0275));
#13380=CARTESIAN_POINT('',(0.1055,0.075,0.0275));
#13381=CARTESIAN_POINT('',(0.1055,0.075,0.0275));
#13382=CARTESIAN_POINT('',(0.1055,0.075,0.0275));
#13383=CARTESIAN_POINT('',(0.0805,0.075,-0.0125));
#13384=CARTESIAN_POINT('',(0.0805,0.075,-0.0275));
#13385=CARTESIAN_POINT('',(0.0805,0.075,-0.0275));
#13386=CARTESIAN_POINT('',(0.0805,0.0522483508517232,-0.0275));
#13387=CARTESIAN_POINT('',(0.0805,0.0522483508517232,0.1));
#13388=CARTESIAN_POINT('',(0.0805,0.0522483508517232,-0.0125));
#13389=CARTESIAN_POINT('',(0.0805,0.075,-0.0125));
#13390=CARTESIAN_POINT('',(0.0805,0.075,-0.0125));
#13391=CARTESIAN_POINT('',(0.0805,0.075,-0.0125));
#13392=CARTESIAN_POINT('',(0.0555,0.075,0.0275));
#13393=CARTESIAN_POINT('',(0.0555,0.075,0.0125));
#13394=CARTESIAN_POINT('',(0.0555,0.075,0.0125));
#13395=CARTESIAN_POINT('',(0.0555,0.0522483508517232,0.0125));
#13396=CARTESIAN_POINT('',(0.0555,0.0522483508517232,0.1));
#13397=CARTESIAN_POINT('',(0.0555,0.0522483508517232,0.0275));
#13398=CARTESIAN_POINT('',(0.0555,0.075,0.0275));
#13399=CARTESIAN_POINT('',(0.0555,0.075,0.0275));
#13400=CARTESIAN_POINT('',(0.0555,0.075,0.0275));
#13401=CARTESIAN_POINT('',(0.0305,0.075,-0.0125));
#13402=CARTESIAN_POINT('',(0.0305,0.075,-0.0275));
#13403=CARTESIAN_POINT('',(0.0305,0.075,-0.0275));
#13404=CARTESIAN_POINT('',(0.0305,0.0522483508517232,-0.0275));
#13405=CARTESIAN_POINT('',(0.0305,0.0522483508517232,0.1));
#13406=CARTESIAN_POINT('',(0.0305,0.0522483508517232,-0.0125));
#13407=CARTESIAN_POINT('',(0.0305,0.075,-0.0125));
#13408=CARTESIAN_POINT('',(0.0305,0.075,-0.0125));
#13409=CARTESIAN_POINT('',(0.0305,0.075,-0.0125));
#13410=CARTESIAN_POINT('',(0.0055,0.075,0.0275));
#13411=CARTESIAN_POINT('',(0.0055,0.075,0.0125));
#13412=CARTESIAN_POINT('',(0.0055,0.075,0.0125));
#13413=CARTESIAN_POINT('',(0.0055,0.0522483508517232,0.0125));
#13414=CARTESIAN_POINT('',(0.0055,0.0522483508517232,0.1));
#13415=CARTESIAN_POINT('',(0.00550000000000001,0.0522483508517232,0.0275));
#13416=CARTESIAN_POINT('',(0.0055,0.075,0.0275));
#13417=CARTESIAN_POINT('',(0.0055,0.075,0.0275));
#13418=CARTESIAN_POINT('',(0.0055,0.075,0.0275));
#13419=CARTESIAN_POINT('',(-0.0195,0.075,-0.0125));
#13420=CARTESIAN_POINT('',(-0.0195,0.075,-0.0275));
#13421=CARTESIAN_POINT('',(-0.0195,0.075,-0.0275));
#13422=CARTESIAN_POINT('',(-0.0195,0.0522483508517232,-0.0275));
#13423=CARTESIAN_POINT('',(-0.0195,0.0522483508517232,0.1));
#13424=CARTESIAN_POINT('',(-0.0195,0.0522483508517232,-0.0125));
#13425=CARTESIAN_POINT('',(-0.0195,0.075,-0.0125));
#13426=CARTESIAN_POINT('',(-0.0195,0.075,-0.0125));
#13427=CARTESIAN_POINT('',(-0.0195,0.075,-0.0125));
#13428=CARTESIAN_POINT('',(-0.0445,0.075,0.0275));
#13429=CARTESIAN_POINT('',(-0.0445,0.075,0.0125));
#13430=CARTESIAN_POINT('',(-0.0445,0.075,0.0125));
#13431=CARTESIAN_POINT('',(-0.0445,0.0522483508517232,0.0125));
#13432=CARTESIAN_POINT('',(-0.0445,0.0522483508517232,0.1));
#13433=CARTESIAN_POINT('',(-0.0445,0.0522483508517232,0.0275));
#13434=CARTESIAN_POINT('',(-0.0445,0.075,0.0275));
#13435=CARTESIAN_POINT('',(-0.0445,0.075,0.0275));
#13436=CARTESIAN_POINT('',(-0.0445,0.075,0.0275));
#13437=CARTESIAN_POINT('',(-0.0695,0.075,-0.0275));
#13438=CARTESIAN_POINT('',(-0.1125,0.027,-0.0275));
#13439=CARTESIAN_POINT('',(-0.134,0.021,-0.0275));
#13440=CARTESIAN_POINT('',(-0.134,0.,-0.0275));
#13441=CARTESIAN_POINT('',(-0.0695,0.,-0.0275));
#13442=CARTESIAN_POINT('',(0.134,0.,-0.0275));
#13443=CARTESIAN_POINT('',(0.134,0.021,-0.0275));
#13444=CARTESIAN_POINT('',(0.1125,0.0270000000000003,-0.0275));
#13445=CARTESIAN_POINT('',(0.0875,0.027,-0.0275));
#13446=CARTESIAN_POINT('',(0.0625,0.027,-0.0275));
#13447=CARTESIAN_POINT('',(0.0375,0.027,-0.0275));
#13448=CARTESIAN_POINT('',(0.0125,0.027,-0.0275));
#13449=CARTESIAN_POINT('',(-0.0125,0.027,-0.0275));
#13450=CARTESIAN_POINT('',(-0.0375,0.027,-0.0275));
#13451=CARTESIAN_POINT('',(-0.0625,0.027,-0.0275));
#13452=CARTESIAN_POINT('',(-0.0875,0.027,-0.0275));
#13453=CARTESIAN_POINT('',(-0.0695,0.075,-0.0275));
#13454=CARTESIAN_POINT('',(0.1125,0.0333,-0.0275));
#13455=CARTESIAN_POINT('',(0.1,0.0491678921095399,-0.0275));
#13456=CARTESIAN_POINT('',(0.1125,0.0535,-0.0275));
#13457=CARTESIAN_POINT('',(-0.0695,0.0535,-0.0275));
#13458=CARTESIAN_POINT('',(0.1305,0.075,-0.0275));
#13459=CARTESIAN_POINT('',(0.0945,0.075,-0.0275));
#13460=CARTESIAN_POINT('',(0.0945,0.075,-0.0275));
#13461=CARTESIAN_POINT('',(0.0945,0.0522483508517232,-0.0275));
#13462=CARTESIAN_POINT('',(0.0875,0.0333,-0.0275));
#13463=CARTESIAN_POINT('',(-0.0695,0.075,-0.0275));
#13464=CARTESIAN_POINT('',(0.0625,0.0333,-0.0275));
#13465=CARTESIAN_POINT('',(0.05,0.0491678921095399,-0.0275));
#13466=CARTESIAN_POINT('',(0.075,0.0491678921095399,-0.0275));
#13467=CARTESIAN_POINT('',(0.0875,0.0333,-0.0275));
#13468=CARTESIAN_POINT('',(0.0805,0.075,-0.0275));
#13469=CARTESIAN_POINT('',(0.0445,0.075,-0.0275));
#13470=CARTESIAN_POINT('',(0.0445,0.075,-0.0275));
#13471=CARTESIAN_POINT('',(0.0445,0.0522483508517232,-0.0275));
#13472=CARTESIAN_POINT('',(0.0375,0.0333,-0.0275));
#13473=CARTESIAN_POINT('',(-0.0695,0.075,-0.0275));
#13474=CARTESIAN_POINT('',(0.0125,0.0333,-0.0275));
#13475=CARTESIAN_POINT('',(-2.56110749406025E-17,0.0491678921095399,-0.0275));
#13476=CARTESIAN_POINT('',(0.025,0.0491678921095399,-0.0275));
#13477=CARTESIAN_POINT('',(0.0375,0.0333,-0.0275));
#13478=CARTESIAN_POINT('',(0.0305,0.075,-0.0275));
#13479=CARTESIAN_POINT('',(-0.0055,0.075,-0.0275));
#13480=CARTESIAN_POINT('',(-0.0055,0.075,-0.0275));
#13481=CARTESIAN_POINT('',(-0.0055,0.0522483508517232,-0.0275));
#13482=CARTESIAN_POINT('',(-0.0125,0.0333,-0.0275));
#13483=CARTESIAN_POINT('',(-0.0695,0.075,-0.0275));
#13484=CARTESIAN_POINT('',(-0.0375,0.0333,-0.0275));
#13485=CARTESIAN_POINT('',(-0.05,0.0491678921095399,-0.0275));
#13486=CARTESIAN_POINT('',(-0.025,0.0491678921095399,-0.0275));
#13487=CARTESIAN_POINT('',(-0.0125,0.0333,-0.0275));
#13488=CARTESIAN_POINT('',(-0.0195,0.075,-0.0275));
#13489=CARTESIAN_POINT('',(-0.0555,0.075,-0.0275));
#13490=CARTESIAN_POINT('',(-0.0555,0.075,-0.0275));
#13491=CARTESIAN_POINT('',(-0.0555,0.0522483508517232,-0.0275));
#13492=CARTESIAN_POINT('',(-0.0625,0.0333,-0.0275));
#13493=CARTESIAN_POINT('',(-0.0695,0.075,-0.0125));
#13494=CARTESIAN_POINT('',(-0.0695,0.075,-0.0275));
#13495=CARTESIAN_POINT('',(-0.0695,0.075,-0.0275));
#13496=CARTESIAN_POINT('',(-0.0695,0.0522483508517232,-0.0275));
#13497=CARTESIAN_POINT('',(-0.0695,0.0522483508517232,0.1));
#13498=CARTESIAN_POINT('',(-0.0695,0.0522483508517232,-0.0125));
#13499=CARTESIAN_POINT('',(-0.0695,0.075,-0.0125));
#13500=CARTESIAN_POINT('',(-0.0695,0.075,-0.0125));
#13501=CARTESIAN_POINT('',(-0.0695,0.075,-0.0125));
#13502=CARTESIAN_POINT('',(-0.0945,0.075,0.0275));
#13503=CARTESIAN_POINT('',(-0.0945,0.075,0.0125));
#13504=CARTESIAN_POINT('',(-0.0945,0.075,0.0125));
#13505=CARTESIAN_POINT('',(-0.0945,0.0522483508517232,0.0125));
#13506=CARTESIAN_POINT('',(-0.0945,0.0522483508517232,0.1));
#13507=CARTESIAN_POINT('',(-0.0945,0.0522483508517232,0.0275));
#13508=CARTESIAN_POINT('',(-0.0945,0.075,0.0275));
#13509=CARTESIAN_POINT('',(-0.0945,0.075,0.0275));
#13510=CARTESIAN_POINT('',(-0.0945,0.075,0.0275));
#13511=CARTESIAN_POINT('',(-0.1305,0.075,0.0275));
#13512=CARTESIAN_POINT('',(-0.1125,0.027,0.0275));
#13513=CARTESIAN_POINT('',(-0.0875,0.027,0.0275));
#13514=CARTESIAN_POINT('',(-0.0625,0.027,0.0275));
#13515=CARTESIAN_POINT('',(-0.0375,0.027,0.0275));
#13516=CARTESIAN_POINT('',(-0.0125,0.027,0.0275));
#13517=CARTESIAN_POINT('',(0.0125,0.027,0.0275));
#13518=CARTESIAN_POINT('',(0.0375,0.027,0.0275));
#13519=CARTESIAN_POINT('',(0.0625,0.027,0.0275));
#13520=CARTESIAN_POINT('',(0.0875,0.027,0.0275));
#13521=CARTESIAN_POINT('',(0.1125,0.0270000000000003,0.0275));
#13522=CARTESIAN_POINT('',(0.134,0.021,0.0275));
#13523=CARTESIAN_POINT('',(0.134,0.,0.0275));
#13524=CARTESIAN_POINT('',(-0.1305,0.,0.0275));
#13525=CARTESIAN_POINT('',(-0.134,0.,0.0275));
#13526=CARTESIAN_POINT('',(-0.134,0.021,0.0275));
#13527=CARTESIAN_POINT('',(-0.1305,0.075,0.0275));
#13528=CARTESIAN_POINT('',(0.1125,0.0333,0.0275));
#13529=CARTESIAN_POINT('',(0.1,0.0491678921095399,0.0275));
#13530=CARTESIAN_POINT('',(0.0875,0.0333,0.0275));
#13531=CARTESIAN_POINT('',(0.075,0.0491678921095399,0.0275));
#13532=CARTESIAN_POINT('',(0.0625,0.0333,0.0275));
#13533=CARTESIAN_POINT('',(0.0695,0.0522483508517232,0.0275));
#13534=CARTESIAN_POINT('',(0.0695,0.075,0.0275));
#13535=CARTESIAN_POINT('',(0.0695,0.075,0.0275));
#13536=CARTESIAN_POINT('',(0.0695,0.075,0.0275));
#13537=CARTESIAN_POINT('',(-0.1305,0.075,0.0275));
#13538=CARTESIAN_POINT('',(0.0625,0.0333,0.0275));
#13539=CARTESIAN_POINT('',(0.05,0.0491678921095399,0.0275));
#13540=CARTESIAN_POINT('',(0.0375,0.0333,0.0275));
#13541=CARTESIAN_POINT('',(0.025,0.0491678921095399,0.0275));
#13542=CARTESIAN_POINT('',(0.0125,0.0333,0.0275));
#13543=CARTESIAN_POINT('',(0.0195,0.0522483508517232,0.0275));
#13544=CARTESIAN_POINT('',(0.0195,0.075,0.0275));
#13545=CARTESIAN_POINT('',(0.0195,0.075,0.0275));
#13546=CARTESIAN_POINT('',(0.0195,0.075,0.0275));
#13547=CARTESIAN_POINT('',(-0.1305,0.075,0.0275));
#13548=CARTESIAN_POINT('',(0.0125,0.0333,0.0275));
#13549=CARTESIAN_POINT('',(-2.56110749406025E-17,0.0491678921095399,0.0275));
#13550=CARTESIAN_POINT('',(-0.0125,0.0333,0.0275));
#13551=CARTESIAN_POINT('',(-0.025,0.0491678921095399,0.0275));
#13552=CARTESIAN_POINT('',(-0.0375,0.0333,0.0275));
#13553=CARTESIAN_POINT('',(-0.0305,0.0522483508517232,0.0275));
#13554=CARTESIAN_POINT('',(-0.0305,0.075,0.0275));
#13555=CARTESIAN_POINT('',(-0.0305,0.075,0.0275));
#13556=CARTESIAN_POINT('',(-0.0305,0.075,0.0275));
#13557=CARTESIAN_POINT('',(-0.1305,0.075,0.0275));
#13558=CARTESIAN_POINT('',(-0.0375,0.0333,0.0275));
#13559=CARTESIAN_POINT('',(-0.05,0.0491678921095399,0.0275));
#13560=CARTESIAN_POINT('',(-0.0625,0.0333,0.0275));
#13561=CARTESIAN_POINT('',(-0.075,0.04916789210954,0.0275));
#13562=CARTESIAN_POINT('',(-0.0875,0.0333,0.0275));
#13563=CARTESIAN_POINT('',(-0.0805,0.0522483508517232,0.0275));
#13564=CARTESIAN_POINT('',(-0.0805,0.075,0.0275));
#13565=CARTESIAN_POINT('',(-0.0805,0.075,0.0275));
#13566=CARTESIAN_POINT('',(-0.0805,0.075,0.0275));
#13567=CARTESIAN_POINT('',(0.0945,0.075,-0.0275));
#13568=CARTESIAN_POINT('',(0.0945,0.075,-0.0125));
#13569=CARTESIAN_POINT('',(0.0945,0.075,-0.0125));
#13570=CARTESIAN_POINT('',(0.0945,0.0522483508517232,-0.0125));
#13571=CARTESIAN_POINT('',(0.0945,0.0522483508517232,0.1));
#13572=CARTESIAN_POINT('',(0.0945,0.075,-0.0275));
#13573=CARTESIAN_POINT('',(0.0695,0.075,0.0125));
#13574=CARTESIAN_POINT('',(0.0695,0.0522483508517232,0.1));
#13575=CARTESIAN_POINT('',(0.0695,0.0522483508517232,0.0125));
#13576=CARTESIAN_POINT('',(0.0695,0.075,0.0125));
#13577=CARTESIAN_POINT('',(0.0695,0.075,0.0125));
#13578=CARTESIAN_POINT('',(0.0695,0.075,0.0125));
#13579=CARTESIAN_POINT('',(0.0445,0.075,-0.0275));
#13580=CARTESIAN_POINT('',(0.0445,0.075,-0.0125));
#13581=CARTESIAN_POINT('',(0.0445,0.075,-0.0125));
#13582=CARTESIAN_POINT('',(0.0445,0.0522483508517232,-0.0125));
#13583=CARTESIAN_POINT('',(0.0445,0.0522483508517232,0.1));
#13584=CARTESIAN_POINT('',(0.0445,0.075,-0.0275));
#13585=CARTESIAN_POINT('',(0.0195,0.075,0.0125));
#13586=CARTESIAN_POINT('',(0.0195,0.0522483508517232,0.1));
#13587=CARTESIAN_POINT('',(0.0195,0.0522483508517232,0.0125));
#13588=CARTESIAN_POINT('',(0.0195,0.075,0.0125));
#13589=CARTESIAN_POINT('',(0.0195,0.075,0.0125));
#13590=CARTESIAN_POINT('',(0.0195,0.075,0.0125));
#13591=CARTESIAN_POINT('',(-0.0055,0.075,-0.0275));
#13592=CARTESIAN_POINT('',(-0.0055,0.075,-0.0125));
#13593=CARTESIAN_POINT('',(-0.0055,0.075,-0.0125));
#13594=CARTESIAN_POINT('',(-0.0055,0.0522483508517232,-0.0125));
#13595=CARTESIAN_POINT('',(-0.0055,0.0522483508517232,0.1));
#13596=CARTESIAN_POINT('',(-0.0055,0.075,-0.0275));
#13597=CARTESIAN_POINT('',(-0.0305,0.075,0.0125));
#13598=CARTESIAN_POINT('',(-0.0305,0.0522483508517232,0.1));
#13599=CARTESIAN_POINT('',(-0.0305,0.0522483508517232,0.0125));
#13600=CARTESIAN_POINT('',(-0.0305,0.075,0.0125));
#13601=CARTESIAN_POINT('',(-0.0305,0.075,0.0125));
#13602=CARTESIAN_POINT('',(-0.0305,0.075,0.0125));
#13603=CARTESIAN_POINT('',(-0.0555,0.075,-0.0275));
#13604=CARTESIAN_POINT('',(-0.0555,0.075,-0.0125));
#13605=CARTESIAN_POINT('',(-0.0555,0.075,-0.0125));
#13606=CARTESIAN_POINT('',(-0.0555,0.0522483508517232,-0.0125));
#13607=CARTESIAN_POINT('',(-0.0555,0.0522483508517232,0.1));
#13608=CARTESIAN_POINT('',(-0.0555,0.075,-0.0275));
#13609=CARTESIAN_POINT('',(-0.0805,0.075,0.0125));
#13610=CARTESIAN_POINT('',(-0.0805,0.0522483508517232,0.1));
#13611=CARTESIAN_POINT('',(-0.0805,0.0522483508517232,0.0125));
#13612=CARTESIAN_POINT('',(-0.0805,0.075,0.0125));
#13613=CARTESIAN_POINT('',(-0.0805,0.075,0.0125));
#13614=CARTESIAN_POINT('',(-0.0805,0.075,0.0125));
#13615=CARTESIAN_POINT('',(-0.1055,0.075,-0.0275));
#13616=CARTESIAN_POINT('',(-0.1055,0.075,-0.0125));
#13617=CARTESIAN_POINT('',(-0.1055,0.075,-0.0125));
#13618=CARTESIAN_POINT('',(-0.1055,0.0522483508517232,-0.0125));
#13619=CARTESIAN_POINT('',(-0.1055,0.0522483508517232,0.1));
#13620=CARTESIAN_POINT('',(-0.1055,0.0522483508517232,-0.0275));
#13621=CARTESIAN_POINT('',(-0.1055,0.075,-0.0275));
#13622=CARTESIAN_POINT('',(-0.1055,0.075,-0.0275));
#13623=CARTESIAN_POINT('',(-0.1055,0.075,-0.0275));
#13624=CARTESIAN_POINT('',(-0.1305,0.075,0.0125));
#13625=CARTESIAN_POINT('',(-0.1305,0.075,0.0275));
#13626=CARTESIAN_POINT('',(-0.1305,0.075,0.0275));
#13627=CARTESIAN_POINT('',(-0.1305,0.0535,0.0275));
#13628=CARTESIAN_POINT('',(-0.1305,0.0535,0.0125));
#13629=CARTESIAN_POINT('',(-0.1305,0.0535,0.0125));
#13630=CARTESIAN_POINT('',(-0.1305,0.075,0.0125));
#13631=CARTESIAN_POINT('',(-0.1305,0.075,0.0125));
#13632=CARTESIAN_POINT('',(-0.1305,0.075,0.0125));
#13633=CARTESIAN_POINT('',(-0.134,0.021,-0.0275));
#13634=CARTESIAN_POINT('',(-0.134,0.,-0.0275));
#13635=CARTESIAN_POINT('',(0.134,0.021,0.0275));
#13636=CARTESIAN_POINT('',(0.134,0.,0.0275));
#13637=CARTESIAN_POINT('',(0.,0.,0.));
#13638=CARTESIAN_POINT('',(-0.1575,0.,0.0375));
#13639=CARTESIAN_POINT('',(-0.1575,0.,0.0375));
#13640=CARTESIAN_POINT('',(-0.1825,0.,0.0375));
#13641=CARTESIAN_POINT('',(-0.1575,0.,0.0375));
#13642=CARTESIAN_POINT('',(-0.1575,0.,-0.0375));
#13643=CARTESIAN_POINT('',(-0.1575,0.,-0.0375));
#13644=CARTESIAN_POINT('',(-0.1825,0.,-0.0375));
#13645=CARTESIAN_POINT('',(-0.1825,0.,0.0375));
#13646=CARTESIAN_POINT('',(-0.2075,0.,-0.06));
#13647=CARTESIAN_POINT('',(-0.2075,0.,-0.06));
#13648=CARTESIAN_POINT('',(-0.2075,0.,0.06));
#13649=CARTESIAN_POINT('',(0.2075,0.,-0.06));
#13650=CARTESIAN_POINT('',(0.2075,0.,-0.06));
#13651=CARTESIAN_POINT('',(0.2075,0.,0.06));
#13652=CARTESIAN_POINT('',(0.2075,0.,0.06));
#13653=CARTESIAN_POINT('',(-0.2075,0.,0.06));
#13654=CARTESIAN_POINT('',(0.1575,0.,0.0375));
#13655=CARTESIAN_POINT('',(0.1575,0.,0.0375));
#13656=CARTESIAN_POINT('',(0.1575,0.,-0.0375));
#13657=CARTESIAN_POINT('',(0.1825,0.,0.0375));
#13658=CARTESIAN_POINT('',(0.1825,0.,0.0375));
#13659=CARTESIAN_POINT('',(0.1825,0.,0.0375));
#13660=CARTESIAN_POINT('',(0.1825,0.,-0.0375));
#13661=CARTESIAN_POINT('',(0.1825,0.,-0.0375));
#13662=CARTESIAN_POINT('',(-0.2075,0.075,-0.06));
#13663=CARTESIAN_POINT('',(-0.2075,0.075,0.06));
#13664=CARTESIAN_POINT('',(-0.2075,0.075,0.06));
#13665=CARTESIAN_POINT('',(-0.2075,0.075,-0.06));
#13666=CARTESIAN_POINT('',(-0.2075,0.075,-0.06));
#13667=CARTESIAN_POINT('',(-0.2075,0.075,-0.06));
#13668=CARTESIAN_POINT('',(-0.2075,0.075,0.06));
#13669=CARTESIAN_POINT('',(-0.1125,0.027,0.06));
#13670=CARTESIAN_POINT('',(-0.1395,0.0535,0.06));
#13671=CARTESIAN_POINT('',(-0.1395,0.0535,0.06));
#13672=CARTESIAN_POINT('',(-0.1125,0.0535,0.06));
#13673=CARTESIAN_POINT('',(-0.1125,0.0535,0.0599999999999991));
#13674=CARTESIAN_POINT('',(-0.1125,0.0332999999999999,0.06));
#13675=CARTESIAN_POINT('',(-0.1,0.0491678921095399,0.06));
#13676=CARTESIAN_POINT('',(-0.0875,0.0333,0.06));
#13677=CARTESIAN_POINT('',(-0.075,0.04916789210954,0.06));
#13678=CARTESIAN_POINT('',(-0.0625,0.0333,0.06));
#13679=CARTESIAN_POINT('',(-0.05,0.0491678921095399,0.06));
#13680=CARTESIAN_POINT('',(-0.0375,0.0333,0.06));
#13681=CARTESIAN_POINT('',(-0.025,0.0491678921095399,0.06));
#13682=CARTESIAN_POINT('',(-0.0125,0.0333,0.06));
#13683=CARTESIAN_POINT('',(-2.56110749406025E-17,0.0491678921095399,0.06));
#13684=CARTESIAN_POINT('',(0.0125,0.0333,0.06));
#13685=CARTESIAN_POINT('',(0.025,0.0491678921095399,0.06));
#13686=CARTESIAN_POINT('',(0.0375,0.0333,0.06));
#13687=CARTESIAN_POINT('',(0.05,0.0491678921095399,0.06));
#13688=CARTESIAN_POINT('',(0.0625,0.0333,0.06));
#13689=CARTESIAN_POINT('',(0.075,0.0491678921095399,0.06));
#13690=CARTESIAN_POINT('',(0.0875,0.0333,0.06));
#13691=CARTESIAN_POINT('',(0.1,0.0491678921095399,0.06));
#13692=CARTESIAN_POINT('',(0.1125,0.0332999999999999,0.06));
#13693=CARTESIAN_POINT('',(0.1125,0.0535,0.0599999999999995));
#13694=CARTESIAN_POINT('',(0.1395,0.0535,0.06));
#13695=CARTESIAN_POINT('',(0.1395,0.0535,0.06));
#13696=CARTESIAN_POINT('',(0.1395,0.0155,0.06));
#13697=CARTESIAN_POINT('',(0.1125,0.0270000000000003,0.06));
#13698=CARTESIAN_POINT('',(0.0875,0.027,0.06));
#13699=CARTESIAN_POINT('',(0.0625,0.027,0.06));
#13700=CARTESIAN_POINT('',(0.0375,0.027,0.06));
#13701=CARTESIAN_POINT('',(0.0125,0.027,0.06));
#13702=CARTESIAN_POINT('',(-0.0125,0.027,0.06));
#13703=CARTESIAN_POINT('',(-0.0375,0.027,0.06));
#13704=CARTESIAN_POINT('',(-0.0625,0.027,0.06));
#13705=CARTESIAN_POINT('',(-0.0875,0.027,0.06));
#13706=CARTESIAN_POINT('',(0.2075,0.075,0.06));
#13707=CARTESIAN_POINT('',(0.2075,0.075,0.06));
#13708=CARTESIAN_POINT('',(-0.2075,0.075,0.06));
#13709=CARTESIAN_POINT('',(0.2075,0.075,0.06));
#13710=CARTESIAN_POINT('',(0.2075,0.075,-0.06));
#13711=CARTESIAN_POINT('',(0.2075,0.075,-0.06));
#13712=CARTESIAN_POINT('',(0.2075,0.075,0.06));
#13713=CARTESIAN_POINT('',(0.0945,0.075,-0.0125));
#13714=CARTESIAN_POINT('',(0.0945,0.0535,-0.0125));
#13715=CARTESIAN_POINT('',(0.1125,0.0535,-0.0125));
#13716=CARTESIAN_POINT('',(0.1125,0.0333,-0.0125));
#13717=CARTESIAN_POINT('',(0.1,0.0491678921095399,-0.0125));
#13718=CARTESIAN_POINT('',(0.0875,0.0333,-0.0125));
#13719=CARTESIAN_POINT('',(0.0945,0.075,-0.0125));
#13720=CARTESIAN_POINT('',(0.1055,0.075,0.0125));
#13721=CARTESIAN_POINT('',(0.0875,0.0333,0.0125));
#13722=CARTESIAN_POINT('',(0.075,0.0491678921095399,0.0125));
#13723=CARTESIAN_POINT('',(0.1,0.0491678921095399,0.0125));
#13724=CARTESIAN_POINT('',(0.1125,0.0333,0.0125));
#13725=CARTESIAN_POINT('',(0.1055,0.075,0.0125));
#13726=CARTESIAN_POINT('',(0.0625,0.0333,0.0125));
#13727=CARTESIAN_POINT('',(0.0445,0.075,-0.0125));
#13728=CARTESIAN_POINT('',(0.0875,0.0333,-0.0125));
#13729=CARTESIAN_POINT('',(0.075,0.0491678921095399,-0.0125));
#13730=CARTESIAN_POINT('',(0.0625,0.0333,-0.0125));
#13731=CARTESIAN_POINT('',(0.05,0.0491678921095399,-0.0125));
#13732=CARTESIAN_POINT('',(0.0375,0.0333,-0.0125));
#13733=CARTESIAN_POINT('',(0.0445,0.075,-0.0125));
#13734=CARTESIAN_POINT('',(0.0555,0.075,0.0125));
#13735=CARTESIAN_POINT('',(0.0375,0.0333,0.0125));
#13736=CARTESIAN_POINT('',(0.025,0.0491678921095399,0.0125));
#13737=CARTESIAN_POINT('',(0.05,0.0491678921095399,0.0125));
#13738=CARTESIAN_POINT('',(0.0625,0.0333,0.0125));
#13739=CARTESIAN_POINT('',(0.0555,0.075,0.0125));
#13740=CARTESIAN_POINT('',(0.0125,0.0333,0.0125));
#13741=CARTESIAN_POINT('',(-0.0055,0.075,-0.0125));
#13742=CARTESIAN_POINT('',(0.0375,0.0333,-0.0125));
#13743=CARTESIAN_POINT('',(0.025,0.0491678921095399,-0.0125));
#13744=CARTESIAN_POINT('',(0.0125,0.0333,-0.0125));
#13745=CARTESIAN_POINT('',(-2.56110749406025E-17,0.0491678921095399,-0.0125));
#13746=CARTESIAN_POINT('',(-0.0125,0.0333,-0.0125));
#13747=CARTESIAN_POINT('',(-0.0055,0.075,-0.0125));
#13748=CARTESIAN_POINT('',(0.0055,0.075,0.0125));
#13749=CARTESIAN_POINT('',(-0.0125,0.0333,0.0125));
#13750=CARTESIAN_POINT('',(-0.025,0.0491678921095399,0.0125));
#13751=CARTESIAN_POINT('',(-2.56110749406025E-17,0.0491678921095399,0.0125));
#13752=CARTESIAN_POINT('',(0.0125,0.0333,0.0125));
#13753=CARTESIAN_POINT('',(0.0055,0.075,0.0125));
#13754=CARTESIAN_POINT('',(-0.0375,0.0333,0.0125));
#13755=CARTESIAN_POINT('',(-0.0555,0.075,-0.0125));
#13756=CARTESIAN_POINT('',(-0.0125,0.0333,-0.0125));
#13757=CARTESIAN_POINT('',(-0.025,0.0491678921095399,-0.0125));
#13758=CARTESIAN_POINT('',(-0.0375,0.0333,-0.0125));
#13759=CARTESIAN_POINT('',(-0.05,0.0491678921095399,-0.0125));
#13760=CARTESIAN_POINT('',(-0.0625,0.0333,-0.0125));
#13761=CARTESIAN_POINT('',(-0.0555,0.075,-0.0125));
#13762=CARTESIAN_POINT('',(-0.0445,0.075,0.0125));
#13763=CARTESIAN_POINT('',(-0.0625,0.0333,0.0125));
#13764=CARTESIAN_POINT('',(-0.075,0.04916789210954,0.0125));
#13765=CARTESIAN_POINT('',(-0.05,0.0491678921095399,0.0125));
#13766=CARTESIAN_POINT('',(-0.0375,0.0333,0.0125));
#13767=CARTESIAN_POINT('',(-0.0445,0.075,0.0125));
#13768=CARTESIAN_POINT('',(-0.0875,0.0333,0.0125));
#13769=CARTESIAN_POINT('',(-0.0695,0.075,-0.0275));
#13770=CARTESIAN_POINT('',(-0.0875,0.0333,-0.0275));
#13771=CARTESIAN_POINT('',(-0.1,0.0491678921095399,-0.0275));
#13772=CARTESIAN_POINT('',(-0.075,0.04916789210954,-0.0275));
#13773=CARTESIAN_POINT('',(-0.0625,0.0333,-0.0275));
#13774=CARTESIAN_POINT('',(-0.0695,0.075,-0.0275));
#13775=CARTESIAN_POINT('',(-0.1125,0.0333000000000002,-0.0275));
#13776=CARTESIAN_POINT('',(-0.1055,0.075,-0.0125));
#13777=CARTESIAN_POINT('',(-0.0625,0.0333,-0.0125));
#13778=CARTESIAN_POINT('',(-0.075,0.04916789210954,-0.0125));
#13779=CARTESIAN_POINT('',(-0.0875,0.0333,-0.0125));
#13780=CARTESIAN_POINT('',(-0.1,0.0491678921095399,-0.0125));
#13781=CARTESIAN_POINT('',(-0.1125,0.0333000000000002,-0.0125));
#13782=CARTESIAN_POINT('',(-0.1055,0.075,-0.0125));
#13783=CARTESIAN_POINT('',(-0.0945,0.075,0.0125));
#13784=CARTESIAN_POINT('',(-0.0945,0.0535,0.0125));
#13785=CARTESIAN_POINT('',(-0.1125,0.0535,0.0125));
#13786=CARTESIAN_POINT('',(-0.1125,0.0333000000000002,0.0125));
#13787=CARTESIAN_POINT('',(-0.1,0.0491678921095399,0.0125));
#13788=CARTESIAN_POINT('',(-0.0875,0.0333,0.0125));
#13789=CARTESIAN_POINT('',(-0.0945,0.075,0.0125));
#13790=CARTESIAN_POINT('',(-0.1305,0.075,0.0275));
#13791=CARTESIAN_POINT('',(-0.1125,0.0333000000000002,0.0275));
#13792=CARTESIAN_POINT('',(-0.1,0.0491678921095399,0.0275));
#13793=CARTESIAN_POINT('',(-0.1125,0.0535,0.0275));
#13794=CARTESIAN_POINT('',(-0.1305,0.0535,0.0275));
#13795=CARTESIAN_POINT('',(-0.1305,0.075,0.0275));
#13796=CARTESIAN_POINT('',(-0.0875,0.0333,0.0275));
#13797=CARTESIAN_POINT('',(0.2075,0.075,-0.06));
#13798=CARTESIAN_POINT('',(-0.1125,0.027,-0.06));
#13799=CARTESIAN_POINT('',(-0.0875,0.027,-0.06));
#13800=CARTESIAN_POINT('',(-0.0625,0.027,-0.06));
#13801=CARTESIAN_POINT('',(-0.0375,0.027,-0.06));
#13802=CARTESIAN_POINT('',(-0.0125,0.027,-0.06));
#13803=CARTESIAN_POINT('',(0.0125,0.027,-0.06));
#13804=CARTESIAN_POINT('',(0.0375,0.027,-0.06));
#13805=CARTESIAN_POINT('',(0.0625,0.027,-0.06));
#13806=CARTESIAN_POINT('',(0.0875,0.027,-0.06));
#13807=CARTESIAN_POINT('',(0.1125,0.0270000000000003,-0.06));
#13808=CARTESIAN_POINT('',(0.1395,0.0155,-0.06));
#13809=CARTESIAN_POINT('',(0.1395,0.0535,-0.06));
#13810=CARTESIAN_POINT('',(0.1395,0.0535,-0.06));
#13811=CARTESIAN_POINT('',(0.1125,0.0535,-0.0599999999999995));
#13812=CARTESIAN_POINT('',(0.1125,0.0332999999999999,-0.06));
#13813=CARTESIAN_POINT('',(0.1,0.0491678921095399,-0.06));
#13814=CARTESIAN_POINT('',(0.0875,0.0333,-0.06));
#13815=CARTESIAN_POINT('',(0.075,0.0491678921095399,-0.06));
#13816=CARTESIAN_POINT('',(0.0625,0.0333,-0.06));
#13817=CARTESIAN_POINT('',(0.05,0.0491678921095399,-0.0600000000000001));
#13818=CARTESIAN_POINT('',(0.0375,0.0333,-0.06));
#13819=CARTESIAN_POINT('',(0.025,0.0491678921095399,-0.06));
#13820=CARTESIAN_POINT('',(0.0125,0.0333,-0.06));
#13821=CARTESIAN_POINT('',(-2.56110749406025E-17,0.0491678921095399,-0.06));
#13822=CARTESIAN_POINT('',(-0.0125,0.0333,-0.06));
#13823=CARTESIAN_POINT('',(-0.025,0.0491678921095399,-0.06));
#13824=CARTESIAN_POINT('',(-0.0375,0.0333,-0.06));
#13825=CARTESIAN_POINT('',(-0.05,0.0491678921095399,-0.06));
#13826=CARTESIAN_POINT('',(-0.0625,0.0333,-0.06));
#13827=CARTESIAN_POINT('',(-0.075,0.04916789210954,-0.06));
#13828=CARTESIAN_POINT('',(-0.0875,0.0333,-0.06));
#13829=CARTESIAN_POINT('',(-0.1,0.0491678921095399,-0.0599999999999991));
#13830=CARTESIAN_POINT('',(-0.1125,0.0332999999999999,-0.06));
#13831=CARTESIAN_POINT('',(-0.1125,0.0535,-0.06));
#13832=CARTESIAN_POINT('',(-0.1125,0.0535,-0.06));
#13833=CARTESIAN_POINT('',(-0.1395,0.0535,-0.06));
#13834=CARTESIAN_POINT('',(-0.1395,0.0535,-0.06));
#13835=CARTESIAN_POINT('',(0.2075,0.075,-0.06));
#13836=CARTESIAN_POINT('',(0.,0.075,0.));
#13837=CARTESIAN_POINT('',(-0.1825,0.,0.0375));
#13838=CARTESIAN_POINT('',(-0.1825,0.,-0.0375));
#13839=CARTESIAN_POINT('',(-0.170938534120776,-0.11,-0.0375));
#13840=CARTESIAN_POINT('',(-0.170938534120776,-0.11,0.0375));
#13841=CARTESIAN_POINT('',(-0.170938534120776,-0.11,0.0375));
#13842=CARTESIAN_POINT('',(-0.1825,0.,0.0375));
#13843=CARTESIAN_POINT('',(-0.170938534120776,-0.11,0.0375));
#13844=CARTESIAN_POINT('',(-0.170938534120776,-0.11,-0.0375));
#13845=CARTESIAN_POINT('',(-0.149706017668886,-0.11,-0.0375));
#13846=CARTESIAN_POINT('',(-0.149706017668886,-0.11,0.0375));
#13847=CARTESIAN_POINT('',(-0.149706017668886,-0.11,0.0375));
#13848=CARTESIAN_POINT('',(-0.170938534120776,-0.11,0.0375));
#13849=CARTESIAN_POINT('',(-0.149706017668886,-0.11,0.0375));
#13850=CARTESIAN_POINT('',(-0.149706017668886,-0.11,-0.0375));
#13851=CARTESIAN_POINT('',(-0.1425,-0.097,-0.0375));
#13852=CARTESIAN_POINT('',(-0.1425,-0.097,0.0375));
#13853=CARTESIAN_POINT('',(-0.1425,-0.097,0.0375));
#13854=CARTESIAN_POINT('',(-0.149706017668886,-0.11,0.0375));
#13855=CARTESIAN_POINT('',(-0.1425,-0.097,0.0375));
#13856=CARTESIAN_POINT('',(-0.1425,-0.097,-0.0375));
#13857=CARTESIAN_POINT('',(-0.1425,-0.092,-0.0375));
#13858=CARTESIAN_POINT('',(-0.1425,-0.092,0.0375));
#13859=CARTESIAN_POINT('',(-0.1425,-0.092,0.0375));
#13860=CARTESIAN_POINT('',(-0.1425,-0.097,0.0375));
#13861=CARTESIAN_POINT('',(-0.1425,-0.092,0.0375));
#13862=CARTESIAN_POINT('',(-0.1425,-0.092,-0.0375));
#13863=CARTESIAN_POINT('',(-0.1575,-0.092,-0.0375));
#13864=CARTESIAN_POINT('',(-0.1575,-0.092,0.0375));
#13865=CARTESIAN_POINT('',(-0.1575,-0.092,0.0375));
#13866=CARTESIAN_POINT('',(-0.1425,-0.092,0.0375));
#13867=CARTESIAN_POINT('',(-0.1575,-0.092,0.0375));
#13868=CARTESIAN_POINT('',(-0.1575,-0.092,-0.0375));
#13869=CARTESIAN_POINT('',(-0.1575,-0.092,0.0375));
#13870=CARTESIAN_POINT('',(0.,0.,0.0375));
#13871=CARTESIAN_POINT('',(0.,0.,-0.0375));
#13872=CARTESIAN_POINT('',(0.1425,-0.092,0.0375));
#13873=CARTESIAN_POINT('',(0.1425,-0.092,-0.0375));
#13874=CARTESIAN_POINT('',(0.1425,-0.092,-0.0375));
#13875=CARTESIAN_POINT('',(0.1425,-0.097,-0.0375));
#13876=CARTESIAN_POINT('',(0.1425,-0.097,0.0375));
#13877=CARTESIAN_POINT('',(0.1425,-0.097,0.0375));
#13878=CARTESIAN_POINT('',(0.1425,-0.092,0.0375));
#13879=CARTESIAN_POINT('',(0.1425,-0.092,0.0375));
#13880=CARTESIAN_POINT('',(0.1425,-0.092,0.0375));
#13881=CARTESIAN_POINT('',(0.1425,-0.097,0.0375));
#13882=CARTESIAN_POINT('',(0.1425,-0.097,-0.0375));
#13883=CARTESIAN_POINT('',(0.149706017668886,-0.11,-0.0375));
#13884=CARTESIAN_POINT('',(0.149706017668886,-0.11,0.0375));
#13885=CARTESIAN_POINT('',(0.149706017668886,-0.11,0.0375));
#13886=CARTESIAN_POINT('',(0.1425,-0.097,0.0375));
#13887=CARTESIAN_POINT('',(0.149706017668886,-0.11,0.0375));
#13888=CARTESIAN_POINT('',(0.149706017668886,-0.11,-0.0375));
#13889=CARTESIAN_POINT('',(0.170938534120776,-0.11,-0.0375));
#13890=CARTESIAN_POINT('',(0.170938534120776,-0.11,0.0375));
#13891=CARTESIAN_POINT('',(0.170938534120776,-0.11,0.0375));
#13892=CARTESIAN_POINT('',(0.149706017668886,-0.11,0.0375));
#13893=CARTESIAN_POINT('',(0.170938534120776,-0.11,0.0375));
#13894=CARTESIAN_POINT('',(0.170938534120776,-0.11,-0.0375));
#13895=CARTESIAN_POINT('',(0.170938534120776,-0.11,0.0375));
#13896=CARTESIAN_POINT('',(0.1575,0.,0.0375));
#13897=CARTESIAN_POINT('',(0.1575,0.,-0.0375));
#13898=CARTESIAN_POINT('',(0.1575,-0.092,-0.0375));
#13899=CARTESIAN_POINT('',(0.1575,-0.092,0.0375));
#13900=CARTESIAN_POINT('',(0.1575,-0.092,0.0375));
#13901=CARTESIAN_POINT('',(0.1575,0.,0.0375));
#13902=CARTESIAN_POINT('',(0.1575,-0.092,0.0375));
#13903=CARTESIAN_POINT('',(0.1575,-0.092,-0.0375));
#13904=CARTESIAN_POINT('',(0.1575,-0.092,0.0375));
#13905=CARTESIAN_POINT('',(0.,0.,0.0375));
#13906=CARTESIAN_POINT('',(0.,0.,-0.0375));
#13907=CARTESIAN_POINT('',(-0.1395,0.0535,0.1));
#13908=CARTESIAN_POINT('',(-0.1395,0.0535,0.1));
#13909=CARTESIAN_POINT('',(0.1395,0.0155,0.1));
#13910=CARTESIAN_POINT('',(0.1395,0.0535,0.1));
#13911=CARTESIAN_POINT('',(0.1395,0.0535,0.1));
#13912=CARTESIAN_POINT('',(0.1125,0.0535,0.1));
#13913=CARTESIAN_POINT('',(0.1125,0.0535,0.1));
#13914=CARTESIAN_POINT('',(0.1125,0.0333,0.1));
#13915=CARTESIAN_POINT('',(0.1,0.0491678921095399,0.1));
#13916=CARTESIAN_POINT('',(0.1,0.0491678921095399,0.1));
#13917=CARTESIAN_POINT('',(0.1125,0.0333,0.1));
#13918=CARTESIAN_POINT('',(0.1,0.0491678921095399,0.1));
#13919=CARTESIAN_POINT('',(0.0875,0.0333,0.1));
#13920=CARTESIAN_POINT('',(0.075,0.0491678921095399,0.1));
#13921=CARTESIAN_POINT('',(0.075,0.0491678921095399,0.1));
#13922=CARTESIAN_POINT('',(0.0875,0.0333,0.1));
#13923=CARTESIAN_POINT('',(0.075,0.0491678921095399,0.1));
#13924=CARTESIAN_POINT('',(0.0625,0.0333,0.1));
#13925=CARTESIAN_POINT('',(0.05,0.0491678921095399,0.1));
#13926=CARTESIAN_POINT('',(0.05,0.0491678921095399,0.1));
#13927=CARTESIAN_POINT('',(0.0625,0.0333,0.1));
#13928=CARTESIAN_POINT('',(0.05,0.0491678921095399,0.1));
#13929=CARTESIAN_POINT('',(0.0375,0.0333,0.1));
#13930=CARTESIAN_POINT('',(0.025,0.0491678921095399,0.1));
#13931=CARTESIAN_POINT('',(0.025,0.0491678921095399,0.1));
#13932=CARTESIAN_POINT('',(0.0375,0.0333,0.1));
#13933=CARTESIAN_POINT('',(0.025,0.0491678921095399,0.1));
#13934=CARTESIAN_POINT('',(0.0125,0.0333,0.1));
#13935=CARTESIAN_POINT('',(-2.56110749406025E-17,0.0491678921095399,0.1));
#13936=CARTESIAN_POINT('',(-2.56110749406025E-17,0.0491678921095399,0.1));
#13937=CARTESIAN_POINT('',(0.0125,0.0333,0.1));
#13938=CARTESIAN_POINT('',(-2.56110749406025E-17,0.0491678921095399,0.1));
#13939=CARTESIAN_POINT('',(-0.0125,0.0333,0.1));
#13940=CARTESIAN_POINT('',(-0.025,0.0491678921095399,0.1));
#13941=CARTESIAN_POINT('',(-0.025,0.0491678921095399,0.1));
#13942=CARTESIAN_POINT('',(-0.0125,0.0333,0.1));
#13943=CARTESIAN_POINT('',(-0.025,0.0491678921095399,0.1));
#13944=CARTESIAN_POINT('',(-0.0375,0.0333,0.1));
#13945=CARTESIAN_POINT('',(-0.05,0.0491678921095399,0.1));
#13946=CARTESIAN_POINT('',(-0.05,0.0491678921095399,0.1));
#13947=CARTESIAN_POINT('',(-0.0375,0.0333,0.1));
#13948=CARTESIAN_POINT('',(-0.05,0.0491678921095399,0.1));
#13949=CARTESIAN_POINT('',(-0.0625,0.0333,0.1));
#13950=CARTESIAN_POINT('',(-0.075,0.04916789210954,0.1));
#13951=CARTESIAN_POINT('',(-0.075,0.04916789210954,0.1));
#13952=CARTESIAN_POINT('',(-0.0625,0.0333,0.1));
#13953=CARTESIAN_POINT('',(-0.075,0.04916789210954,0.1));
#13954=CARTESIAN_POINT('',(-0.1125,0.0535,0.1));
#13955=CARTESIAN_POINT('',(-0.1125,0.0535,0.1));
#13956=CARTESIAN_POINT('',(-0.1125,0.0535,0.1));
#13957=CARTESIAN_POINT('',(-0.0875,0.0333,0.1));
#13958=CARTESIAN_POINT('',(-0.1,0.0491678921095399,0.1));
#13959=CARTESIAN_POINT('',(-0.0875,0.0333,0.1));
#13960=CARTESIAN_POINT('',(-0.1,0.0491678921095399,0.1));
#13961=CARTESIAN_POINT('',(-0.1,0.0491678921095399,0.1));
#13962=CARTESIAN_POINT('',(-0.1125,0.0333000000000002,0.1));
#13963=CARTESIAN_POINT('',(-0.1125,0.0333000000000002,0.1));
#13964=CARTESIAN_POINT('',(-0.0994335661057372,0.029,0.07));
#13965=CARTESIAN_POINT('',(-0.0994335661057372,0.029,-0.31));
#13966=CARTESIAN_POINT('',(-0.0994335661057372,0.029,-0.31));
#13967=CARTESIAN_POINT('',(-0.100566433894263,0.029,-0.31));
#13968=CARTESIAN_POINT('',(-0.100566433894263,0.029,0.07));
#13969=CARTESIAN_POINT('',(-0.100566433894263,0.029,0.07));
#13970=CARTESIAN_POINT('',(-0.0994335661057372,0.029,0.07));
#13971=CARTESIAN_POINT('',(-0.0994335661057372,0.029,0.07));
#13972=CARTESIAN_POINT('',(-0.0994335661057372,0.029,0.07));
#13973=CARTESIAN_POINT('',(-0.1125,0.027,0.07));
#13974=CARTESIAN_POINT('',(-0.1125,0.027,-0.31));
#13975=CARTESIAN_POINT('',(-0.100566433894263,0.025,-0.31));
#13976=CARTESIAN_POINT('',(-0.100566433894263,0.025,0.07));
#13977=CARTESIAN_POINT('',(-0.100566433894263,0.025,0.07));
#13978=CARTESIAN_POINT('',(-0.1125,0.027,0.07));
#13979=CARTESIAN_POINT('',(-0.100566433894263,0.025,0.07));
#13980=CARTESIAN_POINT('',(-0.100566433894263,0.025,-0.31));
#13981=CARTESIAN_POINT('',(-0.0994335661057372,0.025,-0.31));
#13982=CARTESIAN_POINT('',(-0.0994335661057372,0.025,0.07));
#13983=CARTESIAN_POINT('',(-0.0994335661057372,0.025,0.07));
#13984=CARTESIAN_POINT('',(-0.100566433894263,0.025,0.07));
#13985=CARTESIAN_POINT('',(-0.0875,0.027,0.07));
#13986=CARTESIAN_POINT('',(-0.0875,0.027,-0.31));
#13987=CARTESIAN_POINT('',(-0.0755664338942628,0.025,-0.31));
#13988=CARTESIAN_POINT('',(-0.0755664338942628,0.025,0.07));
#13989=CARTESIAN_POINT('',(-0.0755664338942628,0.025,0.07));
#13990=CARTESIAN_POINT('',(-0.0875,0.027,0.07));
#13991=CARTESIAN_POINT('',(-0.0755664338942628,0.025,0.07));
#13992=CARTESIAN_POINT('',(-0.0755664338942628,0.025,-0.31));
#13993=CARTESIAN_POINT('',(-0.0744335661057372,0.025,-0.31));
#13994=CARTESIAN_POINT('',(-0.0744335661057372,0.025,0.07));
#13995=CARTESIAN_POINT('',(-0.0744335661057372,0.025,0.07));
#13996=CARTESIAN_POINT('',(-0.0755664338942628,0.025,0.07));
#13997=CARTESIAN_POINT('',(-0.0625,0.027,0.07));
#13998=CARTESIAN_POINT('',(-0.0625,0.027,-0.31));
#13999=CARTESIAN_POINT('',(-0.0505664338942628,0.025,-0.31));
#14000=CARTESIAN_POINT('',(-0.0505664338942628,0.025,0.07));
#14001=CARTESIAN_POINT('',(-0.0505664338942628,0.025,0.07));
#14002=CARTESIAN_POINT('',(-0.0625,0.027,0.07));
#14003=CARTESIAN_POINT('',(-0.0505664338942628,0.025,0.07));
#14004=CARTESIAN_POINT('',(-0.0505664338942628,0.025,-0.31));
#14005=CARTESIAN_POINT('',(-0.0494335661057372,0.025,-0.31));
#14006=CARTESIAN_POINT('',(-0.0494335661057372,0.025,0.07));
#14007=CARTESIAN_POINT('',(-0.0494335661057372,0.025,0.07));
#14008=CARTESIAN_POINT('',(-0.0505664338942628,0.025,0.07));
#14009=CARTESIAN_POINT('',(-0.0375,0.027,0.07));
#14010=CARTESIAN_POINT('',(-0.0375,0.027,-0.31));
#14011=CARTESIAN_POINT('',(-0.0255664338942628,0.025,-0.31));
#14012=CARTESIAN_POINT('',(-0.0255664338942628,0.025,0.07));
#14013=CARTESIAN_POINT('',(-0.0255664338942628,0.025,0.07));
#14014=CARTESIAN_POINT('',(-0.0375,0.027,0.07));
#14015=CARTESIAN_POINT('',(-0.0255664338942628,0.025,0.07));
#14016=CARTESIAN_POINT('',(-0.0255664338942628,0.025,-0.31));
#14017=CARTESIAN_POINT('',(-0.0244335661057372,0.025,-0.31));
#14018=CARTESIAN_POINT('',(-0.0244335661057372,0.025,0.07));
#14019=CARTESIAN_POINT('',(-0.0244335661057372,0.025,0.07));
#14020=CARTESIAN_POINT('',(-0.0255664338942628,0.025,0.07));
#14021=CARTESIAN_POINT('',(-0.0125,0.027,0.07));
#14022=CARTESIAN_POINT('',(-0.0125,0.027,-0.31));
#14023=CARTESIAN_POINT('',(-0.00056643389426278,0.025,-0.31));
#14024=CARTESIAN_POINT('',(-0.00056643389426278,0.025,0.07));
#14025=CARTESIAN_POINT('',(-0.00056643389426278,0.025,0.07));
#14026=CARTESIAN_POINT('',(-0.0125,0.027,0.07));
#14027=CARTESIAN_POINT('',(-0.00056643389426278,0.025,0.07));
#14028=CARTESIAN_POINT('',(-0.00056643389426278,0.025,-0.31));
#14029=CARTESIAN_POINT('',(0.000566433894262799,0.025,-0.31));
#14030=CARTESIAN_POINT('',(0.000566433894262799,0.025,0.07));
#14031=CARTESIAN_POINT('',(0.000566433894262799,0.025,0.07));
#14032=CARTESIAN_POINT('',(-0.00056643389426278,0.025,0.07));
#14033=CARTESIAN_POINT('',(0.0125,0.027,0.07));
#14034=CARTESIAN_POINT('',(0.0125,0.027,-0.31));
#14035=CARTESIAN_POINT('',(0.0244335661057372,0.025,-0.31));
#14036=CARTESIAN_POINT('',(0.0244335661057372,0.025,0.07));
#14037=CARTESIAN_POINT('',(0.0244335661057372,0.025,0.07));
#14038=CARTESIAN_POINT('',(0.0125,0.027,0.07));
#14039=CARTESIAN_POINT('',(0.0244335661057372,0.025,0.07));
#14040=CARTESIAN_POINT('',(0.0244335661057372,0.025,-0.31));
#14041=CARTESIAN_POINT('',(0.0255664338942628,0.025,-0.31));
#14042=CARTESIAN_POINT('',(0.0255664338942628,0.025,0.07));
#14043=CARTESIAN_POINT('',(0.0255664338942628,0.025,0.07));
#14044=CARTESIAN_POINT('',(0.0244335661057372,0.025,0.07));
#14045=CARTESIAN_POINT('',(0.0375,0.027,0.07));
#14046=CARTESIAN_POINT('',(0.0375,0.027,-0.31));
#14047=CARTESIAN_POINT('',(0.0494335661057372,0.025,-0.31));
#14048=CARTESIAN_POINT('',(0.0494335661057372,0.025,0.07));
#14049=CARTESIAN_POINT('',(0.0494335661057372,0.025,0.07));
#14050=CARTESIAN_POINT('',(0.0375,0.027,0.07));
#14051=CARTESIAN_POINT('',(0.0494335661057372,0.025,0.07));
#14052=CARTESIAN_POINT('',(0.0494335661057372,0.025,-0.31));
#14053=CARTESIAN_POINT('',(0.0505664338942628,0.025,-0.31));
#14054=CARTESIAN_POINT('',(0.0505664338942628,0.025,0.07));
#14055=CARTESIAN_POINT('',(0.0505664338942628,0.025,0.07));
#14056=CARTESIAN_POINT('',(0.0494335661057372,0.025,0.07));
#14057=CARTESIAN_POINT('',(0.0625,0.027,0.07));
#14058=CARTESIAN_POINT('',(0.0625,0.027,-0.31));
#14059=CARTESIAN_POINT('',(0.0744335661057372,0.025,-0.31));
#14060=CARTESIAN_POINT('',(0.0744335661057372,0.025,0.07));
#14061=CARTESIAN_POINT('',(0.0744335661057372,0.025,0.07));
#14062=CARTESIAN_POINT('',(0.0625,0.027,0.07));
#14063=CARTESIAN_POINT('',(0.0744335661057372,0.025,0.07));
#14064=CARTESIAN_POINT('',(0.0744335661057372,0.025,-0.31));
#14065=CARTESIAN_POINT('',(0.0755664338942628,0.025,-0.31));
#14066=CARTESIAN_POINT('',(0.0755664338942628,0.025,0.07));
#14067=CARTESIAN_POINT('',(0.0755664338942628,0.025,0.07));
#14068=CARTESIAN_POINT('',(0.0744335661057372,0.025,0.07));
#14069=CARTESIAN_POINT('',(0.0875,0.027,0.07));
#14070=CARTESIAN_POINT('',(0.0875,0.027,-0.31));
#14071=CARTESIAN_POINT('',(0.0994335661057374,0.0250000000000007,-0.31));
#14072=CARTESIAN_POINT('',(0.0994335661057374,0.0250000000000007,0.07));
#14073=CARTESIAN_POINT('',(0.0994335661057374,0.0250000000000007,0.07));
#14074=CARTESIAN_POINT('',(0.0875,0.027,0.07));
#14075=CARTESIAN_POINT('',(0.0994335661057374,0.0250000000000007,0.07));
#14076=CARTESIAN_POINT('',(0.0994335661057374,0.0250000000000007,-0.31));
#14077=CARTESIAN_POINT('',(0.100566433894263,0.0250000000000007,-0.31));
#14078=CARTESIAN_POINT('',(0.100566433894263,0.0250000000000007,0.07));
#14079=CARTESIAN_POINT('',(0.100566433894263,0.0250000000000007,0.07));
#14080=CARTESIAN_POINT('',(0.0994335661057374,0.0250000000000007,0.07));
#14081=CARTESIAN_POINT('',(0.1125,0.0270000000000003,0.07));
#14082=CARTESIAN_POINT('',(0.1125,0.0270000000000003,-0.31));
#14083=CARTESIAN_POINT('',(0.100566433894263,0.0289999999999998,-0.31));
#14084=CARTESIAN_POINT('',(0.100566433894263,0.0289999999999998,0.07));
#14085=CARTESIAN_POINT('',(0.100566433894263,0.0289999999999998,0.07));
#14086=CARTESIAN_POINT('',(0.1125,0.0270000000000003,0.07));
#14087=CARTESIAN_POINT('',(0.100566433894263,0.0289999999999998,0.07));
#14088=CARTESIAN_POINT('',(0.100566433894263,0.0289999999999998,-0.31));
#14089=CARTESIAN_POINT('',(0.0994335661057373,0.0289999999999998,-0.31));
#14090=CARTESIAN_POINT('',(0.0994335661057373,0.0289999999999998,0.07));
#14091=CARTESIAN_POINT('',(0.0994335661057373,0.0289999999999998,0.07));
#14092=CARTESIAN_POINT('',(0.100566433894263,0.0289999999999998,0.07));
#14093=CARTESIAN_POINT('',(0.0875,0.027,0.07));
#14094=CARTESIAN_POINT('',(0.0875,0.027,-0.31));
#14095=CARTESIAN_POINT('',(0.0755664338942628,0.029,-0.31));
#14096=CARTESIAN_POINT('',(0.0755664338942628,0.029,0.07));
#14097=CARTESIAN_POINT('',(0.0755664338942628,0.029,0.07));
#14098=CARTESIAN_POINT('',(0.0875,0.027,0.07));
#14099=CARTESIAN_POINT('',(0.0755664338942628,0.029,0.07));
#14100=CARTESIAN_POINT('',(0.0755664338942628,0.029,-0.31));
#14101=CARTESIAN_POINT('',(0.0744335661057372,0.029,-0.31));
#14102=CARTESIAN_POINT('',(0.0744335661057372,0.029,0.07));
#14103=CARTESIAN_POINT('',(0.0744335661057372,0.029,0.07));
#14104=CARTESIAN_POINT('',(0.0755664338942628,0.029,0.07));
#14105=CARTESIAN_POINT('',(0.0625,0.027,0.07));
#14106=CARTESIAN_POINT('',(0.0625,0.027,-0.31));
#14107=CARTESIAN_POINT('',(0.0505664338942628,0.029,-0.31));
#14108=CARTESIAN_POINT('',(0.0505664338942628,0.029,0.07));
#14109=CARTESIAN_POINT('',(0.0505664338942628,0.029,0.07));
#14110=CARTESIAN_POINT('',(0.0625,0.027,0.07));
#14111=CARTESIAN_POINT('',(0.0505664338942628,0.029,0.07));
#14112=CARTESIAN_POINT('',(0.0505664338942628,0.029,-0.31));
#14113=CARTESIAN_POINT('',(0.0494335661057372,0.029,-0.31));
#14114=CARTESIAN_POINT('',(0.0494335661057372,0.029,0.07));
#14115=CARTESIAN_POINT('',(0.0494335661057372,0.029,0.07));
#14116=CARTESIAN_POINT('',(0.0505664338942628,0.029,0.07));
#14117=CARTESIAN_POINT('',(0.0375,0.027,0.07));
#14118=CARTESIAN_POINT('',(0.0375,0.027,-0.31));
#14119=CARTESIAN_POINT('',(0.0255664338942628,0.029,-0.31));
#14120=CARTESIAN_POINT('',(0.0255664338942628,0.029,0.07));
#14121=CARTESIAN_POINT('',(0.0255664338942628,0.029,0.07));
#14122=CARTESIAN_POINT('',(0.0375,0.027,0.07));
#14123=CARTESIAN_POINT('',(0.0255664338942628,0.029,0.07));
#14124=CARTESIAN_POINT('',(0.0255664338942628,0.029,-0.31));
#14125=CARTESIAN_POINT('',(0.0244335661057372,0.029,-0.31));
#14126=CARTESIAN_POINT('',(0.0244335661057372,0.029,0.07));
#14127=CARTESIAN_POINT('',(0.0244335661057372,0.029,0.07));
#14128=CARTESIAN_POINT('',(0.0255664338942628,0.029,0.07));
#14129=CARTESIAN_POINT('',(0.0125,0.027,0.07));
#14130=CARTESIAN_POINT('',(0.0125,0.027,-0.31));
#14131=CARTESIAN_POINT('',(0.000566433894262799,0.029,-0.31));
#14132=CARTESIAN_POINT('',(0.000566433894262799,0.029,0.07));
#14133=CARTESIAN_POINT('',(0.000566433894262799,0.029,0.07));
#14134=CARTESIAN_POINT('',(0.0125,0.027,0.07));
#14135=CARTESIAN_POINT('',(0.000566433894262801,0.029,0.07));
#14136=CARTESIAN_POINT('',(0.000566433894262801,0.029,-0.31));
#14137=CARTESIAN_POINT('',(-0.00056643389426278,0.029,-0.31));
#14138=CARTESIAN_POINT('',(-0.00056643389426278,0.029,0.07));
#14139=CARTESIAN_POINT('',(-0.00056643389426278,0.029,0.07));
#14140=CARTESIAN_POINT('',(0.000566433894262801,0.029,0.07));
#14141=CARTESIAN_POINT('',(-0.0125,0.027,0.07));
#14142=CARTESIAN_POINT('',(-0.0125,0.027,-0.31));
#14143=CARTESIAN_POINT('',(-0.0244335661057372,0.029,-0.31));
#14144=CARTESIAN_POINT('',(-0.0244335661057372,0.029,0.07));
#14145=CARTESIAN_POINT('',(-0.0244335661057372,0.029,0.07));
#14146=CARTESIAN_POINT('',(-0.0125,0.027,0.07));
#14147=CARTESIAN_POINT('',(-0.0244335661057372,0.029,0.07));
#14148=CARTESIAN_POINT('',(-0.0244335661057372,0.029,-0.31));
#14149=CARTESIAN_POINT('',(-0.0255664338942628,0.029,-0.31));
#14150=CARTESIAN_POINT('',(-0.0255664338942628,0.029,0.07));
#14151=CARTESIAN_POINT('',(-0.0255664338942628,0.029,0.07));
#14152=CARTESIAN_POINT('',(-0.0244335661057372,0.029,0.07));
#14153=CARTESIAN_POINT('',(-0.0375,0.027,0.07));
#14154=CARTESIAN_POINT('',(-0.0375,0.027,-0.31));
#14155=CARTESIAN_POINT('',(-0.0494335661057372,0.029,-0.31));
#14156=CARTESIAN_POINT('',(-0.0494335661057372,0.029,0.07));
#14157=CARTESIAN_POINT('',(-0.0494335661057372,0.029,0.07));
#14158=CARTESIAN_POINT('',(-0.0375,0.027,0.07));
#14159=CARTESIAN_POINT('',(-0.0494335661057372,0.029,0.07));
#14160=CARTESIAN_POINT('',(-0.0494335661057372,0.029,-0.31));
#14161=CARTESIAN_POINT('',(-0.0505664338942628,0.029,-0.31));
#14162=CARTESIAN_POINT('',(-0.0505664338942628,0.029,0.07));
#14163=CARTESIAN_POINT('',(-0.0505664338942628,0.029,0.07));
#14164=CARTESIAN_POINT('',(-0.0494335661057372,0.029,0.07));
#14165=CARTESIAN_POINT('',(-0.0625,0.027,0.07));
#14166=CARTESIAN_POINT('',(-0.0625,0.027,-0.31));
#14167=CARTESIAN_POINT('',(-0.0744335661057372,0.029,-0.31));
#14168=CARTESIAN_POINT('',(-0.0744335661057372,0.029,0.07));
#14169=CARTESIAN_POINT('',(-0.0744335661057372,0.029,0.07));
#14170=CARTESIAN_POINT('',(-0.0625,0.027,0.07));
#14171=CARTESIAN_POINT('',(-0.0744335661057372,0.029,0.07));
#14172=CARTESIAN_POINT('',(-0.0744335661057372,0.029,-0.31));
#14173=CARTESIAN_POINT('',(-0.0755664338942628,0.029,-0.31));
#14174=CARTESIAN_POINT('',(-0.0755664338942628,0.029,0.07));
#14175=CARTESIAN_POINT('',(-0.0755664338942628,0.029,0.07));
#14176=CARTESIAN_POINT('',(-0.0744335661057372,0.029,0.07));
#14177=CARTESIAN_POINT('',(-0.0875,0.027,0.07));
#14178=CARTESIAN_POINT('',(-0.0875,0.027,-0.31));
#14179=CARTESIAN_POINT('',(-0.0875,0.027,0.07));
#14180=CARTESIAN_POINT('',(-0.1125,0.027,0.07));
#14181=CARTESIAN_POINT('',(-0.1125,0.027,-0.31));
#14182=CARTESIAN_POINT('',(0.,0.125,0.));
#14183=CARTESIAN_POINT('',(-0.0224999557199807,0.166999671344039,-0.0048));
#14184=CARTESIAN_POINT('',(-0.0224999557199807,0.166999671344039,0.));
#14185=CARTESIAN_POINT('',(-0.0224999557199807,0.166999671344039,0.));
#14186=CARTESIAN_POINT('',(-0.0259999488319814,0.160937505447915,0.));
#14187=CARTESIAN_POINT('',(-0.0224999557199807,0.166999671344039,-0.0048));
#14188=CARTESIAN_POINT('',(-0.0224999557199807,0.166999671344039,-0.0048));
#14189=CARTESIAN_POINT('',(-0.0224999557199807,0.166999671344039,-0.0048));
#14190=CARTESIAN_POINT('',(-0.0259999488319814,0.160937505447915,-0.0048));
#14191=CARTESIAN_POINT('',(-0.0259999488319814,0.160937505447915,-0.0048));
#14192=CARTESIAN_POINT('',(-0.0259999488319814,0.160937505447915,-0.0048));
#14193=CARTESIAN_POINT('',(-0.0259999488319814,0.160937505447915,0.));
#14194=CARTESIAN_POINT('',(-0.0259999488319755,0.059999881920018,0.));
#14195=CARTESIAN_POINT('',(-0.0259999488319814,0.160937505447915,-0.0048));
#14196=CARTESIAN_POINT('',(-0.0259999488319755,0.059999881920018,-0.0048));
#14197=CARTESIAN_POINT('',(-0.0259999488319755,0.059999881920018,-0.0048));
#14198=CARTESIAN_POINT('',(-0.0259999488319755,0.059999881920018,-0.0048));
#14199=CARTESIAN_POINT('',(-0.0259999488319755,0.059999881920018,0.));
#14200=CARTESIAN_POINT('',(-0.0149999704799773,0.0599998819200186,0.));
#14201=CARTESIAN_POINT('',(-0.0259999488319755,0.059999881920018,-0.0048));
#14202=CARTESIAN_POINT('',(-0.0149999704799773,0.0599998819200186,-0.0048));
#14203=CARTESIAN_POINT('',(-0.0149999704799773,0.0599998819200186,-0.0048));
#14204=CARTESIAN_POINT('',(-0.0149999704799773,0.0599998819200186,-0.0048));
#14205=CARTESIAN_POINT('',(-0.0149999704799773,0.0599998819200186,0.));
#14206=CARTESIAN_POINT('',(-0.0149999704799773,0.,0.));
#14207=CARTESIAN_POINT('',(-0.0149999704799773,0.0599998819200186,-0.0048));
#14208=CARTESIAN_POINT('',(-0.0149999704799773,0.,-0.0048));
#14209=CARTESIAN_POINT('',(-0.0149999704799773,0.,-0.0048));
#14210=CARTESIAN_POINT('',(-0.0149999704799773,0.,-0.0048));
#14211=CARTESIAN_POINT('',(-0.0149999704799773,0.,0.));
#14212=CARTESIAN_POINT('',(0.0149999704800363,0.,0.));
#14213=CARTESIAN_POINT('',(-0.0149999704799773,0.,-0.0048));
#14214=CARTESIAN_POINT('',(0.0149999704800363,0.,-0.0048));
#14215=CARTESIAN_POINT('',(0.0149999704800363,0.,-0.0048));
#14216=CARTESIAN_POINT('',(0.0149999704800363,0.,-0.0048));
#14217=CARTESIAN_POINT('',(0.0149999704800363,0.,0.));
#14218=CARTESIAN_POINT('',(0.0149999704800337,0.035,0.));
#14219=CARTESIAN_POINT('',(0.0149999704800363,0.,-0.0048));
#14220=CARTESIAN_POINT('',(0.0149999704800337,0.035,-0.0048));
#14221=CARTESIAN_POINT('',(0.0149999704800337,0.035,-0.0048));
#14222=CARTESIAN_POINT('',(0.0149999704800337,0.035,-0.0048));
#14223=CARTESIAN_POINT('',(0.0149999704800337,0.035,0.));
#14224=CARTESIAN_POINT('',(0.0350000295200228,0.035,0.));
#14225=CARTESIAN_POINT('',(0.0149999704800337,0.035,-0.0048));
#14226=CARTESIAN_POINT('',(0.0350000295200228,0.035,-0.0048));
#14227=CARTESIAN_POINT('',(0.0350000295200228,0.035,-0.0048));
#14228=CARTESIAN_POINT('',(0.0350000295200227,0.035,-0.0048));
#14229=CARTESIAN_POINT('',(0.0350000295200227,0.035,0.));
#14230=CARTESIAN_POINT('',(0.0350000295200227,0.,0.));
#14231=CARTESIAN_POINT('',(0.0350000295200227,0.035,-0.0048));
#14232=CARTESIAN_POINT('',(0.0350000295200227,0.,-0.0048));
#14233=CARTESIAN_POINT('',(0.0350000295200227,0.,-0.0048));
#14234=CARTESIAN_POINT('',(0.0350000295200227,0.,-0.0048));
#14235=CARTESIAN_POINT('',(0.0350000295200227,0.,0.));
#14236=CARTESIAN_POINT('',(0.0649999704800363,0.,0.));
#14237=CARTESIAN_POINT('',(0.0350000295200227,0.,-0.0048));
#14238=CARTESIAN_POINT('',(0.0649999704800363,0.,-0.0048));
#14239=CARTESIAN_POINT('',(0.0649999704800363,0.,-0.0048));
#14240=CARTESIAN_POINT('',(0.0649999704800363,0.,-0.0048));
#14241=CARTESIAN_POINT('',(0.0649999704800363,0.,0.));
#14242=CARTESIAN_POINT('',(0.0649999704800337,0.035,0.));
#14243=CARTESIAN_POINT('',(0.0649999704800363,0.,-0.0048));
#14244=CARTESIAN_POINT('',(0.0649999704800337,0.035,-0.0048));
#14245=CARTESIAN_POINT('',(0.0649999704800337,0.035,-0.0048));
#14246=CARTESIAN_POINT('',(0.0649999704800337,0.035,-0.0048));
#14247=CARTESIAN_POINT('',(0.0649999704800337,0.035,0.));
#14248=CARTESIAN_POINT('',(0.0850000295200228,0.035,0.));
#14249=CARTESIAN_POINT('',(0.0649999704800337,0.035,-0.0048));
#14250=CARTESIAN_POINT('',(0.0850000295200228,0.035,-0.0048));
#14251=CARTESIAN_POINT('',(0.0850000295200228,0.035,-0.0048));
#14252=CARTESIAN_POINT('',(0.0850000295200228,0.035,-0.0048));
#14253=CARTESIAN_POINT('',(0.0850000295200228,0.035,0.));
#14254=CARTESIAN_POINT('',(0.0850000295200228,0.,0.));
#14255=CARTESIAN_POINT('',(0.0850000295200228,0.035,-0.0048));
#14256=CARTESIAN_POINT('',(0.0850000295200228,0.,-0.0048));
#14257=CARTESIAN_POINT('',(0.0850000295200228,0.,-0.0048));
#14258=CARTESIAN_POINT('',(0.0850000295200228,0.,-0.0048));
#14259=CARTESIAN_POINT('',(0.0850000295200228,0.,0.));
#14260=CARTESIAN_POINT('',(0.114999970480036,0.,0.));
#14261=CARTESIAN_POINT('',(0.0850000295200228,0.,-0.0048));
#14262=CARTESIAN_POINT('',(0.114999970480036,0.,-0.0048));
#14263=CARTESIAN_POINT('',(0.114999970480036,0.,-0.0048));
#14264=CARTESIAN_POINT('',(0.114999970480036,0.,-0.0048));
#14265=CARTESIAN_POINT('',(0.114999970480036,0.,0.));
#14266=CARTESIAN_POINT('',(0.114999970480034,0.035,0.));
#14267=CARTESIAN_POINT('',(0.114999970480036,0.,-0.0048));
#14268=CARTESIAN_POINT('',(0.114999970480034,0.035,-0.0048));
#14269=CARTESIAN_POINT('',(0.114999970480034,0.035,-0.0048));
#14270=CARTESIAN_POINT('',(0.114999970480034,0.035,-0.0048));
#14271=CARTESIAN_POINT('',(0.114999970480034,0.035,0.));
#14272=CARTESIAN_POINT('',(0.135000029520023,0.035,0.));
#14273=CARTESIAN_POINT('',(0.114999970480034,0.035,-0.0048));
#14274=CARTESIAN_POINT('',(0.135000029520023,0.035,-0.0048));
#14275=CARTESIAN_POINT('',(0.135000029520023,0.035,-0.0048));
#14276=CARTESIAN_POINT('',(0.135000029520023,0.035,-0.0048));
#14277=CARTESIAN_POINT('',(0.135000029520023,0.035,0.));
#14278=CARTESIAN_POINT('',(0.135000029520023,0.,0.));
#14279=CARTESIAN_POINT('',(0.135000029520023,0.035,-0.0048));
#14280=CARTESIAN_POINT('',(0.135000029520023,0.,-0.0048));
#14281=CARTESIAN_POINT('',(0.135000029520023,0.,-0.0048));
#14282=CARTESIAN_POINT('',(0.135000029520023,0.,-0.0048));
#14283=CARTESIAN_POINT('',(0.135000029520023,0.,0.));
#14284=CARTESIAN_POINT('',(0.164999970480036,0.,0.));
#14285=CARTESIAN_POINT('',(0.135000029520023,0.,-0.0048));
#14286=CARTESIAN_POINT('',(0.164999970480036,0.,-0.0048));
#14287=CARTESIAN_POINT('',(0.164999970480036,0.,-0.0048));
#14288=CARTESIAN_POINT('',(0.164999970480036,0.,-0.0048));
#14289=CARTESIAN_POINT('',(0.164999970480036,0.,0.));
#14290=CARTESIAN_POINT('',(0.164999970480034,0.035,0.));
#14291=CARTESIAN_POINT('',(0.164999970480036,0.,-0.0048));
#14292=CARTESIAN_POINT('',(0.164999970480034,0.035,-0.0048));
#14293=CARTESIAN_POINT('',(0.164999970480034,0.035,-0.0048));
#14294=CARTESIAN_POINT('',(0.164999970480034,0.035,-0.0048));
#14295=CARTESIAN_POINT('',(0.164999970480034,0.035,0.));
#14296=CARTESIAN_POINT('',(0.185000029520023,0.035,0.));
#14297=CARTESIAN_POINT('',(0.164999970480034,0.035,-0.0048));
#14298=CARTESIAN_POINT('',(0.185000029520023,0.035,-0.0048));
#14299=CARTESIAN_POINT('',(0.185000029520023,0.035,-0.0048));
#14300=CARTESIAN_POINT('',(0.185000029520023,0.035,-0.0048));
#14301=CARTESIAN_POINT('',(0.185000029520023,0.035,0.));
#14302=CARTESIAN_POINT('',(0.185000029520023,0.,0.));
#14303=CARTESIAN_POINT('',(0.185000029520023,0.035,-0.0048));
#14304=CARTESIAN_POINT('',(0.185000029520023,0.,-0.0048));
#14305=CARTESIAN_POINT('',(0.185000029520023,0.,-0.0048));
#14306=CARTESIAN_POINT('',(0.185000029520023,0.,-0.0048));
#14307=CARTESIAN_POINT('',(0.185000029520023,0.,0.));
#14308=CARTESIAN_POINT('',(0.214999970480036,0.,0.));
#14309=CARTESIAN_POINT('',(0.185000029520023,0.,-0.0048));
#14310=CARTESIAN_POINT('',(0.214999970480036,0.,-0.0048));
#14311=CARTESIAN_POINT('',(0.214999970480036,0.,-0.0048));
#14312=CARTESIAN_POINT('',(0.214999970480036,0.,-0.0048));
#14313=CARTESIAN_POINT('',(0.214999970480036,0.,0.));
#14314=CARTESIAN_POINT('',(0.214999970480032,0.0599998819200186,0.));
#14315=CARTESIAN_POINT('',(0.214999970480036,0.,-0.0048));
#14316=CARTESIAN_POINT('',(0.214999970480032,0.0599998819200186,-0.0048));
#14317=CARTESIAN_POINT('',(0.214999970480032,0.0599998819200186,-0.0048));
#14318=CARTESIAN_POINT('',(0.214999970480032,0.0599998819200186,-0.0048));
#14319=CARTESIAN_POINT('',(0.214999970480032,0.0599998819200186,0.));
#14320=CARTESIAN_POINT('',(0.20000000000003,0.0599998819200168,0.));
#14321=CARTESIAN_POINT('',(0.214999970480032,0.0599998819200186,-0.0048));
#14322=CARTESIAN_POINT('',(0.20000000000003,0.0599998819200168,-0.0048));
#14323=CARTESIAN_POINT('',(0.20000000000003,0.0599998819200168,-0.0048));
#14324=CARTESIAN_POINT('',(0.20000000000003,0.0599998819200168,-0.0048));
#14325=CARTESIAN_POINT('',(0.20000000000003,0.0599998819200168,0.));
#14326=CARTESIAN_POINT('',(0.200000000000018,0.160937505447915,0.));
#14327=CARTESIAN_POINT('',(0.20000000000003,0.0599998819200168,-0.0048));
#14328=CARTESIAN_POINT('',(0.200000000000018,0.160937505447915,-0.0048));
#14329=CARTESIAN_POINT('',(0.200000000000018,0.160937505447915,-0.0048));
#14330=CARTESIAN_POINT('',(0.200000000000018,0.160937505447915,-0.0048));
#14331=CARTESIAN_POINT('',(0.200000000000018,0.160937505447915,0.));
#14332=CARTESIAN_POINT('',(0.196500006888024,0.166999671344039,0.));
#14333=CARTESIAN_POINT('',(0.200000000000018,0.160937505447915,-0.0048));
#14334=CARTESIAN_POINT('',(0.196500006888024,0.166999671344039,-0.0048));
#14335=CARTESIAN_POINT('',(0.196500006888024,0.166999671344039,-0.0048));
#14336=CARTESIAN_POINT('',(0.196500006888024,0.166999671344039,-0.0048));
#14337=CARTESIAN_POINT('',(0.196500006888024,0.166999671344039,0.));
#14338=CARTESIAN_POINT('',(0.190000019680018,0.160499684136037,0.));
#14339=CARTESIAN_POINT('',(0.196500006888024,0.166999671344039,-0.0048));
#14340=CARTESIAN_POINT('',(0.190000019680018,0.160499684136037,-0.0048));
#14341=CARTESIAN_POINT('',(0.190000019680018,0.160499684136037,-0.0048));
#14342=CARTESIAN_POINT('',(0.190000019680018,0.160499684136037,-0.0048));
#14343=CARTESIAN_POINT('',(0.190000019680018,0.160499684136037,0.));
#14344=CARTESIAN_POINT('',(0.190000019680021,0.119999763840046,0.));
#14345=CARTESIAN_POINT('',(0.190000019680018,0.160499684136037,-0.0048));
#14346=CARTESIAN_POINT('',(0.190000019680021,0.119999763840046,-0.0048));
#14347=CARTESIAN_POINT('',(0.190000019680021,0.119999763840046,-0.0048));
#14348=CARTESIAN_POINT('',(0.187000025584021,0.119999766447074,-0.0048));
#14349=CARTESIAN_POINT('',(0.187000025584021,0.119999766447074,0.));
#14350=CARTESIAN_POINT('',(0.184000031488021,0.119999763840046,0.));
#14351=CARTESIAN_POINT('',(0.187000025584021,0.119999766447074,-0.0048));
#14352=CARTESIAN_POINT('',(0.184000031488021,0.119999763840046,-0.0048));
#14353=CARTESIAN_POINT('',(0.184000031488021,0.119999763840046,-0.0048));
#14354=CARTESIAN_POINT('',(0.184000031488021,0.119999763840046,-0.0048));
#14355=CARTESIAN_POINT('',(0.184000031488021,0.119999763840046,0.));
#14356=CARTESIAN_POINT('',(0.184000031488016,0.160499684136037,0.));
#14357=CARTESIAN_POINT('',(0.184000031488021,0.119999763840046,-0.0048));
#14358=CARTESIAN_POINT('',(0.184000031488016,0.160499684136037,-0.0048));
#14359=CARTESIAN_POINT('',(0.184000031488016,0.160499684136037,-0.0048));
#14360=CARTESIAN_POINT('',(0.184000031488016,0.160499684136037,-0.0048));
#14361=CARTESIAN_POINT('',(0.184000031488016,0.160499684136037,0.));
#14362=CARTESIAN_POINT('',(0.177500044280019,0.166999671344039,0.));
#14363=CARTESIAN_POINT('',(0.184000031488016,0.160499684136037,-0.0048));
#14364=CARTESIAN_POINT('',(0.177500044280019,0.166999671344039,-0.0048));
#14365=CARTESIAN_POINT('',(0.177500044280019,0.166999671344039,-0.0048));
#14366=CARTESIAN_POINT('',(0.177500044280019,0.166999671344039,-0.0048));
#14367=CARTESIAN_POINT('',(0.177500044280019,0.166999671344039,0.));
#14368=CARTESIAN_POINT('',(0.174000051168019,0.160937505447915,0.));
#14369=CARTESIAN_POINT('',(0.177500044280019,0.166999671344039,-0.0048));
#14370=CARTESIAN_POINT('',(0.174000051168019,0.160937505447915,-0.0048));
#14371=CARTESIAN_POINT('',(0.174000051168019,0.160937505447915,-0.0048));
#14372=CARTESIAN_POINT('',(0.174000051168019,0.160937505447915,-0.0048));
#14373=CARTESIAN_POINT('',(0.174000051168019,0.160937505447915,0.));
#14374=CARTESIAN_POINT('',(0.174000051168025,0.059999881920018,0.));
#14375=CARTESIAN_POINT('',(0.174000051168019,0.160937505447915,-0.0048));
#14376=CARTESIAN_POINT('',(0.174000051168025,0.059999881920018,-0.0048));
#14377=CARTESIAN_POINT('',(0.174000051168025,0.059999881920018,-0.0048));
#14378=CARTESIAN_POINT('',(0.174000051168025,0.059999881920018,-0.0048));
#14379=CARTESIAN_POINT('',(0.174000051168025,0.059999881920018,0.));
#14380=CARTESIAN_POINT('',(0.185000029520023,0.0599998819200186,0.));
#14381=CARTESIAN_POINT('',(0.174000051168025,0.059999881920018,-0.0048));
#14382=CARTESIAN_POINT('',(0.185000029520023,0.0599998819200186,-0.0048));
#14383=CARTESIAN_POINT('',(0.185000029520023,0.0599998819200186,-0.0048));
#14384=CARTESIAN_POINT('',(0.185000029520023,0.0599998819200186,-0.0048));
#14385=CARTESIAN_POINT('',(0.185000029520023,0.0599998819200186,0.));
#14386=CARTESIAN_POINT('',(0.185000029520023,0.04,0.));
#14387=CARTESIAN_POINT('',(0.185000029520023,0.0599998819200186,-0.0048));
#14388=CARTESIAN_POINT('',(0.185000029520023,0.04,-0.0048));
#14389=CARTESIAN_POINT('',(0.185000029520023,0.04,-0.0048));
#14390=CARTESIAN_POINT('',(0.185000029520023,0.04,-0.0048));
#14391=CARTESIAN_POINT('',(0.185000029520023,0.04,0.));
#14392=CARTESIAN_POINT('',(0.164999970480033,0.04,0.));
#14393=CARTESIAN_POINT('',(0.185000029520023,0.04,-0.0048));
#14394=CARTESIAN_POINT('',(0.164999970480033,0.04,-0.0048));
#14395=CARTESIAN_POINT('',(0.164999970480033,0.04,-0.0048));
#14396=CARTESIAN_POINT('',(0.164999970480033,0.04,-0.0048));
#14397=CARTESIAN_POINT('',(0.164999970480033,0.04,0.));
#14398=CARTESIAN_POINT('',(0.164999970480032,0.0599998819200186,0.));
#14399=CARTESIAN_POINT('',(0.164999970480033,0.04,-0.0048));
#14400=CARTESIAN_POINT('',(0.164999970480032,0.0599998819200186,-0.0048));
#14401=CARTESIAN_POINT('',(0.164999970480032,0.0599998819200186,-0.0048));
#14402=CARTESIAN_POINT('',(0.164999970480032,0.0599998819200186,-0.0048));
#14403=CARTESIAN_POINT('',(0.164999970480032,0.0599998819200186,0.));
#14404=CARTESIAN_POINT('',(0.15000000000003,0.0599998819200168,0.));
#14405=CARTESIAN_POINT('',(0.164999970480032,0.0599998819200186,-0.0048));
#14406=CARTESIAN_POINT('',(0.15000000000003,0.0599998819200168,-0.0048));
#14407=CARTESIAN_POINT('',(0.15000000000003,0.0599998819200168,-0.0048));
#14408=CARTESIAN_POINT('',(0.15000000000003,0.0599998819200168,-0.0048));
#14409=CARTESIAN_POINT('',(0.15000000000003,0.0599998819200168,0.));
#14410=CARTESIAN_POINT('',(0.150000000000018,0.160937505447915,0.));
#14411=CARTESIAN_POINT('',(0.15000000000003,0.0599998819200168,-0.0048));
#14412=CARTESIAN_POINT('',(0.150000000000018,0.160937505447915,-0.0048));
#14413=CARTESIAN_POINT('',(0.150000000000018,0.160937505447915,-0.0048));
#14414=CARTESIAN_POINT('',(0.150000000000018,0.160937505447915,-0.0048));
#14415=CARTESIAN_POINT('',(0.150000000000018,0.160937505447915,0.));
#14416=CARTESIAN_POINT('',(0.146500006888024,0.166999671344039,0.));
#14417=CARTESIAN_POINT('',(0.150000000000018,0.160937505447915,-0.0048));
#14418=CARTESIAN_POINT('',(0.146500006888024,0.166999671344039,-0.0048));
#14419=CARTESIAN_POINT('',(0.146500006888024,0.166999671344039,-0.0048));
#14420=CARTESIAN_POINT('',(0.146500006888024,0.166999671344039,-0.0048));
#14421=CARTESIAN_POINT('',(0.146500006888024,0.166999671344039,0.));
#14422=CARTESIAN_POINT('',(0.140000019680018,0.160499684136037,0.));
#14423=CARTESIAN_POINT('',(0.146500006888024,0.166999671344039,-0.0048));
#14424=CARTESIAN_POINT('',(0.140000019680018,0.160499684136037,-0.0048));
#14425=CARTESIAN_POINT('',(0.140000019680018,0.160499684136037,-0.0048));
#14426=CARTESIAN_POINT('',(0.140000019680018,0.160499684136037,-0.0048));
#14427=CARTESIAN_POINT('',(0.140000019680018,0.160499684136037,0.));
#14428=CARTESIAN_POINT('',(0.140000019680021,0.119999763840046,0.));
#14429=CARTESIAN_POINT('',(0.140000019680018,0.160499684136037,-0.0048));
#14430=CARTESIAN_POINT('',(0.140000019680021,0.119999763840046,-0.0048));
#14431=CARTESIAN_POINT('',(0.140000019680021,0.119999763840046,-0.0048));
#14432=CARTESIAN_POINT('',(0.137000025584021,0.119999766415036,-0.0048));
#14433=CARTESIAN_POINT('',(0.137000025584021,0.119999766415036,0.));
#14434=CARTESIAN_POINT('',(0.134000031488021,0.119999763840046,0.));
#14435=CARTESIAN_POINT('',(0.137000025584021,0.119999766415036,-0.0048));
#14436=CARTESIAN_POINT('',(0.134000031488021,0.119999763840046,-0.0048));
#14437=CARTESIAN_POINT('',(0.134000031488021,0.119999763840046,-0.0048));
#14438=CARTESIAN_POINT('',(0.134000031488021,0.119999763840046,-0.0048));
#14439=CARTESIAN_POINT('',(0.134000031488021,0.119999763840046,0.));
#14440=CARTESIAN_POINT('',(0.134000031488016,0.160499684136037,0.));
#14441=CARTESIAN_POINT('',(0.134000031488021,0.119999763840046,-0.0048));
#14442=CARTESIAN_POINT('',(0.134000031488016,0.160499684136037,-0.0048));
#14443=CARTESIAN_POINT('',(0.134000031488016,0.160499684136037,-0.0048));
#14444=CARTESIAN_POINT('',(0.134000031488016,0.160499684136037,-0.0048));
#14445=CARTESIAN_POINT('',(0.134000031488016,0.160499684136037,0.));
#14446=CARTESIAN_POINT('',(0.127500044280019,0.166999671344039,0.));
#14447=CARTESIAN_POINT('',(0.134000031488016,0.160499684136037,-0.0048));
#14448=CARTESIAN_POINT('',(0.127500044280019,0.166999671344039,-0.0048));
#14449=CARTESIAN_POINT('',(0.127500044280019,0.166999671344039,-0.0048));
#14450=CARTESIAN_POINT('',(0.127500044280019,0.166999671344039,-0.0048));
#14451=CARTESIAN_POINT('',(0.127500044280019,0.166999671344039,0.));
#14452=CARTESIAN_POINT('',(0.124000051168019,0.160937505447915,0.));
#14453=CARTESIAN_POINT('',(0.127500044280019,0.166999671344039,-0.0048));
#14454=CARTESIAN_POINT('',(0.124000051168019,0.160937505447915,-0.0048));
#14455=CARTESIAN_POINT('',(0.124000051168019,0.160937505447915,-0.0048));
#14456=CARTESIAN_POINT('',(0.124000051168019,0.160937505447915,-0.0048));
#14457=CARTESIAN_POINT('',(0.124000051168019,0.160937505447915,0.));
#14458=CARTESIAN_POINT('',(0.124000051168025,0.059999881920018,0.));
#14459=CARTESIAN_POINT('',(0.124000051168019,0.160937505447915,-0.0048));
#14460=CARTESIAN_POINT('',(0.124000051168025,0.059999881920018,-0.0048));
#14461=CARTESIAN_POINT('',(0.124000051168025,0.059999881920018,-0.0048));
#14462=CARTESIAN_POINT('',(0.124000051168025,0.059999881920018,-0.0048));
#14463=CARTESIAN_POINT('',(0.124000051168025,0.059999881920018,0.));
#14464=CARTESIAN_POINT('',(0.135000029520023,0.0599998819200186,0.));
#14465=CARTESIAN_POINT('',(0.124000051168025,0.059999881920018,-0.0048));
#14466=CARTESIAN_POINT('',(0.135000029520023,0.0599998819200186,-0.0048));
#14467=CARTESIAN_POINT('',(0.135000029520023,0.0599998819200186,-0.0048));
#14468=CARTESIAN_POINT('',(0.135000029520023,0.0599998819200186,-0.0048));
#14469=CARTESIAN_POINT('',(0.135000029520023,0.0599998819200186,0.));
#14470=CARTESIAN_POINT('',(0.135000029520023,0.04,0.));
#14471=CARTESIAN_POINT('',(0.135000029520023,0.0599998819200186,-0.0048));
#14472=CARTESIAN_POINT('',(0.135000029520023,0.04,-0.0048));
#14473=CARTESIAN_POINT('',(0.135000029520023,0.04,-0.0048));
#14474=CARTESIAN_POINT('',(0.135000029520023,0.04,-0.0048));
#14475=CARTESIAN_POINT('',(0.135000029520023,0.04,0.));
#14476=CARTESIAN_POINT('',(0.114999970480033,0.04,0.));
#14477=CARTESIAN_POINT('',(0.135000029520023,0.04,-0.0048));
#14478=CARTESIAN_POINT('',(0.114999970480033,0.04,-0.0048));
#14479=CARTESIAN_POINT('',(0.114999970480033,0.04,-0.0048));
#14480=CARTESIAN_POINT('',(0.114999970480033,0.04,-0.0048));
#14481=CARTESIAN_POINT('',(0.114999970480033,0.04,0.));
#14482=CARTESIAN_POINT('',(0.114999970480032,0.0599998819200186,0.));
#14483=CARTESIAN_POINT('',(0.114999970480033,0.04,-0.0048));
#14484=CARTESIAN_POINT('',(0.114999970480032,0.0599998819200186,-0.0048));
#14485=CARTESIAN_POINT('',(0.114999970480032,0.0599998819200186,-0.0048));
#14486=CARTESIAN_POINT('',(0.114999970480032,0.0599998819200186,-0.0048));
#14487=CARTESIAN_POINT('',(0.114999970480032,0.0599998819200186,0.));
#14488=CARTESIAN_POINT('',(0.10000000000003,0.0599998819200168,0.));
#14489=CARTESIAN_POINT('',(0.114999970480032,0.0599998819200186,-0.0048));
#14490=CARTESIAN_POINT('',(0.10000000000003,0.0599998819200168,-0.0048));
#14491=CARTESIAN_POINT('',(0.10000000000003,0.0599998819200168,-0.0048));
#14492=CARTESIAN_POINT('',(0.10000000000003,0.0599998819200168,-0.0048));
#14493=CARTESIAN_POINT('',(0.10000000000003,0.0599998819200168,0.));
#14494=CARTESIAN_POINT('',(0.100000000000018,0.160937505447915,0.));
#14495=CARTESIAN_POINT('',(0.10000000000003,0.0599998819200168,-0.0048));
#14496=CARTESIAN_POINT('',(0.100000000000018,0.160937505447915,-0.0048));
#14497=CARTESIAN_POINT('',(0.100000000000018,0.160937505447915,-0.0048));
#14498=CARTESIAN_POINT('',(0.100000000000018,0.160937505447915,-0.0048));
#14499=CARTESIAN_POINT('',(0.100000000000018,0.160937505447915,0.));
#14500=CARTESIAN_POINT('',(0.0965000068880244,0.166999671344039,0.));
#14501=CARTESIAN_POINT('',(0.100000000000018,0.160937505447915,-0.0048));
#14502=CARTESIAN_POINT('',(0.0965000068880244,0.166999671344039,-0.0048));
#14503=CARTESIAN_POINT('',(0.0965000068880244,0.166999671344039,-0.0048));
#14504=CARTESIAN_POINT('',(0.0965000068880244,0.166999671344039,-0.0048));
#14505=CARTESIAN_POINT('',(0.0965000068880244,0.166999671344039,0.));
#14506=CARTESIAN_POINT('',(0.0900000196800183,0.160499684136037,0.));
#14507=CARTESIAN_POINT('',(0.0965000068880244,0.166999671344039,-0.0048));
#14508=CARTESIAN_POINT('',(0.0900000196800183,0.160499684136037,-0.0048));
#14509=CARTESIAN_POINT('',(0.0900000196800183,0.160499684136037,-0.0048));
#14510=CARTESIAN_POINT('',(0.0900000196800183,0.160499684136037,-0.0048));
#14511=CARTESIAN_POINT('',(0.0900000196800183,0.160499684136037,0.));
#14512=CARTESIAN_POINT('',(0.0900000196800206,0.119999763840046,0.));
#14513=CARTESIAN_POINT('',(0.0900000196800183,0.160499684136037,-0.0048));
#14514=CARTESIAN_POINT('',(0.0900000196800206,0.119999763840046,-0.0048));
#14515=CARTESIAN_POINT('',(0.0900000196800206,0.119999763840046,-0.0048));
#14516=CARTESIAN_POINT('',(0.0870000255840208,0.119999766431104,-0.0048));
#14517=CARTESIAN_POINT('',(0.0870000255840208,0.119999766431104,0.));
#14518=CARTESIAN_POINT('',(0.0840000314880209,0.119999763840046,0.));
#14519=CARTESIAN_POINT('',(0.0870000255840208,0.119999766431104,-0.0048));
#14520=CARTESIAN_POINT('',(0.0840000314880209,0.119999763840046,-0.0048));
#14521=CARTESIAN_POINT('',(0.0840000314880209,0.119999763840046,-0.0048));
#14522=CARTESIAN_POINT('',(0.0840000314880209,0.119999763840046,-0.0048));
#14523=CARTESIAN_POINT('',(0.0840000314880209,0.119999763840046,0.));
#14524=CARTESIAN_POINT('',(0.0840000314880165,0.160499684136037,0.));
#14525=CARTESIAN_POINT('',(0.0840000314880209,0.119999763840046,-0.0048));
#14526=CARTESIAN_POINT('',(0.0840000314880165,0.160499684136037,-0.0048));
#14527=CARTESIAN_POINT('',(0.0840000314880165,0.160499684136037,-0.0048));
#14528=CARTESIAN_POINT('',(0.0840000314880165,0.160499684136037,-0.0048));
#14529=CARTESIAN_POINT('',(0.0840000314880165,0.160499684136037,0.));
#14530=CARTESIAN_POINT('',(0.0775000442800193,0.166999671344039,0.));
#14531=CARTESIAN_POINT('',(0.0840000314880165,0.160499684136037,-0.0048));
#14532=CARTESIAN_POINT('',(0.0775000442800193,0.166999671344039,-0.0048));
#14533=CARTESIAN_POINT('',(0.0775000442800193,0.166999671344039,-0.0048));
#14534=CARTESIAN_POINT('',(0.0775000442800193,0.166999671344039,-0.0048));
#14535=CARTESIAN_POINT('',(0.0775000442800193,0.166999671344039,0.));
#14536=CARTESIAN_POINT('',(0.0740000511680186,0.160937505447915,0.));
#14537=CARTESIAN_POINT('',(0.0775000442800193,0.166999671344039,-0.0048));
#14538=CARTESIAN_POINT('',(0.0740000511680186,0.160937505447915,-0.0048));
#14539=CARTESIAN_POINT('',(0.0740000511680186,0.160937505447915,-0.0048));
#14540=CARTESIAN_POINT('',(0.0740000511680186,0.160937505447915,-0.0048));
#14541=CARTESIAN_POINT('',(0.0740000511680186,0.160937505447915,0.));
#14542=CARTESIAN_POINT('',(0.0740000511680245,0.059999881920018,0.));
#14543=CARTESIAN_POINT('',(0.0740000511680186,0.160937505447915,-0.0048));
#14544=CARTESIAN_POINT('',(0.0740000511680245,0.059999881920018,-0.0048));
#14545=CARTESIAN_POINT('',(0.0740000511680245,0.059999881920018,-0.0048));
#14546=CARTESIAN_POINT('',(0.0740000511680245,0.059999881920018,-0.0048));
#14547=CARTESIAN_POINT('',(0.0740000511680245,0.059999881920018,0.));
#14548=CARTESIAN_POINT('',(0.0850000295200228,0.0599998819200186,0.));
#14549=CARTESIAN_POINT('',(0.0740000511680245,0.059999881920018,-0.0048));
#14550=CARTESIAN_POINT('',(0.0850000295200228,0.0599998819200186,-0.0048));
#14551=CARTESIAN_POINT('',(0.0850000295200228,0.0599998819200186,-0.0048));
#14552=CARTESIAN_POINT('',(0.0850000295200228,0.0599998819200186,-0.0048));
#14553=CARTESIAN_POINT('',(0.0850000295200228,0.0599998819200186,0.));
#14554=CARTESIAN_POINT('',(0.0850000295200228,0.04,0.));
#14555=CARTESIAN_POINT('',(0.0850000295200228,0.0599998819200186,-0.0048));
#14556=CARTESIAN_POINT('',(0.0850000295200228,0.04,-0.0048));
#14557=CARTESIAN_POINT('',(0.0850000295200228,0.04,-0.0048));
#14558=CARTESIAN_POINT('',(0.0850000295200228,0.04,-0.0048));
#14559=CARTESIAN_POINT('',(0.0850000295200228,0.04,0.));
#14560=CARTESIAN_POINT('',(0.0649999704800334,0.04,0.));
#14561=CARTESIAN_POINT('',(0.0850000295200228,0.04,-0.0048));
#14562=CARTESIAN_POINT('',(0.0649999704800334,0.04,-0.0048));
#14563=CARTESIAN_POINT('',(0.0649999704800334,0.04,-0.0048));
#14564=CARTESIAN_POINT('',(0.0649999704800334,0.04,-0.0048));
#14565=CARTESIAN_POINT('',(0.0649999704800334,0.04,0.));
#14566=CARTESIAN_POINT('',(0.064999970480032,0.0599998819200186,0.));
#14567=CARTESIAN_POINT('',(0.0649999704800334,0.04,-0.0048));
#14568=CARTESIAN_POINT('',(0.064999970480032,0.0599998819200186,-0.0048));
#14569=CARTESIAN_POINT('',(0.064999970480032,0.0599998819200186,-0.0048));
#14570=CARTESIAN_POINT('',(0.064999970480032,0.0599998819200186,-0.0048));
#14571=CARTESIAN_POINT('',(0.064999970480032,0.0599998819200186,0.));
#14572=CARTESIAN_POINT('',(0.0500000000000303,0.0599998819200168,0.));
#14573=CARTESIAN_POINT('',(0.064999970480032,0.0599998819200186,-0.0048));
#14574=CARTESIAN_POINT('',(0.0500000000000303,0.0599998819200168,-0.0048));
#14575=CARTESIAN_POINT('',(0.0500000000000303,0.0599998819200168,-0.0048));
#14576=CARTESIAN_POINT('',(0.0500000000000303,0.0599998819200168,-0.0048));
#14577=CARTESIAN_POINT('',(0.0500000000000303,0.0599998819200168,0.));
#14578=CARTESIAN_POINT('',(0.0500000000000184,0.160937505447915,0.));
#14579=CARTESIAN_POINT('',(0.0500000000000303,0.0599998819200168,-0.0048));
#14580=CARTESIAN_POINT('',(0.0500000000000184,0.160937505447915,-0.0048));
#14581=CARTESIAN_POINT('',(0.0500000000000184,0.160937505447915,-0.0048));
#14582=CARTESIAN_POINT('',(0.0500000000000184,0.160937505447915,-0.0048));
#14583=CARTESIAN_POINT('',(0.0500000000000184,0.160937505447915,0.));
#14584=CARTESIAN_POINT('',(0.0465000068880244,0.166999671344039,0.));
#14585=CARTESIAN_POINT('',(0.0500000000000184,0.160937505447915,-0.0048));
#14586=CARTESIAN_POINT('',(0.0465000068880244,0.166999671344039,-0.0048));
#14587=CARTESIAN_POINT('',(0.0465000068880244,0.166999671344039,-0.0048));
#14588=CARTESIAN_POINT('',(0.0465000068880244,0.166999671344039,-0.0048));
#14589=CARTESIAN_POINT('',(0.0465000068880244,0.166999671344039,0.));
#14590=CARTESIAN_POINT('',(0.0400000196800183,0.160499684136037,0.));
#14591=CARTESIAN_POINT('',(0.0465000068880244,0.166999671344039,-0.0048));
#14592=CARTESIAN_POINT('',(0.0400000196800183,0.160499684136037,-0.0048));
#14593=CARTESIAN_POINT('',(0.0400000196800183,0.160499684136037,-0.0048));
#14594=CARTESIAN_POINT('',(0.0400000196800183,0.160499684136037,-0.0048));
#14595=CARTESIAN_POINT('',(0.0400000196800183,0.160499684136037,0.));
#14596=CARTESIAN_POINT('',(0.0400000196800205,0.119999763840046,0.));
#14597=CARTESIAN_POINT('',(0.0400000196800183,0.160499684136037,-0.0048));
#14598=CARTESIAN_POINT('',(0.0400000196800205,0.119999763840046,-0.0048));
#14599=CARTESIAN_POINT('',(0.0400000196800205,0.119999763840046,-0.0048));
#14600=CARTESIAN_POINT('',(0.0370000255840207,0.119999766435024,-0.0048));
#14601=CARTESIAN_POINT('',(0.0370000255840207,0.119999766435024,0.));
#14602=CARTESIAN_POINT('',(0.0340000314880209,0.119999763840046,0.));
#14603=CARTESIAN_POINT('',(0.0370000255840207,0.119999766435024,-0.0048));
#14604=CARTESIAN_POINT('',(0.0340000314880209,0.119999763840046,-0.0048));
#14605=CARTESIAN_POINT('',(0.0340000314880209,0.119999763840046,-0.0048));
#14606=CARTESIAN_POINT('',(0.0340000314880209,0.119999763840046,-0.0048));
#14607=CARTESIAN_POINT('',(0.0340000314880209,0.119999763840046,0.));
#14608=CARTESIAN_POINT('',(0.0340000314880165,0.160499684136037,0.));
#14609=CARTESIAN_POINT('',(0.0340000314880209,0.119999763840046,-0.0048));
#14610=CARTESIAN_POINT('',(0.0340000314880165,0.160499684136037,-0.0048));
#14611=CARTESIAN_POINT('',(0.0340000314880165,0.160499684136037,-0.0048));
#14612=CARTESIAN_POINT('',(0.0340000314880165,0.160499684136037,-0.0048));
#14613=CARTESIAN_POINT('',(0.0340000314880165,0.160499684136037,0.));
#14614=CARTESIAN_POINT('',(0.0275000442800193,0.166999671344039,0.));
#14615=CARTESIAN_POINT('',(0.0340000314880165,0.160499684136037,-0.0048));
#14616=CARTESIAN_POINT('',(0.0275000442800193,0.166999671344039,-0.0048));
#14617=CARTESIAN_POINT('',(0.0275000442800193,0.166999671344039,-0.0048));
#14618=CARTESIAN_POINT('',(0.0275000442800193,0.166999671344039,-0.0048));
#14619=CARTESIAN_POINT('',(0.0275000442800193,0.166999671344039,0.));
#14620=CARTESIAN_POINT('',(0.0240000511680186,0.160937505447915,0.));
#14621=CARTESIAN_POINT('',(0.0275000442800193,0.166999671344039,-0.0048));
#14622=CARTESIAN_POINT('',(0.0240000511680186,0.160937505447915,-0.0048));
#14623=CARTESIAN_POINT('',(0.0240000511680186,0.160937505447915,-0.0048));
#14624=CARTESIAN_POINT('',(0.0240000511680186,0.160937505447915,-0.0048));
#14625=CARTESIAN_POINT('',(0.0240000511680186,0.160937505447915,0.));
#14626=CARTESIAN_POINT('',(0.0240000511680245,0.059999881920018,0.));
#14627=CARTESIAN_POINT('',(0.0240000511680186,0.160937505447915,-0.0048));
#14628=CARTESIAN_POINT('',(0.0240000511680245,0.059999881920018,-0.0048));
#14629=CARTESIAN_POINT('',(0.0240000511680245,0.059999881920018,-0.0048));
#14630=CARTESIAN_POINT('',(0.0240000511680245,0.059999881920018,-0.0048));
#14631=CARTESIAN_POINT('',(0.0240000511680245,0.059999881920018,0.));
#14632=CARTESIAN_POINT('',(0.0350000295200227,0.0599998819200186,0.));
#14633=CARTESIAN_POINT('',(0.0240000511680245,0.059999881920018,-0.0048));
#14634=CARTESIAN_POINT('',(0.0350000295200227,0.0599998819200186,-0.0048));
#14635=CARTESIAN_POINT('',(0.0350000295200227,0.0599998819200186,-0.0048));
#14636=CARTESIAN_POINT('',(0.0350000295200227,0.0599998819200186,-0.0048));
#14637=CARTESIAN_POINT('',(0.0350000295200227,0.0599998819200186,0.));
#14638=CARTESIAN_POINT('',(0.0350000295200227,0.04,0.));
#14639=CARTESIAN_POINT('',(0.0350000295200227,0.0599998819200186,-0.0048));
#14640=CARTESIAN_POINT('',(0.0350000295200227,0.04,-0.0048));
#14641=CARTESIAN_POINT('',(0.0350000295200227,0.04,-0.0048));
#14642=CARTESIAN_POINT('',(0.0350000295200227,0.04,-0.0048));
#14643=CARTESIAN_POINT('',(0.0350000295200227,0.04,0.));
#14644=CARTESIAN_POINT('',(0.0149999704800334,0.04,0.));
#14645=CARTESIAN_POINT('',(0.0350000295200227,0.04,-0.0048));
#14646=CARTESIAN_POINT('',(0.0149999704800334,0.04,-0.0048));
#14647=CARTESIAN_POINT('',(0.0149999704800334,0.04,-0.0048));
#14648=CARTESIAN_POINT('',(0.0149999704800334,0.04,-0.0048));
#14649=CARTESIAN_POINT('',(0.0149999704800334,0.04,0.));
#14650=CARTESIAN_POINT('',(0.014999970480032,0.0599998819200186,0.));
#14651=CARTESIAN_POINT('',(0.0149999704800334,0.04,-0.0048));
#14652=CARTESIAN_POINT('',(0.014999970480032,0.0599998819200186,-0.0048));
#14653=CARTESIAN_POINT('',(0.014999970480032,0.0599998819200186,-0.0048));
#14654=CARTESIAN_POINT('',(0.014999970480032,0.0599998819200186,-0.0048));
#14655=CARTESIAN_POINT('',(0.014999970480032,0.0599998819200186,0.));
#14656=CARTESIAN_POINT('',(3.03405867796337E-14,0.0599998819200168,0.));
#14657=CARTESIAN_POINT('',(0.014999970480032,0.0599998819200186,-0.0048));
#14658=CARTESIAN_POINT('',(3.03405867796337E-14,0.0599998819200168,-0.0048));
#14659=CARTESIAN_POINT('',(3.03405867796337E-14,0.0599998819200168,-0.0048));
#14660=CARTESIAN_POINT('',(3.03403135948344E-14,0.0599998819200168,-0.0048));
#14661=CARTESIAN_POINT('',(3.03403135948344E-14,0.0599998819200168,0.));
#14662=CARTESIAN_POINT('',(1.84299767735418E-14,0.160937505447915,0.));
#14663=CARTESIAN_POINT('',(3.03403135948344E-14,0.0599998819200168,-0.0048));
#14664=CARTESIAN_POINT('',(1.84299767735418E-14,0.160937505447915,-0.0048));
#14665=CARTESIAN_POINT('',(1.84299767735418E-14,0.160937505447915,-0.0048));
#14666=CARTESIAN_POINT('',(1.84299767735418E-14,0.160937505447915,-0.0048));
#14667=CARTESIAN_POINT('',(1.84299767735418E-14,0.160937505447915,0.));
#14668=CARTESIAN_POINT('',(-0.00349999311197557,0.166999671344039,0.));
#14669=CARTESIAN_POINT('',(1.84299767735418E-14,0.160937505447915,-0.0048));
#14670=CARTESIAN_POINT('',(-0.00349999311197557,0.166999671344039,-0.0048));
#14671=CARTESIAN_POINT('',(-0.00349999311197557,0.166999671344039,-0.0048));
#14672=CARTESIAN_POINT('',(-0.00349999311197557,0.166999671344039,-0.0048));
#14673=CARTESIAN_POINT('',(-0.00349999311197557,0.166999671344039,0.));
#14674=CARTESIAN_POINT('',(-0.0099999803199817,0.160499684136037,0.));
#14675=CARTESIAN_POINT('',(-0.00349999311197557,0.166999671344039,-0.0048));
#14676=CARTESIAN_POINT('',(-0.0099999803199817,0.160499684136037,-0.0048));
#14677=CARTESIAN_POINT('',(-0.0099999803199817,0.160499684136037,-0.0048));
#14678=CARTESIAN_POINT('',(-0.0099999803199817,0.160499684136037,-0.0048));
#14679=CARTESIAN_POINT('',(-0.0099999803199817,0.160499684136037,0.));
#14680=CARTESIAN_POINT('',(-0.00999998031997946,0.119999763840046,0.));
#14681=CARTESIAN_POINT('',(-0.0099999803199817,0.160499684136037,-0.0048));
#14682=CARTESIAN_POINT('',(-0.00999998031997946,0.119999763840046,-0.0048));
#14683=CARTESIAN_POINT('',(-0.00999998031997946,0.119999763840046,-0.0048));
#14684=CARTESIAN_POINT('',(-0.0129999744159793,0.119999766435677,-0.0048));
#14685=CARTESIAN_POINT('',(-0.0129999744159793,0.119999766435677,0.));
#14686=CARTESIAN_POINT('',(-0.0159999685119791,0.119999763840046,0.));
#14687=CARTESIAN_POINT('',(-0.0129999744159793,0.119999766435677,-0.0048));
#14688=CARTESIAN_POINT('',(-0.0159999685119791,0.119999763840046,-0.0048));
#14689=CARTESIAN_POINT('',(-0.0159999685119791,0.119999763840046,-0.0048));
#14690=CARTESIAN_POINT('',(-0.0159999685119791,0.119999763840046,-0.0048));
#14691=CARTESIAN_POINT('',(-0.0159999685119791,0.119999763840046,0.));
#14692=CARTESIAN_POINT('',(-0.0159999685119835,0.160499684136037,0.));
#14693=CARTESIAN_POINT('',(-0.0159999685119791,0.119999763840046,-0.0048));
#14694=CARTESIAN_POINT('',(-0.0159999685119835,0.160499684136037,-0.0048));
#14695=CARTESIAN_POINT('',(-0.0159999685119835,0.160499684136037,-0.0048));
#14696=CARTESIAN_POINT('',(-0.0159999685119835,0.160499684136037,-0.0048));
#14697=CARTESIAN_POINT('',(-0.0159999685119835,0.160499684136037,0.));
#14698=CARTESIAN_POINT('',(-0.0159999685119835,0.160499684136037,-0.0048));
#14699=CARTESIAN_POINT('',(0.187000025584021,0.119999766447074,-0.0048));
#14700=CARTESIAN_POINT('',(0.187000025584021,0.119999766447074,0.));
#14701=CARTESIAN_POINT('',(0.0158,0.015,0.1));
#14702=CARTESIAN_POINT('',(-0.0158,0.015,-0.1));
#14703=(
GEOMETRIC_REPRESENTATION_CONTEXT(3)
GLOBAL_UNCERTAINTY_ASSIGNED_CONTEXT((#14707))
GLOBAL_UNIT_ASSIGNED_CONTEXT((#14713,#14712,#14711))
REPRESENTATION_CONTEXT('FFSD-05-S-01.00-01-N','TOP_LEVEL_ASSEMBLY_PART')
);
#14704=(
GEOMETRIC_REPRESENTATION_CONTEXT(3)
GLOBAL_UNCERTAINTY_ASSIGNED_CONTEXT((#14708))
GLOBAL_UNIT_ASSIGNED_CONTEXT((#14713,#14712,#14711))
REPRESENTATION_CONTEXT('FFSD-050LB','COMPONENT_PART')
);
#14705=(
GEOMETRIC_REPRESENTATION_CONTEXT(3)
GLOBAL_UNCERTAINTY_ASSIGNED_CONTEXT((#14709))
GLOBAL_UNIT_ASSIGNED_CONTEXT((#14713,#14712,#14711))
REPRESENTATION_CONTEXT('FFSD-05()ub','COMPONENT_PART')
);
#14706=(
GEOMETRIC_REPRESENTATION_CONTEXT(3)
GLOBAL_UNCERTAINTY_ASSIGNED_CONTEXT((#14710))
GLOBAL_UNIT_ASSIGNED_CONTEXT((#14713,#14712,#14711))
REPRESENTATION_CONTEXT('FFSD-05pin','COMPONENT_PART')
);
#14707=UNCERTAINTY_MEASURE_WITH_UNIT(LENGTH_MEASURE(3.93700787401575E-7),
#14713,'DISTANCE_ACCURACY_VALUE','Maximum Tolerance applied to model');
#14708=UNCERTAINTY_MEASURE_WITH_UNIT(LENGTH_MEASURE(3.93700787401575E-7),
#14713,'DISTANCE_ACCURACY_VALUE','Maximum Tolerance applied to model');
#14709=UNCERTAINTY_MEASURE_WITH_UNIT(LENGTH_MEASURE(3.93700787401575E-7),
#14713,'DISTANCE_ACCURACY_VALUE','Maximum Tolerance applied to model');
#14710=UNCERTAINTY_MEASURE_WITH_UNIT(LENGTH_MEASURE(3.93700787401575E-7),
#14713,'DISTANCE_ACCURACY_VALUE','Maximum Tolerance applied to model');
#14711=(
NAMED_UNIT(*)
SI_UNIT($,.STERADIAN.)
SOLID_ANGLE_UNIT()
);
#14712=(
NAMED_UNIT(*)
PLANE_ANGLE_UNIT()
SI_UNIT($,.RADIAN.)
);
#14713=(
CONVERSION_BASED_UNIT('INCH',#14715)
LENGTH_UNIT()
NAMED_UNIT(#14714)
);
#14714=DIMENSIONAL_EXPONENTS(1.,0.,0.,0.,0.,0.,0.);
#14715=LENGTH_MEASURE_WITH_UNIT(LENGTH_MEASURE(25.4),#14716);
#14716=(
LENGTH_UNIT()
NAMED_UNIT(*)
SI_UNIT(.MILLI.,.METRE.)
);
#14717=PRODUCT_DEFINITION_SHAPE('','',#14725);
#14718=PRODUCT_DEFINITION_SHAPE('','',#14726);
#14719=PRODUCT_DEFINITION_SHAPE(' ','NAUO PRDDFN',#227);
#14720=PRODUCT_DEFINITION_SHAPE('','',#14727);
#14721=PRODUCT_DEFINITION_SHAPE(' ','NAUO PRDDFN',#228);
#14722=PRODUCT_DEFINITION_SHAPE('','',#14728);
#14723=PRODUCT_DEFINITION_SHAPE(' ','NAUO PRDDFN',#229);
#14724=PRODUCT_DEFINITION_SHAPE(' ','NAUO PRDDFN',#230);
#14725=PRODUCT_DEFINITION('','',#14733,#14729);
#14726=PRODUCT_DEFINITION('','',#14734,#14730);
#14727=PRODUCT_DEFINITION('','',#14735,#14731);
#14728=PRODUCT_DEFINITION('','',#14736,#14732);
#14729=DESIGN_CONTEXT('',#14754,'design');
#14730=DESIGN_CONTEXT('',#14754,'design');
#14731=DESIGN_CONTEXT('',#14754,'design');
#14732=DESIGN_CONTEXT('',#14754,'design');
#14733=PRODUCT_DEFINITION_FORMATION_WITH_SPECIFIED_SOURCE('','',#14741,
 .NOT_KNOWN.);
#14734=PRODUCT_DEFINITION_FORMATION_WITH_SPECIFIED_SOURCE('','',#14742,
 .NOT_KNOWN.);
#14735=PRODUCT_DEFINITION_FORMATION_WITH_SPECIFIED_SOURCE('','',#14743,
 .NOT_KNOWN.);
#14736=PRODUCT_DEFINITION_FORMATION_WITH_SPECIFIED_SOURCE('','',#14744,
 .NOT_KNOWN.);
#14737=PRODUCT_RELATED_PRODUCT_CATEGORY('','',(#14741));
#14738=PRODUCT_RELATED_PRODUCT_CATEGORY('','',(#14742));
#14739=PRODUCT_RELATED_PRODUCT_CATEGORY('','',(#14743));
#14740=PRODUCT_RELATED_PRODUCT_CATEGORY('','',(#14744));
#14741=PRODUCT('FFSD-05-S-01.00-01-N','FFSD-05-S-01.00-01-N',
'FFSD-05-S-01.00-01-N',(#14749));
#14742=PRODUCT('FFSD-050LB','FFSD-050LB','FFSD-050LB',(#14750));
#14743=PRODUCT('FFSD-05()ub','FFSD-05()ub','FFSD-05()ub',(#14751));
#14744=PRODUCT('FFSD-05pin','FFSD-05pin','FFSD-05pin',(#14752));
#14745=PRODUCT_CATEGORY('','');
#14746=PRODUCT_CATEGORY('','');
#14747=PRODUCT_CATEGORY('','');
#14748=PRODUCT_CATEGORY('','');
#14749=MECHANICAL_CONTEXT('',#14754,'mechanical');
#14750=MECHANICAL_CONTEXT('',#14754,'mechanical');
#14751=MECHANICAL_CONTEXT('',#14754,'mechanical');
#14752=MECHANICAL_CONTEXT('',#14754,'mechanical');
#14753=APPLICATION_PROTOCOL_DEFINITION('international standard',
'config_control_design',2010,#14754);
#14754=APPLICATION_CONTEXT(
'configuration controlled 3D designs of mechanical parts and assemblie
s');
ENDSEC;
END-ISO-10303-21;
