ISO-10303-21;
HEADER;
FILE_DESCRIPTION(('STEP AP203'),'1');
FILE_NAME('htss-103-01-t-dv.stp','2026-04-19T00:11:06',('TraceParts'),('TraceParts S.A.S.'),'Spatial InterOp 3D',' ',' ');
FILE_SCHEMA(('CONFIG_CONTROL_DESIGN'));
ENDSEC;
DATA;
#1=DESIGN_CONTEXT('',#27,'design');
#2=APPLICATION_PROTOCOL_DEFINITION('INTERNATIONAL STANDARD','config_control_design',1994,#27);
#3=PRODUCT_CATEGORY_RELATIONSHIP('NONE','NONE',#28,#29);
#4=DATE_AND_TIME(#30,#31);
#5=DATE_TIME_ROLE('creation_date');
#6=DATE_TIME_ROLE('classification_date');
#7=PERSON_AND_ORGANIZATION_ROLE('creator');
#8=PERSON_AND_ORGANIZATION_ROLE('design_supplier');
#9=PERSON_AND_ORGANIZATION_ROLE('classification_officer');
#10=PERSON_AND_ORGANIZATION_ROLE('design_owner');
#11=APPROVAL_PERSON_ORGANIZATION(#32,#33,#34);
#12=APPROVAL_DATE_TIME(#4,#33);
#13=CC_DESIGN_APPROVAL(#33,(#35,#36,#37));
#14=CC_DESIGN_DATE_AND_TIME_ASSIGNMENT(#4,#5,(#37));
#15=CC_DESIGN_DATE_AND_TIME_ASSIGNMENT(#4,#6,(#35));
#16=CC_DESIGN_PERSON_AND_ORGANIZATION_ASSIGNMENT(#32,#10,(#38));
#17=CC_DESIGN_PERSON_AND_ORGANIZATION_ASSIGNMENT(#32,#7,(#37));
#18=CC_DESIGN_PERSON_AND_ORGANIZATION_ASSIGNMENT(#32,#7,(#36));
#19=CC_DESIGN_PERSON_AND_ORGANIZATION_ASSIGNMENT(#32,#8,(#36));
#20=CC_DESIGN_SECURITY_CLASSIFICATION(#35,(#36));
#21=CC_DESIGN_PERSON_AND_ORGANIZATION_ASSIGNMENT(#32,#9,(#35));
#22=SHAPE_DEFINITION_REPRESENTATION(#39,#40);
#23= (GEOMETRIC_REPRESENTATION_CONTEXT(3)GLOBAL_UNCERTAINTY_ASSIGNED_CONTEXT((#43))GLOBAL_UNIT_ASSIGNED_CONTEXT((#45,#46,#47))REPRESENTATION_CONTEXT('NONE','WORKSPACE'));
#27=APPLICATION_CONTEXT('CONFIGURATION CONTROLLED 3D DESIGNS OF MECHANICAL PARTS AND ASSEMBLIES');
#28=PRODUCT_CATEGORY('part','NONE');
#29=PRODUCT_RELATED_PRODUCT_CATEGORY('detail',' ',(#38));
#30=CALENDAR_DATE(2026,19,3);
#31=LOCAL_TIME(2,11,6.0,#49);
#32=PERSON_AND_ORGANIZATION(#50,#51);
#33=APPROVAL(#52,'SOLID MODEL');
#34=APPROVAL_ROLE('APPROVED');
#35=SECURITY_CLASSIFICATION('','',#53);
#36=PRODUCT_DEFINITION_FORMATION_WITH_SPECIFIED_SOURCE(' ','NONE',#38,.NOT_KNOWN.);
#37=PRODUCT_DEFINITION('','NONE',#36,#1);
#38=PRODUCT('1','','PART--DESC',(#54));
#39=PRODUCT_DEFINITION_SHAPE('NONE','NONE',#37);
#40=ADVANCED_BREP_SHAPE_REPRESENTATION('1',(#55,#56),#23);
#43=UNCERTAINTY_MEASURE_WITH_UNIT(LENGTH_MEASURE(1.0E-06),#45,'','');
#45= (CONVERSION_BASED_UNIT('MILLIMETRE',#59)LENGTH_UNIT()NAMED_UNIT(#62));
#46= (NAMED_UNIT(#64)PLANE_ANGLE_UNIT()SI_UNIT($,.RADIAN.));
#47= (NAMED_UNIT(#64)SOLID_ANGLE_UNIT()SI_UNIT($,.STERADIAN.));
#49=COORDINATED_UNIVERSAL_TIME_OFFSET(1,0,.AHEAD.);
#50=PERSON('','UNSPECIFIED',$,$,$,$);
#51=ORGANIZATION('UNSPECIFIED','UNSPECIFIED','UNSPECIFIED');
#52=APPROVAL_STATUS('approved');
#53=SECURITY_CLASSIFICATION_LEVEL('unclassified');
#54=MECHANICAL_CONTEXT('',#27,'mechanical');
#55=MANIFOLD_SOLID_BREP('1',#70);
#56=AXIS2_PLACEMENT_3D('',#71,#72,#73);
#59=LENGTH_MEASURE_WITH_UNIT(LENGTH_MEASURE(1.0),#74);
#62=DIMENSIONAL_EXPONENTS(1.0,0.0,0.0,0.0,0.0,0.0,0.0);
#64=DIMENSIONAL_EXPONENTS(0.0,0.0,0.0,0.0,0.0,0.0,0.0);
#70=CLOSED_SHELL('',(#75,#76,#77,#78,#79,#80,#81,#82,#83,#84,#85,#86,#87,#88,#89,#90,#91,#92,#93,#94,#95,#96,#97,#98,#99,#100,#101,#102,#103,#104,#105,#106,#107,#108,#109,#110,#111,#112,#113,#114,#115,#116,#117,#118,#119,#120,#121,#122,#123,#124,#125,#126,#127,#128,#129,#130,#131,#132,#133,#134,#135,#136,#137,#138,#139,#140,#141,#142,#143,#144,#145,#146,#147,#148,#149,#150,#151,#152,#153,#154,#155,#156,#157,#158,#159,#160,#161,#162,#163,#164,#165,#166,#167,#168,#169,#170,#171,#172,#173,#174,#175,#176,#177,#178,#179,#180,#181,#182,#183,#184,#185,#186,#187,#188,#189,#190,#191,#192,#193,#194,#195,#196,#197,#198,#199,#200,#201,#202,#203,#204,#205,#206,#207,#208,#209,#210,#211,#212,#213,#214,#215,#216,#217,#218,#219,#220,#221,#222,#223,#224,#225,#226,#227,#228,#229,#230));
#71=CARTESIAN_POINT('',(0.0,0.0,0.0));
#72=DIRECTION('',(0.0,0.0,1.0));
#73=DIRECTION('',(1.0,0.0,0.0));
#74= (NAMED_UNIT(#62)LENGTH_UNIT()SI_UNIT(.MILLI.,.METRE.));
#75=ADVANCED_FACE('',(#232),#233,.T.);
#76=ADVANCED_FACE('',(#234),#235,.T.);
#77=ADVANCED_FACE('',(#236),#237,.T.);
#78=ADVANCED_FACE('',(#238),#239,.T.);
#79=ADVANCED_FACE('',(#240),#241,.T.);
#80=ADVANCED_FACE('',(#242),#243,.F.);
#81=ADVANCED_FACE('',(#244),#245,.T.);
#82=ADVANCED_FACE('',(#246),#247,.T.);
#83=ADVANCED_FACE('',(#248),#249,.T.);
#84=ADVANCED_FACE('',(#250),#251,.T.);
#85=ADVANCED_FACE('',(#252),#253,.T.);
#86=ADVANCED_FACE('',(#254),#255,.F.);
#87=ADVANCED_FACE('',(#256),#257,.T.);
#88=ADVANCED_FACE('',(#258),#259,.F.);
#89=ADVANCED_FACE('',(#260),#261,.T.);
#90=ADVANCED_FACE('',(#262),#263,.T.);
#91=ADVANCED_FACE('',(#264),#265,.T.);
#92=ADVANCED_FACE('',(#266),#267,.T.);
#93=ADVANCED_FACE('',(#268),#269,.T.);
#94=ADVANCED_FACE('',(#270),#271,.T.);
#95=ADVANCED_FACE('',(#272),#273,.T.);
#96=ADVANCED_FACE('',(#274),#275,.T.);
#97=ADVANCED_FACE('',(#276),#277,.T.);
#98=ADVANCED_FACE('',(#278),#279,.F.);
#99=ADVANCED_FACE('',(#280),#281,.T.);
#100=ADVANCED_FACE('',(#282),#283,.T.);
#101=ADVANCED_FACE('',(#284),#285,.T.);
#102=ADVANCED_FACE('',(#286),#287,.T.);
#103=ADVANCED_FACE('',(#288),#289,.T.);
#104=ADVANCED_FACE('',(#290),#291,.F.);
#105=ADVANCED_FACE('',(#292),#293,.T.);
#106=ADVANCED_FACE('',(#294),#295,.F.);
#107=ADVANCED_FACE('',(#296),#297,.T.);
#108=ADVANCED_FACE('',(#298),#299,.T.);
#109=ADVANCED_FACE('',(#300),#301,.T.);
#110=ADVANCED_FACE('',(#302),#303,.T.);
#111=ADVANCED_FACE('',(#304),#305,.T.);
#112=ADVANCED_FACE('',(#306),#307,.T.);
#113=ADVANCED_FACE('',(#308),#309,.T.);
#114=ADVANCED_FACE('',(#310),#311,.T.);
#115=ADVANCED_FACE('',(#312),#313,.T.);
#116=ADVANCED_FACE('',(#314),#315,.F.);
#117=ADVANCED_FACE('',(#316),#317,.T.);
#118=ADVANCED_FACE('',(#318),#319,.T.);
#119=ADVANCED_FACE('',(#320),#321,.T.);
#120=ADVANCED_FACE('',(#322),#323,.T.);
#121=ADVANCED_FACE('',(#324),#325,.T.);
#122=ADVANCED_FACE('',(#326),#327,.F.);
#123=ADVANCED_FACE('',(#328),#329,.T.);
#124=ADVANCED_FACE('',(#330),#331,.F.);
#125=ADVANCED_FACE('',(#332),#333,.T.);
#126=ADVANCED_FACE('',(#334),#335,.T.);
#127=ADVANCED_FACE('',(#336),#337,.T.);
#128=ADVANCED_FACE('',(#338),#339,.T.);
#129=ADVANCED_FACE('',(#340),#341,.T.);
#130=ADVANCED_FACE('',(#342),#343,.T.);
#131=ADVANCED_FACE('',(#344),#345,.T.);
#132=ADVANCED_FACE('',(#346),#347,.T.);
#133=ADVANCED_FACE('',(#348),#349,.T.);
#134=ADVANCED_FACE('',(#350),#351,.F.);
#135=ADVANCED_FACE('',(#352),#353,.T.);
#136=ADVANCED_FACE('',(#354),#355,.T.);
#137=ADVANCED_FACE('',(#356),#357,.T.);
#138=ADVANCED_FACE('',(#358),#359,.T.);
#139=ADVANCED_FACE('',(#360),#361,.T.);
#140=ADVANCED_FACE('',(#362),#363,.F.);
#141=ADVANCED_FACE('',(#364),#365,.T.);
#142=ADVANCED_FACE('',(#366),#367,.F.);
#143=ADVANCED_FACE('',(#368),#369,.T.);
#144=ADVANCED_FACE('',(#370),#371,.T.);
#145=ADVANCED_FACE('',(#372),#373,.T.);
#146=ADVANCED_FACE('',(#374),#375,.T.);
#147=ADVANCED_FACE('',(#376),#377,.T.);
#148=ADVANCED_FACE('',(#378),#379,.T.);
#149=ADVANCED_FACE('',(#380),#381,.T.);
#150=ADVANCED_FACE('',(#382),#383,.T.);
#151=ADVANCED_FACE('',(#384),#385,.T.);
#152=ADVANCED_FACE('',(#386),#387,.F.);
#153=ADVANCED_FACE('',(#388),#389,.T.);
#154=ADVANCED_FACE('',(#390),#391,.T.);
#155=ADVANCED_FACE('',(#392),#393,.T.);
#156=ADVANCED_FACE('',(#394),#395,.T.);
#157=ADVANCED_FACE('',(#396),#397,.T.);
#158=ADVANCED_FACE('',(#398),#399,.F.);
#159=ADVANCED_FACE('',(#400),#401,.T.);
#160=ADVANCED_FACE('',(#402),#403,.F.);
#161=ADVANCED_FACE('',(#404),#405,.T.);
#162=ADVANCED_FACE('',(#406),#407,.T.);
#163=ADVANCED_FACE('',(#408),#409,.T.);
#164=ADVANCED_FACE('',(#410),#411,.T.);
#165=ADVANCED_FACE('',(#412),#413,.T.);
#166=ADVANCED_FACE('',(#414),#415,.T.);
#167=ADVANCED_FACE('',(#416),#417,.T.);
#168=ADVANCED_FACE('',(#418),#419,.T.);
#169=ADVANCED_FACE('',(#420),#421,.T.);
#170=ADVANCED_FACE('',(#422),#423,.F.);
#171=ADVANCED_FACE('',(#424),#425,.T.);
#172=ADVANCED_FACE('',(#426),#427,.T.);
#173=ADVANCED_FACE('',(#428),#429,.T.);
#174=ADVANCED_FACE('',(#430),#431,.T.);
#175=ADVANCED_FACE('',(#432),#433,.T.);
#176=ADVANCED_FACE('',(#434),#435,.F.);
#177=ADVANCED_FACE('',(#436),#437,.T.);
#178=ADVANCED_FACE('',(#438),#439,.F.);
#179=ADVANCED_FACE('',(#440),#441,.T.);
#180=ADVANCED_FACE('',(#442),#443,.T.);
#181=ADVANCED_FACE('',(#444),#445,.T.);
#182=ADVANCED_FACE('',(#446),#447,.T.);
#183=ADVANCED_FACE('',(#448),#449,.T.);
#184=ADVANCED_FACE('',(#450),#451,.T.);
#185=ADVANCED_FACE('',(#452),#453,.T.);
#186=ADVANCED_FACE('',(#454),#455,.T.);
#187=ADVANCED_FACE('',(#456),#457,.F.);
#188=ADVANCED_FACE('',(#458),#459,.T.);
#189=ADVANCED_FACE('',(#460),#461,.T.);
#190=ADVANCED_FACE('',(#462),#463,.T.);
#191=ADVANCED_FACE('',(#464,#465,#466,#467,#468,#469,#470,#471,#472,#473,#474),#475,.F.);
#192=ADVANCED_FACE('',(#476),#477,.F.);
#193=ADVANCED_FACE('',(#478),#479,.T.);
#194=ADVANCED_FACE('',(#480),#481,.T.);
#195=ADVANCED_FACE('',(#482),#483,.F.);
#196=ADVANCED_FACE('',(#484),#485,.T.);
#197=ADVANCED_FACE('',(#486),#487,.F.);
#198=ADVANCED_FACE('',(#488),#489,.T.);
#199=ADVANCED_FACE('',(#490),#491,.T.);
#200=ADVANCED_FACE('',(#492),#493,.T.);
#201=ADVANCED_FACE('',(#494),#495,.T.);
#202=ADVANCED_FACE('',(#496,#497,#498,#499,#500,#501,#502),#503,.F.);
#203=ADVANCED_FACE('',(#504),#505,.F.);
#204=ADVANCED_FACE('',(#506),#507,.F.);
#205=ADVANCED_FACE('',(#508),#509,.F.);
#206=ADVANCED_FACE('',(#510),#511,.F.);
#207=ADVANCED_FACE('',(#512),#513,.T.);
#208=ADVANCED_FACE('',(#514),#515,.F.);
#209=ADVANCED_FACE('',(#516),#517,.F.);
#210=ADVANCED_FACE('',(#518),#519,.T.);
#211=ADVANCED_FACE('',(#520),#521,.T.);
#212=ADVANCED_FACE('',(#522),#523,.T.);
#213=ADVANCED_FACE('',(#524),#525,.T.);
#214=ADVANCED_FACE('',(#526),#527,.T.);
#215=ADVANCED_FACE('',(#528),#529,.T.);
#216=ADVANCED_FACE('',(#530),#531,.T.);
#217=ADVANCED_FACE('',(#532),#533,.F.);
#218=ADVANCED_FACE('',(#534),#535,.F.);
#219=ADVANCED_FACE('',(#536),#537,.F.);
#220=ADVANCED_FACE('',(#538),#539,.F.);
#221=ADVANCED_FACE('',(#540),#541,.T.);
#222=ADVANCED_FACE('',(#542),#543,.T.);
#223=ADVANCED_FACE('',(#544),#545,.T.);
#224=ADVANCED_FACE('',(#546),#547,.T.);
#225=ADVANCED_FACE('',(#548),#549,.T.);
#226=ADVANCED_FACE('',(#550),#551,.T.);
#227=ADVANCED_FACE('',(#552),#553,.T.);
#228=ADVANCED_FACE('',(#554),#555,.T.);
#229=ADVANCED_FACE('',(#556,#557),#558,.T.);
#230=ADVANCED_FACE('',(#559),#560,.T.);
#232=FACE_OUTER_BOUND('',#561,.T.);
#233=PLANE('',#562);
#234=FACE_OUTER_BOUND('',#563,.T.);
#235=PLANE('',#564);
#236=FACE_OUTER_BOUND('',#565,.T.);
#237=PLANE('',#566);
#238=FACE_OUTER_BOUND('',#567,.T.);
#239=PLANE('',#568);
#240=FACE_OUTER_BOUND('',#569,.T.);
#241=PLANE('',#570);
#242=FACE_OUTER_BOUND('',#571,.T.);
#243=PLANE('',#572);
#244=FACE_OUTER_BOUND('',#573,.T.);
#245=PLANE('',#574);
#246=FACE_OUTER_BOUND('',#575,.T.);
#247=PLANE('',#576);
#248=FACE_OUTER_BOUND('',#577,.T.);
#249=PLANE('',#578);
#250=FACE_OUTER_BOUND('',#579,.T.);
#251=PLANE('',#580);
#252=FACE_OUTER_BOUND('',#581,.T.);
#253=CYLINDRICAL_SURFACE('',#582,0.9525);
#254=FACE_OUTER_BOUND('',#583,.T.);
#255=CYLINDRICAL_SURFACE('',#584,0.3175);
#256=FACE_OUTER_BOUND('',#585,.T.);
#257=PLANE('',#586);
#258=FACE_OUTER_BOUND('',#587,.T.);
#259=PLANE('',#588);
#260=FACE_OUTER_BOUND('',#589,.T.);
#261=PLANE('',#590);
#262=FACE_OUTER_BOUND('',#591,.T.);
#263=PLANE('',#592);
#264=FACE_OUTER_BOUND('',#593,.T.);
#265=PLANE('',#594);
#266=FACE_OUTER_BOUND('',#595,.T.);
#267=PLANE('',#596);
#268=FACE_OUTER_BOUND('',#597,.T.);
#269=PLANE('',#598);
#270=FACE_OUTER_BOUND('',#599,.T.);
#271=PLANE('',#600);
#272=FACE_OUTER_BOUND('',#601,.T.);
#273=PLANE('',#602);
#274=FACE_OUTER_BOUND('',#603,.T.);
#275=PLANE('',#604);
#276=FACE_OUTER_BOUND('',#605,.T.);
#277=PLANE('',#606);
#278=FACE_OUTER_BOUND('',#607,.T.);
#279=PLANE('',#608);
#280=FACE_OUTER_BOUND('',#609,.T.);
#281=PLANE('',#610);
#282=FACE_OUTER_BOUND('',#611,.T.);
#283=PLANE('',#612);
#284=FACE_OUTER_BOUND('',#613,.T.);
#285=PLANE('',#614);
#286=FACE_OUTER_BOUND('',#615,.T.);
#287=PLANE('',#616);
#288=FACE_OUTER_BOUND('',#617,.T.);
#289=CYLINDRICAL_SURFACE('',#618,0.9525);
#290=FACE_OUTER_BOUND('',#619,.T.);
#291=CYLINDRICAL_SURFACE('',#620,0.3175);
#292=FACE_OUTER_BOUND('',#621,.T.);
#293=PLANE('',#622);
#294=FACE_OUTER_BOUND('',#623,.T.);
#295=PLANE('',#624);
#296=FACE_OUTER_BOUND('',#625,.T.);
#297=PLANE('',#626);
#298=FACE_OUTER_BOUND('',#627,.T.);
#299=PLANE('',#628);
#300=FACE_OUTER_BOUND('',#629,.T.);
#301=PLANE('',#630);
#302=FACE_OUTER_BOUND('',#631,.T.);
#303=PLANE('',#632);
#304=FACE_OUTER_BOUND('',#633,.T.);
#305=PLANE('',#634);
#306=FACE_OUTER_BOUND('',#635,.T.);
#307=PLANE('',#636);
#308=FACE_OUTER_BOUND('',#637,.T.);
#309=PLANE('',#638);
#310=FACE_OUTER_BOUND('',#639,.T.);
#311=PLANE('',#640);
#312=FACE_OUTER_BOUND('',#641,.T.);
#313=PLANE('',#642);
#314=FACE_OUTER_BOUND('',#643,.T.);
#315=PLANE('',#644);
#316=FACE_OUTER_BOUND('',#645,.T.);
#317=PLANE('',#646);
#318=FACE_OUTER_BOUND('',#647,.T.);
#319=PLANE('',#648);
#320=FACE_OUTER_BOUND('',#649,.T.);
#321=PLANE('',#650);
#322=FACE_OUTER_BOUND('',#651,.T.);
#323=PLANE('',#652);
#324=FACE_OUTER_BOUND('',#653,.T.);
#325=CYLINDRICAL_SURFACE('',#654,0.9525);
#326=FACE_OUTER_BOUND('',#655,.T.);
#327=CYLINDRICAL_SURFACE('',#656,0.3175);
#328=FACE_OUTER_BOUND('',#657,.T.);
#329=PLANE('',#658);
#330=FACE_OUTER_BOUND('',#659,.T.);
#331=PLANE('',#660);
#332=FACE_OUTER_BOUND('',#661,.T.);
#333=PLANE('',#662);
#334=FACE_OUTER_BOUND('',#663,.T.);
#335=PLANE('',#664);
#336=FACE_OUTER_BOUND('',#665,.T.);
#337=PLANE('',#666);
#338=FACE_OUTER_BOUND('',#667,.T.);
#339=PLANE('',#668);
#340=FACE_OUTER_BOUND('',#669,.T.);
#341=PLANE('',#670);
#342=FACE_OUTER_BOUND('',#671,.T.);
#343=PLANE('',#672);
#344=FACE_OUTER_BOUND('',#673,.T.);
#345=PLANE('',#674);
#346=FACE_OUTER_BOUND('',#675,.T.);
#347=PLANE('',#676);
#348=FACE_OUTER_BOUND('',#677,.T.);
#349=PLANE('',#678);
#350=FACE_OUTER_BOUND('',#679,.T.);
#351=PLANE('',#680);
#352=FACE_OUTER_BOUND('',#681,.T.);
#353=PLANE('',#682);
#354=FACE_OUTER_BOUND('',#683,.T.);
#355=PLANE('',#684);
#356=FACE_OUTER_BOUND('',#685,.T.);
#357=PLANE('',#686);
#358=FACE_OUTER_BOUND('',#687,.T.);
#359=PLANE('',#688);
#360=FACE_OUTER_BOUND('',#689,.T.);
#361=CYLINDRICAL_SURFACE('',#690,0.9525);
#362=FACE_OUTER_BOUND('',#691,.T.);
#363=CYLINDRICAL_SURFACE('',#692,0.3175);
#364=FACE_OUTER_BOUND('',#693,.T.);
#365=PLANE('',#694);
#366=FACE_OUTER_BOUND('',#695,.T.);
#367=PLANE('',#696);
#368=FACE_OUTER_BOUND('',#697,.T.);
#369=PLANE('',#698);
#370=FACE_OUTER_BOUND('',#699,.T.);
#371=PLANE('',#700);
#372=FACE_OUTER_BOUND('',#701,.T.);
#373=PLANE('',#702);
#374=FACE_OUTER_BOUND('',#703,.T.);
#375=PLANE('',#704);
#376=FACE_OUTER_BOUND('',#705,.T.);
#377=PLANE('',#706);
#378=FACE_OUTER_BOUND('',#707,.T.);
#379=PLANE('',#708);
#380=FACE_OUTER_BOUND('',#709,.T.);
#381=PLANE('',#710);
#382=FACE_OUTER_BOUND('',#711,.T.);
#383=PLANE('',#712);
#384=FACE_OUTER_BOUND('',#713,.T.);
#385=PLANE('',#714);
#386=FACE_OUTER_BOUND('',#715,.T.);
#387=PLANE('',#716);
#388=FACE_OUTER_BOUND('',#717,.T.);
#389=PLANE('',#718);
#390=FACE_OUTER_BOUND('',#719,.T.);
#391=PLANE('',#720);
#392=FACE_OUTER_BOUND('',#721,.T.);
#393=PLANE('',#722);
#394=FACE_OUTER_BOUND('',#723,.T.);
#395=PLANE('',#724);
#396=FACE_OUTER_BOUND('',#725,.T.);
#397=CYLINDRICAL_SURFACE('',#726,0.9525);
#398=FACE_OUTER_BOUND('',#727,.T.);
#399=CYLINDRICAL_SURFACE('',#728,0.3175);
#400=FACE_OUTER_BOUND('',#729,.T.);
#401=PLANE('',#730);
#402=FACE_OUTER_BOUND('',#731,.T.);
#403=PLANE('',#732);
#404=FACE_OUTER_BOUND('',#733,.T.);
#405=PLANE('',#734);
#406=FACE_OUTER_BOUND('',#735,.T.);
#407=PLANE('',#736);
#408=FACE_OUTER_BOUND('',#737,.T.);
#409=PLANE('',#738);
#410=FACE_OUTER_BOUND('',#739,.T.);
#411=PLANE('',#740);
#412=FACE_OUTER_BOUND('',#741,.T.);
#413=PLANE('',#742);
#414=FACE_OUTER_BOUND('',#743,.T.);
#415=PLANE('',#744);
#416=FACE_OUTER_BOUND('',#745,.T.);
#417=PLANE('',#746);
#418=FACE_OUTER_BOUND('',#747,.T.);
#419=PLANE('',#748);
#420=FACE_OUTER_BOUND('',#749,.T.);
#421=PLANE('',#750);
#422=FACE_OUTER_BOUND('',#751,.T.);
#423=PLANE('',#752);
#424=FACE_OUTER_BOUND('',#753,.T.);
#425=PLANE('',#754);
#426=FACE_OUTER_BOUND('',#755,.T.);
#427=PLANE('',#756);
#428=FACE_OUTER_BOUND('',#757,.T.);
#429=PLANE('',#758);
#430=FACE_OUTER_BOUND('',#759,.T.);
#431=PLANE('',#760);
#432=FACE_OUTER_BOUND('',#761,.T.);
#433=CYLINDRICAL_SURFACE('',#762,0.9525);
#434=FACE_OUTER_BOUND('',#763,.T.);
#435=CYLINDRICAL_SURFACE('',#764,0.3175);
#436=FACE_OUTER_BOUND('',#765,.T.);
#437=PLANE('',#766);
#438=FACE_OUTER_BOUND('',#767,.T.);
#439=PLANE('',#768);
#440=FACE_OUTER_BOUND('',#769,.T.);
#441=PLANE('',#770);
#442=FACE_OUTER_BOUND('',#771,.T.);
#443=PLANE('',#772);
#444=FACE_OUTER_BOUND('',#773,.T.);
#445=PLANE('',#774);
#446=FACE_OUTER_BOUND('',#775,.T.);
#447=PLANE('',#776);
#448=FACE_OUTER_BOUND('',#777,.T.);
#449=PLANE('',#778);
#450=FACE_OUTER_BOUND('',#779,.T.);
#451=PLANE('',#780);
#452=FACE_OUTER_BOUND('',#781,.T.);
#453=PLANE('',#782);
#454=FACE_OUTER_BOUND('',#783,.T.);
#455=PLANE('',#784);
#456=FACE_OUTER_BOUND('',#785,.T.);
#457=PLANE('',#786);
#458=FACE_OUTER_BOUND('',#787,.T.);
#459=PLANE('',#788);
#460=FACE_OUTER_BOUND('',#789,.T.);
#461=PLANE('',#790);
#462=FACE_OUTER_BOUND('',#791,.T.);
#463=PLANE('',#792);
#464=FACE_BOUND('',#793,.T.);
#465=FACE_BOUND('',#794,.T.);
#466=FACE_BOUND('',#795,.T.);
#467=FACE_BOUND('',#796,.T.);
#468=FACE_BOUND('',#797,.T.);
#469=FACE_BOUND('',#798,.T.);
#470=FACE_OUTER_BOUND('',#799,.T.);
#471=FACE_BOUND('',#800,.T.);
#472=FACE_BOUND('',#801,.T.);
#473=FACE_BOUND('',#802,.T.);
#474=FACE_BOUND('',#803,.T.);
#475=PLANE('',#804);
#476=FACE_OUTER_BOUND('',#805,.T.);
#477=PLANE('',#806);
#478=FACE_OUTER_BOUND('',#807,.T.);
#479=PLANE('',#808);
#480=FACE_OUTER_BOUND('',#809,.T.);
#481=PLANE('',#810);
#482=FACE_OUTER_BOUND('',#811,.T.);
#483=PLANE('',#812);
#484=FACE_OUTER_BOUND('',#813,.T.);
#485=PLANE('',#814);
#486=FACE_OUTER_BOUND('',#815,.T.);
#487=PLANE('',#816);
#488=FACE_OUTER_BOUND('',#817,.T.);
#489=PLANE('',#818);
#490=FACE_OUTER_BOUND('',#819,.T.);
#491=PLANE('',#820);
#492=FACE_OUTER_BOUND('',#821,.T.);
#493=PLANE('',#822);
#494=FACE_OUTER_BOUND('',#823,.T.);
#495=PLANE('',#824);
#496=FACE_BOUND('',#825,.T.);
#497=FACE_BOUND('',#826,.T.);
#498=FACE_BOUND('',#827,.T.);
#499=FACE_BOUND('',#828,.T.);
#500=FACE_BOUND('',#829,.T.);
#501=FACE_BOUND('',#830,.T.);
#502=FACE_OUTER_BOUND('',#831,.T.);
#503=PLANE('',#832);
#504=FACE_OUTER_BOUND('',#833,.T.);
#505=PLANE('',#834);
#506=FACE_OUTER_BOUND('',#835,.T.);
#507=PLANE('',#836);
#508=FACE_OUTER_BOUND('',#837,.T.);
#509=PLANE('',#838);
#510=FACE_OUTER_BOUND('',#839,.T.);
#511=PLANE('',#840);
#512=FACE_OUTER_BOUND('',#841,.T.);
#513=PLANE('',#842);
#514=FACE_OUTER_BOUND('',#843,.T.);
#515=PLANE('',#844);
#516=FACE_OUTER_BOUND('',#845,.T.);
#517=PLANE('',#846);
#518=FACE_OUTER_BOUND('',#847,.T.);
#519=PLANE('',#848);
#520=FACE_OUTER_BOUND('',#849,.T.);
#521=PLANE('',#850);
#522=FACE_OUTER_BOUND('',#851,.T.);
#523=PLANE('',#852);
#524=FACE_OUTER_BOUND('',#853,.T.);
#525=SPHERICAL_SURFACE('',#854,0.381);
#526=FACE_OUTER_BOUND('',#855,.T.);
#527=SPHERICAL_SURFACE('',#856,0.381);
#528=FACE_OUTER_BOUND('',#857,.T.);
#529=SPHERICAL_SURFACE('',#858,0.381);
#530=FACE_OUTER_BOUND('',#859,.T.);
#531=SPHERICAL_SURFACE('',#860,0.381);
#532=FACE_OUTER_BOUND('',#861,.T.);
#533=PLANE('',#862);
#534=FACE_OUTER_BOUND('',#863,.T.);
#535=PLANE('',#864);
#536=FACE_OUTER_BOUND('',#865,.T.);
#537=PLANE('',#866);
#538=FACE_OUTER_BOUND('',#867,.T.);
#539=PLANE('',#868);
#540=FACE_OUTER_BOUND('',#869,.T.);
#541=PLANE('',#870);
#542=FACE_OUTER_BOUND('',#871,.T.);
#543=PLANE('',#872);
#544=FACE_OUTER_BOUND('',#873,.T.);
#545=PLANE('',#874);
#546=FACE_OUTER_BOUND('',#875,.T.);
#547=PLANE('',#876);
#548=FACE_OUTER_BOUND('',#877,.T.);
#549=PLANE('',#878);
#550=FACE_OUTER_BOUND('',#879,.T.);
#551=PLANE('',#880);
#552=FACE_OUTER_BOUND('',#881,.T.);
#553=PLANE('',#882);
#554=FACE_OUTER_BOUND('',#883,.T.);
#555=PLANE('',#884);
#556=FACE_BOUND('',#885,.T.);
#557=FACE_OUTER_BOUND('',#886,.T.);
#558=PLANE('',#887);
#559=FACE_OUTER_BOUND('',#888,.T.);
#560=PLANE('',#889);
#561=EDGE_LOOP('',(#890,#891,#892,#893));
#562=AXIS2_PLACEMENT_3D('',#894,#895,#896);
#563=EDGE_LOOP('',(#897,#898,#899,#900,#901,#902,#903,#904,#905,#906));
#564=AXIS2_PLACEMENT_3D('',#907,#908,#909);
#565=EDGE_LOOP('',(#910,#911,#912,#913,#914,#915));
#566=AXIS2_PLACEMENT_3D('',#916,#917,#918);
#567=EDGE_LOOP('',(#919,#920,#921,#922));
#568=AXIS2_PLACEMENT_3D('',#923,#924,#925);
#569=EDGE_LOOP('',(#926,#927,#928,#929));
#570=AXIS2_PLACEMENT_3D('',#930,#931,#932);
#571=EDGE_LOOP('',(#933,#934,#935,#936,#937,#938,#939,#940,#941,#942));
#572=AXIS2_PLACEMENT_3D('',#943,#944,#945);
#573=EDGE_LOOP('',(#946,#947,#948,#949));
#574=AXIS2_PLACEMENT_3D('',#950,#951,#952);
#575=EDGE_LOOP('',(#953,#954,#955,#956));
#576=AXIS2_PLACEMENT_3D('',#957,#958,#959);
#577=EDGE_LOOP('',(#960,#961,#962,#963));
#578=AXIS2_PLACEMENT_3D('',#964,#965,#966);
#579=EDGE_LOOP('',(#967,#968,#969,#970));
#580=AXIS2_PLACEMENT_3D('',#971,#972,#973);
#581=EDGE_LOOP('',(#974,#975,#976,#977));
#582=AXIS2_PLACEMENT_3D('',#978,#979,#980);
#583=EDGE_LOOP('',(#981,#982,#983,#984));
#584=AXIS2_PLACEMENT_3D('',#985,#986,#987);
#585=EDGE_LOOP('',(#988,#989,#990,#991));
#586=AXIS2_PLACEMENT_3D('',#992,#993,#994);
#587=EDGE_LOOP('',(#995,#996,#997,#998,#999,#1000));
#588=AXIS2_PLACEMENT_3D('',#1001,#1002,#1003);
#589=EDGE_LOOP('',(#1004,#1005,#1006,#1007));
#590=AXIS2_PLACEMENT_3D('',#1008,#1009,#1010);
#591=EDGE_LOOP('',(#1011,#1012,#1013,#1014));
#592=AXIS2_PLACEMENT_3D('',#1015,#1016,#1017);
#593=EDGE_LOOP('',(#1018,#1019,#1020,#1021));
#594=AXIS2_PLACEMENT_3D('',#1022,#1023,#1024);
#595=EDGE_LOOP('',(#1025,#1026,#1027,#1028));
#596=AXIS2_PLACEMENT_3D('',#1029,#1030,#1031);
#597=EDGE_LOOP('',(#1032,#1033,#1034,#1035));
#598=AXIS2_PLACEMENT_3D('',#1036,#1037,#1038);
#599=EDGE_LOOP('',(#1039,#1040,#1041,#1042,#1043,#1044,#1045,#1046,#1047,#1048));
#600=AXIS2_PLACEMENT_3D('',#1049,#1050,#1051);
#601=EDGE_LOOP('',(#1052,#1053,#1054,#1055,#1056,#1057));
#602=AXIS2_PLACEMENT_3D('',#1058,#1059,#1060);
#603=EDGE_LOOP('',(#1061,#1062,#1063,#1064));
#604=AXIS2_PLACEMENT_3D('',#1065,#1066,#1067);
#605=EDGE_LOOP('',(#1068,#1069,#1070,#1071));
#606=AXIS2_PLACEMENT_3D('',#1072,#1073,#1074);
#607=EDGE_LOOP('',(#1075,#1076,#1077,#1078,#1079,#1080,#1081,#1082,#1083,#1084));
#608=AXIS2_PLACEMENT_3D('',#1085,#1086,#1087);
#609=EDGE_LOOP('',(#1088,#1089,#1090,#1091));
#610=AXIS2_PLACEMENT_3D('',#1092,#1093,#1094);
#611=EDGE_LOOP('',(#1095,#1096,#1097,#1098));
#612=AXIS2_PLACEMENT_3D('',#1099,#1100,#1101);
#613=EDGE_LOOP('',(#1102,#1103,#1104,#1105));
#614=AXIS2_PLACEMENT_3D('',#1106,#1107,#1108);
#615=EDGE_LOOP('',(#1109,#1110,#1111,#1112));
#616=AXIS2_PLACEMENT_3D('',#1113,#1114,#1115);
#617=EDGE_LOOP('',(#1116,#1117,#1118,#1119));
#618=AXIS2_PLACEMENT_3D('',#1120,#1121,#1122);
#619=EDGE_LOOP('',(#1123,#1124,#1125,#1126));
#620=AXIS2_PLACEMENT_3D('',#1127,#1128,#1129);
#621=EDGE_LOOP('',(#1130,#1131,#1132,#1133));
#622=AXIS2_PLACEMENT_3D('',#1134,#1135,#1136);
#623=EDGE_LOOP('',(#1137,#1138,#1139,#1140,#1141,#1142));
#624=AXIS2_PLACEMENT_3D('',#1143,#1144,#1145);
#625=EDGE_LOOP('',(#1146,#1147,#1148,#1149));
#626=AXIS2_PLACEMENT_3D('',#1150,#1151,#1152);
#627=EDGE_LOOP('',(#1153,#1154,#1155,#1156));
#628=AXIS2_PLACEMENT_3D('',#1157,#1158,#1159);
#629=EDGE_LOOP('',(#1160,#1161,#1162,#1163));
#630=AXIS2_PLACEMENT_3D('',#1164,#1165,#1166);
#631=EDGE_LOOP('',(#1167,#1168,#1169,#1170));
#632=AXIS2_PLACEMENT_3D('',#1171,#1172,#1173);
#633=EDGE_LOOP('',(#1174,#1175,#1176,#1177));
#634=AXIS2_PLACEMENT_3D('',#1178,#1179,#1180);
#635=EDGE_LOOP('',(#1181,#1182,#1183,#1184,#1185,#1186,#1187,#1188,#1189,#1190));
#636=AXIS2_PLACEMENT_3D('',#1191,#1192,#1193);
#637=EDGE_LOOP('',(#1194,#1195,#1196,#1197,#1198,#1199));
#638=AXIS2_PLACEMENT_3D('',#1200,#1201,#1202);
#639=EDGE_LOOP('',(#1203,#1204,#1205,#1206));
#640=AXIS2_PLACEMENT_3D('',#1207,#1208,#1209);
#641=EDGE_LOOP('',(#1210,#1211,#1212,#1213));
#642=AXIS2_PLACEMENT_3D('',#1214,#1215,#1216);
#643=EDGE_LOOP('',(#1217,#1218,#1219,#1220,#1221,#1222,#1223,#1224,#1225,#1226));
#644=AXIS2_PLACEMENT_3D('',#1227,#1228,#1229);
#645=EDGE_LOOP('',(#1230,#1231,#1232,#1233));
#646=AXIS2_PLACEMENT_3D('',#1234,#1235,#1236);
#647=EDGE_LOOP('',(#1237,#1238,#1239,#1240));
#648=AXIS2_PLACEMENT_3D('',#1241,#1242,#1243);
#649=EDGE_LOOP('',(#1244,#1245,#1246,#1247));
#650=AXIS2_PLACEMENT_3D('',#1248,#1249,#1250);
#651=EDGE_LOOP('',(#1251,#1252,#1253,#1254));
#652=AXIS2_PLACEMENT_3D('',#1255,#1256,#1257);
#653=EDGE_LOOP('',(#1258,#1259,#1260,#1261));
#654=AXIS2_PLACEMENT_3D('',#1262,#1263,#1264);
#655=EDGE_LOOP('',(#1265,#1266,#1267,#1268));
#656=AXIS2_PLACEMENT_3D('',#1269,#1270,#1271);
#657=EDGE_LOOP('',(#1272,#1273,#1274,#1275));
#658=AXIS2_PLACEMENT_3D('',#1276,#1277,#1278);
#659=EDGE_LOOP('',(#1279,#1280,#1281,#1282,#1283,#1284));
#660=AXIS2_PLACEMENT_3D('',#1285,#1286,#1287);
#661=EDGE_LOOP('',(#1288,#1289,#1290,#1291));
#662=AXIS2_PLACEMENT_3D('',#1292,#1293,#1294);
#663=EDGE_LOOP('',(#1295,#1296,#1297,#1298));
#664=AXIS2_PLACEMENT_3D('',#1299,#1300,#1301);
#665=EDGE_LOOP('',(#1302,#1303,#1304,#1305));
#666=AXIS2_PLACEMENT_3D('',#1306,#1307,#1308);
#667=EDGE_LOOP('',(#1309,#1310,#1311,#1312));
#668=AXIS2_PLACEMENT_3D('',#1313,#1314,#1315);
#669=EDGE_LOOP('',(#1316,#1317,#1318,#1319));
#670=AXIS2_PLACEMENT_3D('',#1320,#1321,#1322);
#671=EDGE_LOOP('',(#1323,#1324,#1325,#1326,#1327,#1328,#1329,#1330,#1331,#1332));
#672=AXIS2_PLACEMENT_3D('',#1333,#1334,#1335);
#673=EDGE_LOOP('',(#1336,#1337,#1338,#1339,#1340,#1341));
#674=AXIS2_PLACEMENT_3D('',#1342,#1343,#1344);
#675=EDGE_LOOP('',(#1345,#1346,#1347,#1348));
#676=AXIS2_PLACEMENT_3D('',#1349,#1350,#1351);
#677=EDGE_LOOP('',(#1352,#1353,#1354,#1355));
#678=AXIS2_PLACEMENT_3D('',#1356,#1357,#1358);
#679=EDGE_LOOP('',(#1359,#1360,#1361,#1362,#1363,#1364,#1365,#1366,#1367,#1368));
#680=AXIS2_PLACEMENT_3D('',#1369,#1370,#1371);
#681=EDGE_LOOP('',(#1372,#1373,#1374,#1375));
#682=AXIS2_PLACEMENT_3D('',#1376,#1377,#1378);
#683=EDGE_LOOP('',(#1379,#1380,#1381,#1382));
#684=AXIS2_PLACEMENT_3D('',#1383,#1384,#1385);
#685=EDGE_LOOP('',(#1386,#1387,#1388,#1389));
#686=AXIS2_PLACEMENT_3D('',#1390,#1391,#1392);
#687=EDGE_LOOP('',(#1393,#1394,#1395,#1396));
#688=AXIS2_PLACEMENT_3D('',#1397,#1398,#1399);
#689=EDGE_LOOP('',(#1400,#1401,#1402,#1403));
#690=AXIS2_PLACEMENT_3D('',#1404,#1405,#1406);
#691=EDGE_LOOP('',(#1407,#1408,#1409,#1410));
#692=AXIS2_PLACEMENT_3D('',#1411,#1412,#1413);
#693=EDGE_LOOP('',(#1414,#1415,#1416,#1417));
#694=AXIS2_PLACEMENT_3D('',#1418,#1419,#1420);
#695=EDGE_LOOP('',(#1421,#1422,#1423,#1424,#1425,#1426));
#696=AXIS2_PLACEMENT_3D('',#1427,#1428,#1429);
#697=EDGE_LOOP('',(#1430,#1431,#1432,#1433));
#698=AXIS2_PLACEMENT_3D('',#1434,#1435,#1436);
#699=EDGE_LOOP('',(#1437,#1438,#1439,#1440));
#700=AXIS2_PLACEMENT_3D('',#1441,#1442,#1443);
#701=EDGE_LOOP('',(#1444,#1445,#1446,#1447));
#702=AXIS2_PLACEMENT_3D('',#1448,#1449,#1450);
#703=EDGE_LOOP('',(#1451,#1452,#1453,#1454));
#704=AXIS2_PLACEMENT_3D('',#1455,#1456,#1457);
#705=EDGE_LOOP('',(#1458,#1459,#1460,#1461));
#706=AXIS2_PLACEMENT_3D('',#1462,#1463,#1464);
#707=EDGE_LOOP('',(#1465,#1466,#1467,#1468,#1469,#1470,#1471,#1472,#1473,#1474));
#708=AXIS2_PLACEMENT_3D('',#1475,#1476,#1477);
#709=EDGE_LOOP('',(#1478,#1479,#1480,#1481,#1482,#1483));
#710=AXIS2_PLACEMENT_3D('',#1484,#1485,#1486);
#711=EDGE_LOOP('',(#1487,#1488,#1489,#1490));
#712=AXIS2_PLACEMENT_3D('',#1491,#1492,#1493);
#713=EDGE_LOOP('',(#1494,#1495,#1496,#1497));
#714=AXIS2_PLACEMENT_3D('',#1498,#1499,#1500);
#715=EDGE_LOOP('',(#1501,#1502,#1503,#1504,#1505,#1506,#1507,#1508,#1509,#1510));
#716=AXIS2_PLACEMENT_3D('',#1511,#1512,#1513);
#717=EDGE_LOOP('',(#1514,#1515,#1516,#1517));
#718=AXIS2_PLACEMENT_3D('',#1518,#1519,#1520);
#719=EDGE_LOOP('',(#1521,#1522,#1523,#1524));
#720=AXIS2_PLACEMENT_3D('',#1525,#1526,#1527);
#721=EDGE_LOOP('',(#1528,#1529,#1530,#1531));
#722=AXIS2_PLACEMENT_3D('',#1532,#1533,#1534);
#723=EDGE_LOOP('',(#1535,#1536,#1537,#1538));
#724=AXIS2_PLACEMENT_3D('',#1539,#1540,#1541);
#725=EDGE_LOOP('',(#1542,#1543,#1544,#1545));
#726=AXIS2_PLACEMENT_3D('',#1546,#1547,#1548);
#727=EDGE_LOOP('',(#1549,#1550,#1551,#1552));
#728=AXIS2_PLACEMENT_3D('',#1553,#1554,#1555);
#729=EDGE_LOOP('',(#1556,#1557,#1558,#1559));
#730=AXIS2_PLACEMENT_3D('',#1560,#1561,#1562);
#731=EDGE_LOOP('',(#1563,#1564,#1565,#1566,#1567,#1568));
#732=AXIS2_PLACEMENT_3D('',#1569,#1570,#1571);
#733=EDGE_LOOP('',(#1572,#1573,#1574,#1575));
#734=AXIS2_PLACEMENT_3D('',#1576,#1577,#1578);
#735=EDGE_LOOP('',(#1579,#1580,#1581,#1582));
#736=AXIS2_PLACEMENT_3D('',#1583,#1584,#1585);
#737=EDGE_LOOP('',(#1586,#1587,#1588,#1589));
#738=AXIS2_PLACEMENT_3D('',#1590,#1591,#1592);
#739=EDGE_LOOP('',(#1593,#1594,#1595,#1596));
#740=AXIS2_PLACEMENT_3D('',#1597,#1598,#1599);
#741=EDGE_LOOP('',(#1600,#1601,#1602,#1603));
#742=AXIS2_PLACEMENT_3D('',#1604,#1605,#1606);
#743=EDGE_LOOP('',(#1607,#1608,#1609,#1610,#1611,#1612,#1613,#1614,#1615,#1616));
#744=AXIS2_PLACEMENT_3D('',#1617,#1618,#1619);
#745=EDGE_LOOP('',(#1620,#1621,#1622,#1623,#1624,#1625));
#746=AXIS2_PLACEMENT_3D('',#1626,#1627,#1628);
#747=EDGE_LOOP('',(#1629,#1630,#1631,#1632));
#748=AXIS2_PLACEMENT_3D('',#1633,#1634,#1635);
#749=EDGE_LOOP('',(#1636,#1637,#1638,#1639));
#750=AXIS2_PLACEMENT_3D('',#1640,#1641,#1642);
#751=EDGE_LOOP('',(#1643,#1644,#1645,#1646,#1647,#1648,#1649,#1650,#1651,#1652));
#752=AXIS2_PLACEMENT_3D('',#1653,#1654,#1655);
#753=EDGE_LOOP('',(#1656,#1657,#1658,#1659));
#754=AXIS2_PLACEMENT_3D('',#1660,#1661,#1662);
#755=EDGE_LOOP('',(#1663,#1664,#1665,#1666));
#756=AXIS2_PLACEMENT_3D('',#1667,#1668,#1669);
#757=EDGE_LOOP('',(#1670,#1671,#1672,#1673));
#758=AXIS2_PLACEMENT_3D('',#1674,#1675,#1676);
#759=EDGE_LOOP('',(#1677,#1678,#1679,#1680));
#760=AXIS2_PLACEMENT_3D('',#1681,#1682,#1683);
#761=EDGE_LOOP('',(#1684,#1685,#1686,#1687));
#762=AXIS2_PLACEMENT_3D('',#1688,#1689,#1690);
#763=EDGE_LOOP('',(#1691,#1692,#1693,#1694));
#764=AXIS2_PLACEMENT_3D('',#1695,#1696,#1697);
#765=EDGE_LOOP('',(#1698,#1699,#1700,#1701));
#766=AXIS2_PLACEMENT_3D('',#1702,#1703,#1704);
#767=EDGE_LOOP('',(#1705,#1706,#1707,#1708,#1709,#1710));
#768=AXIS2_PLACEMENT_3D('',#1711,#1712,#1713);
#769=EDGE_LOOP('',(#1714,#1715,#1716,#1717));
#770=AXIS2_PLACEMENT_3D('',#1718,#1719,#1720);
#771=EDGE_LOOP('',(#1721,#1722,#1723,#1724));
#772=AXIS2_PLACEMENT_3D('',#1725,#1726,#1727);
#773=EDGE_LOOP('',(#1728,#1729,#1730,#1731));
#774=AXIS2_PLACEMENT_3D('',#1732,#1733,#1734);
#775=EDGE_LOOP('',(#1735,#1736,#1737,#1738));
#776=AXIS2_PLACEMENT_3D('',#1739,#1740,#1741);
#777=EDGE_LOOP('',(#1742,#1743,#1744,#1745));
#778=AXIS2_PLACEMENT_3D('',#1746,#1747,#1748);
#779=EDGE_LOOP('',(#1749,#1750,#1751,#1752));
#780=AXIS2_PLACEMENT_3D('',#1753,#1754,#1755);
#781=EDGE_LOOP('',(#1756,#1757,#1758,#1759));
#782=AXIS2_PLACEMENT_3D('',#1760,#1761,#1762);
#783=EDGE_LOOP('',(#1763,#1764,#1765));
#784=AXIS2_PLACEMENT_3D('',#1766,#1767,#1768);
#785=EDGE_LOOP('',(#1769,#1770,#1771,#1772,#1773,#1774));
#786=AXIS2_PLACEMENT_3D('',#1775,#1776,#1777);
#787=EDGE_LOOP('',(#1778,#1779,#1780,#1781));
#788=AXIS2_PLACEMENT_3D('',#1782,#1783,#1784);
#789=EDGE_LOOP('',(#1785,#1786,#1787,#1788,#1789,#1790));
#790=AXIS2_PLACEMENT_3D('',#1791,#1792,#1793);
#791=EDGE_LOOP('',(#1794,#1795,#1796,#1797));
#792=AXIS2_PLACEMENT_3D('',#1798,#1799,#1800);
#793=EDGE_LOOP('',(#1801,#1802,#1803,#1804));
#794=EDGE_LOOP('',(#1805,#1806,#1807,#1808));
#795=EDGE_LOOP('',(#1809,#1810,#1811,#1812));
#796=EDGE_LOOP('',(#1813,#1814,#1815,#1816));
#797=EDGE_LOOP('',(#1817,#1818,#1819,#1820));
#798=EDGE_LOOP('',(#1821,#1822,#1823,#1824));
#799=EDGE_LOOP('',(#1825,#1826,#1827,#1828,#1829,#1830,#1831,#1832,#1833,#1834,#1835,#1836,#1837,#1838,#1839,#1840,#1841,#1842,#1843,#1844));
#800=EDGE_LOOP('',(#1845,#1846));
#801=EDGE_LOOP('',(#1847,#1848));
#802=EDGE_LOOP('',(#1849,#1850));
#803=EDGE_LOOP('',(#1851,#1852));
#804=AXIS2_PLACEMENT_3D('',#1853,#1854,#1855);
#805=EDGE_LOOP('',(#1856,#1857,#1858,#1859,#1860,#1861,#1862,#1863));
#806=AXIS2_PLACEMENT_3D('',#1864,#1865,#1866);
#807=EDGE_LOOP('',(#1867,#1868,#1869,#1870));
#808=AXIS2_PLACEMENT_3D('',#1871,#1872,#1873);
#809=EDGE_LOOP('',(#1874,#1875,#1876,#1877,#1878,#1879));
#810=AXIS2_PLACEMENT_3D('',#1880,#1881,#1882);
#811=EDGE_LOOP('',(#1883,#1884,#1885,#1886,#1887,#1888));
#812=AXIS2_PLACEMENT_3D('',#1889,#1890,#1891);
#813=EDGE_LOOP('',(#1892,#1893,#1894,#1895));
#814=AXIS2_PLACEMENT_3D('',#1896,#1897,#1898);
#815=EDGE_LOOP('',(#1899,#1900,#1901,#1902,#1903,#1904,#1905,#1906));
#816=AXIS2_PLACEMENT_3D('',#1907,#1908,#1909);
#817=EDGE_LOOP('',(#1910,#1911,#1912,#1913,#1914,#1915,#1916));
#818=AXIS2_PLACEMENT_3D('',#1917,#1918,#1919);
#819=EDGE_LOOP('',(#1920,#1921,#1922,#1923));
#820=AXIS2_PLACEMENT_3D('',#1924,#1925,#1926);
#821=EDGE_LOOP('',(#1927,#1928,#1929,#1930));
#822=AXIS2_PLACEMENT_3D('',#1931,#1932,#1933);
#823=EDGE_LOOP('',(#1934,#1935,#1936,#1937,#1938,#1939,#1940));
#824=AXIS2_PLACEMENT_3D('',#1941,#1942,#1943);
#825=EDGE_LOOP('',(#1944,#1945,#1946,#1947));
#826=EDGE_LOOP('',(#1948,#1949,#1950,#1951));
#827=EDGE_LOOP('',(#1952,#1953,#1954,#1955));
#828=EDGE_LOOP('',(#1956,#1957,#1958,#1959));
#829=EDGE_LOOP('',(#1960,#1961,#1962,#1963));
#830=EDGE_LOOP('',(#1964,#1965,#1966,#1967));
#831=EDGE_LOOP('',(#1968,#1969,#1970,#1971,#1972,#1973,#1974,#1975,#1976,#1977,#1978,#1979,#1980,#1981,#1982,#1983));
#832=AXIS2_PLACEMENT_3D('',#1984,#1985,#1986);
#833=EDGE_LOOP('',(#1987,#1988,#1989,#1990));
#834=AXIS2_PLACEMENT_3D('',#1991,#1992,#1993);
#835=EDGE_LOOP('',(#1994,#1995,#1996,#1997));
#836=AXIS2_PLACEMENT_3D('',#1998,#1999,#2000);
#837=EDGE_LOOP('',(#2001,#2002,#2003,#2004));
#838=AXIS2_PLACEMENT_3D('',#2005,#2006,#2007);
#839=EDGE_LOOP('',(#2008,#2009,#2010,#2011));
#840=AXIS2_PLACEMENT_3D('',#2012,#2013,#2014);
#841=EDGE_LOOP('',(#2015,#2016,#2017));
#842=AXIS2_PLACEMENT_3D('',#2018,#2019,#2020);
#843=EDGE_LOOP('',(#2021,#2022,#2023,#2024,#2025,#2026,#2027,#2028));
#844=AXIS2_PLACEMENT_3D('',#2029,#2030,#2031);
#845=EDGE_LOOP('',(#2032,#2033,#2034));
#846=AXIS2_PLACEMENT_3D('',#2035,#2036,#2037);
#847=EDGE_LOOP('',(#2038,#2039,#2040,#2041));
#848=AXIS2_PLACEMENT_3D('',#2042,#2043,#2044);
#849=EDGE_LOOP('',(#2045,#2046,#2047,#2048));
#850=AXIS2_PLACEMENT_3D('',#2049,#2050,#2051);
#851=EDGE_LOOP('',(#2052,#2053,#2054,#2055,#2056,#2057));
#852=AXIS2_PLACEMENT_3D('',#2058,#2059,#2060);
#853=EDGE_LOOP('',(#2061,#2062));
#854=AXIS2_PLACEMENT_3D('',#2063,#2064,#2065);
#855=EDGE_LOOP('',(#2066,#2067));
#856=AXIS2_PLACEMENT_3D('',#2068,#2069,#2070);
#857=EDGE_LOOP('',(#2071,#2072));
#858=AXIS2_PLACEMENT_3D('',#2073,#2074,#2075);
#859=EDGE_LOOP('',(#2076,#2077));
#860=AXIS2_PLACEMENT_3D('',#2078,#2079,#2080);
#861=EDGE_LOOP('',(#2081,#2082,#2083,#2084));
#862=AXIS2_PLACEMENT_3D('',#2085,#2086,#2087);
#863=EDGE_LOOP('',(#2088,#2089,#2090,#2091));
#864=AXIS2_PLACEMENT_3D('',#2092,#2093,#2094);
#865=EDGE_LOOP('',(#2095,#2096,#2097,#2098));
#866=AXIS2_PLACEMENT_3D('',#2099,#2100,#2101);
#867=EDGE_LOOP('',(#2102,#2103,#2104,#2105));
#868=AXIS2_PLACEMENT_3D('',#2106,#2107,#2108);
#869=EDGE_LOOP('',(#2109,#2110,#2111,#2112,#2113,#2114,#2115,#2116));
#870=AXIS2_PLACEMENT_3D('',#2117,#2118,#2119);
#871=EDGE_LOOP('',(#2120,#2121,#2122,#2123));
#872=AXIS2_PLACEMENT_3D('',#2124,#2125,#2126);
#873=EDGE_LOOP('',(#2127,#2128,#2129,#2130));
#874=AXIS2_PLACEMENT_3D('',#2131,#2132,#2133);
#875=EDGE_LOOP('',(#2134,#2135,#2136,#2137));
#876=AXIS2_PLACEMENT_3D('',#2138,#2139,#2140);
#877=EDGE_LOOP('',(#2141,#2142,#2143,#2144,#2145,#2146));
#878=AXIS2_PLACEMENT_3D('',#2147,#2148,#2149);
#879=EDGE_LOOP('',(#2150,#2151,#2152,#2153));
#880=AXIS2_PLACEMENT_3D('',#2154,#2155,#2156);
#881=EDGE_LOOP('',(#2157,#2158,#2159,#2160));
#882=AXIS2_PLACEMENT_3D('',#2161,#2162,#2163);
#883=EDGE_LOOP('',(#2164,#2165,#2166,#2167,#2168,#2169,#2170,#2171));
#884=AXIS2_PLACEMENT_3D('',#2172,#2173,#2174);
#885=EDGE_LOOP('',(#2175,#2176,#2177));
#886=EDGE_LOOP('',(#2178,#2179,#2180,#2181,#2182,#2183,#2184,#2185));
#887=AXIS2_PLACEMENT_3D('',#2186,#2187,#2188);
#888=EDGE_LOOP('',(#2189,#2190,#2191,#2192,#2193,#2194,#2195,#2196,#2197,#2198,#2199,#2200,#2201,#2202,#2203,#2204,#2205,#2206,#2207,#2208));
#889=AXIS2_PLACEMENT_3D('',#2209,#2210,#2211);
#890=ORIENTED_EDGE('',*,*,#2212,.F.);
#891=ORIENTED_EDGE('',*,*,#2213,.T.);
#892=ORIENTED_EDGE('',*,*,#2214,.F.);
#893=ORIENTED_EDGE('',*,*,#2215,.T.);
#894=CARTESIAN_POINT('',(7.9375,4.19165455858783,-1.5875));
#895=DIRECTION('',(6.12323399573676E-17,6.15538351036726E-18,-1.0));
#896=DIRECTION('',(-3.76908535674783E-34,1.0,6.15538351036726E-18));
#897=ORIENTED_EDGE('',*,*,#2216,.F.);
#898=ORIENTED_EDGE('',*,*,#2217,.F.);
#899=ORIENTED_EDGE('',*,*,#2218,.F.);
#900=ORIENTED_EDGE('',*,*,#2219,.F.);
#901=ORIENTED_EDGE('',*,*,#2220,.F.);
#902=ORIENTED_EDGE('',*,*,#2221,.F.);
#903=ORIENTED_EDGE('',*,*,#2222,.F.);
#904=ORIENTED_EDGE('',*,*,#2223,.F.);
#905=ORIENTED_EDGE('',*,*,#2224,.F.);
#906=ORIENTED_EDGE('',*,*,#2213,.F.);
#907=CARTESIAN_POINT('',(8.5725,2.57390149675014,-1.98158291006568));
#908=DIRECTION('',(1.0,0.0,6.12323399573676E-17));
#909=DIRECTION('',(6.12323399573676E-17,0.0,-1.0));
#910=ORIENTED_EDGE('',*,*,#2225,.F.);
#911=ORIENTED_EDGE('',*,*,#2226,.F.);
#912=ORIENTED_EDGE('',*,*,#2227,.F.);
#913=ORIENTED_EDGE('',*,*,#2228,.F.);
#914=ORIENTED_EDGE('',*,*,#2229,.F.);
#915=ORIENTED_EDGE('',*,*,#2230,.F.);
#916=CARTESIAN_POINT('',(8.5725,2.57390149675014,-1.98158291006568));
#917=DIRECTION('',(1.0,0.0,6.12323399573676E-17));
#918=DIRECTION('',(6.12323399573676E-17,0.0,-1.0));
#919=ORIENTED_EDGE('',*,*,#2231,.F.);
#920=ORIENTED_EDGE('',*,*,#2232,.T.);
#921=ORIENTED_EDGE('',*,*,#2233,.T.);
#922=ORIENTED_EDGE('',*,*,#2226,.T.);
#923=CARTESIAN_POINT('',(7.9375,4.19165455858783,-1.5875));
#924=DIRECTION('',(6.12323399573676E-17,6.15538351036726E-18,-1.0));
#925=DIRECTION('',(-3.76908535674783E-34,1.0,6.15538351036726E-18));
#926=ORIENTED_EDGE('',*,*,#2234,.F.);
#927=ORIENTED_EDGE('',*,*,#2235,.T.);
#928=ORIENTED_EDGE('',*,*,#2236,.T.);
#929=ORIENTED_EDGE('',*,*,#2217,.T.);
#930=CARTESIAN_POINT('',(7.9375,4.19165455858783,-0.9525));
#931=DIRECTION('',(-6.12323399573676E-17,0.0,1.0));
#932=DIRECTION('',(0.0,-1.0,0.0));
#933=ORIENTED_EDGE('',*,*,#2237,.F.);
#934=ORIENTED_EDGE('',*,*,#2215,.F.);
#935=ORIENTED_EDGE('',*,*,#2238,.T.);
#936=ORIENTED_EDGE('',*,*,#2239,.F.);
#937=ORIENTED_EDGE('',*,*,#2240,.F.);
#938=ORIENTED_EDGE('',*,*,#2241,.F.);
#939=ORIENTED_EDGE('',*,*,#2242,.F.);
#940=ORIENTED_EDGE('',*,*,#2243,.F.);
#941=ORIENTED_EDGE('',*,*,#2244,.F.);
#942=ORIENTED_EDGE('',*,*,#2235,.F.);
#943=CARTESIAN_POINT('',(7.9375,2.57390149675014,-1.98158291006568));
#944=DIRECTION('',(1.0,0.0,6.12323399573676E-17));
#945=DIRECTION('',(6.12323399573676E-17,0.0,-1.0));
#946=ORIENTED_EDGE('',*,*,#2222,.T.);
#947=ORIENTED_EDGE('',*,*,#2245,.F.);
#948=ORIENTED_EDGE('',*,*,#2240,.T.);
#949=ORIENTED_EDGE('',*,*,#2246,.T.);
#950=CARTESIAN_POINT('',(7.9375,-0.714375000000001,-5.49340455858784));
#951=DIRECTION('',(3.93593894367099E-17,0.766044443118978,-0.642787609686539));
#952=DIRECTION('',(-4.69066937635137E-17,0.642787609686539,0.766044443118978));
#953=ORIENTED_EDGE('',*,*,#2221,.T.);
#954=ORIENTED_EDGE('',*,*,#2247,.F.);
#955=ORIENTED_EDGE('',*,*,#2241,.T.);
#956=ORIENTED_EDGE('',*,*,#2245,.T.);
#957=CARTESIAN_POINT('',(7.9375,-0.952500000000001,-5.588));
#958=DIRECTION('',(6.12323399573676E-17,0.0,-1.0));
#959=DIRECTION('',(0.0,1.0,0.0));
#960=ORIENTED_EDGE('',*,*,#2220,.T.);
#961=ORIENTED_EDGE('',*,*,#2248,.F.);
#962=ORIENTED_EDGE('',*,*,#2242,.T.);
#963=ORIENTED_EDGE('',*,*,#2247,.T.);
#964=CARTESIAN_POINT('',(7.9375,-1.190625,-5.49340455858783));
#965=DIRECTION('',(3.93593894367098E-17,-0.76604444311898,-0.642787609686537));
#966=DIRECTION('',(4.69066937635138E-17,0.642787609686537,-0.76604444311898));
#967=ORIENTED_EDGE('',*,*,#2219,.T.);
#968=ORIENTED_EDGE('',*,*,#2249,.F.);
#969=ORIENTED_EDGE('',*,*,#2243,.T.);
#970=ORIENTED_EDGE('',*,*,#2248,.T.);
#971=CARTESIAN_POINT('',(7.9375,-1.27,-3.65190455858783));
#972=DIRECTION('',(3.89154366437166E-33,-1.0,-6.35537310362645E-17));
#973=DIRECTION('',(6.12323399573676E-17,6.35537310362645E-17,-1.0));
#974=ORIENTED_EDGE('',*,*,#2218,.T.);
#975=ORIENTED_EDGE('',*,*,#2236,.F.);
#976=ORIENTED_EDGE('',*,*,#2244,.T.);
#977=ORIENTED_EDGE('',*,*,#2249,.T.);
#978=CARTESIAN_POINT('',(7.9375,-0.317500000000001,-1.905));
#979=DIRECTION('',(1.0,0.0,6.12323399573676E-17));
#980=DIRECTION('',(6.12323399573676E-17,0.0,-1.0));
#981=ORIENTED_EDGE('',*,*,#2224,.T.);
#982=ORIENTED_EDGE('',*,*,#2250,.F.);
#983=ORIENTED_EDGE('',*,*,#2238,.F.);
#984=ORIENTED_EDGE('',*,*,#2214,.T.);
#985=CARTESIAN_POINT('',(7.9375,-0.317500000000001,-1.905));
#986=DIRECTION('',(1.0,0.0,6.12323399573676E-17));
#987=DIRECTION('',(6.12323399573676E-17,0.0,-1.0));
#988=ORIENTED_EDGE('',*,*,#2223,.T.);
#989=ORIENTED_EDGE('',*,*,#2246,.F.);
#990=ORIENTED_EDGE('',*,*,#2239,.T.);
#991=ORIENTED_EDGE('',*,*,#2250,.T.);
#992=CARTESIAN_POINT('',(7.9375,-0.635000000000001,-3.65190455858783));
#993=DIRECTION('',(-1.94577183218583E-33,1.0,3.17768655181323E-17));
#994=DIRECTION('',(-6.12323399573676E-17,-3.17768655181323E-17,1.0));
#995=ORIENTED_EDGE('',*,*,#2251,.F.);
#996=ORIENTED_EDGE('',*,*,#2252,.F.);
#997=ORIENTED_EDGE('',*,*,#2253,.F.);
#998=ORIENTED_EDGE('',*,*,#2254,.F.);
#999=ORIENTED_EDGE('',*,*,#2255,.F.);
#1000=ORIENTED_EDGE('',*,*,#2232,.F.);
#1001=CARTESIAN_POINT('',(7.9375,2.57390149675014,-1.98158291006568));
#1002=DIRECTION('',(1.0,0.0,6.12323399573676E-17));
#1003=DIRECTION('',(6.12323399573676E-17,0.0,-1.0));
#1004=ORIENTED_EDGE('',*,*,#2256,.F.);
#1005=ORIENTED_EDGE('',*,*,#2230,.T.);
#1006=ORIENTED_EDGE('',*,*,#2257,.F.);
#1007=ORIENTED_EDGE('',*,*,#2252,.T.);
#1008=CARTESIAN_POINT('',(7.9375,4.19165455858783,-0.9525));
#1009=DIRECTION('',(-6.12323399573676E-17,0.0,1.0));
#1010=DIRECTION('',(0.0,-1.0,0.0));
#1011=ORIENTED_EDGE('',*,*,#2229,.T.);
#1012=ORIENTED_EDGE('',*,*,#2258,.F.);
#1013=ORIENTED_EDGE('',*,*,#2253,.T.);
#1014=ORIENTED_EDGE('',*,*,#2257,.T.);
#1015=CARTESIAN_POINT('',(7.9375,8.79540455858783,-1.031875));
#1016=DIRECTION('',(-4.69066937635136E-17,0.64278760968654,0.766044443118977));
#1017=DIRECTION('',(-3.935938943671E-17,-0.766044443118977,0.64278760968654));
#1018=ORIENTED_EDGE('',*,*,#2228,.T.);
#1019=ORIENTED_EDGE('',*,*,#2259,.F.);
#1020=ORIENTED_EDGE('',*,*,#2254,.T.);
#1021=ORIENTED_EDGE('',*,*,#2258,.T.);
#1022=CARTESIAN_POINT('',(7.9375,8.89,-1.27));
#1023=DIRECTION('',(0.0,1.0,0.0));
#1024=DIRECTION('',(-6.12323399573676E-17,0.0,1.0));
#1025=ORIENTED_EDGE('',*,*,#2227,.T.);
#1026=ORIENTED_EDGE('',*,*,#2233,.F.);
#1027=ORIENTED_EDGE('',*,*,#2255,.T.);
#1028=ORIENTED_EDGE('',*,*,#2259,.T.);
#1029=CARTESIAN_POINT('',(7.9375,8.79540455858783,-1.508125));
#1030=DIRECTION('',(4.69066937635139E-17,0.642787609686534,-0.766044443118982));
#1031=DIRECTION('',(-3.93593894367096E-17,0.766044443118982,0.642787609686534));
#1032=ORIENTED_EDGE('',*,*,#2260,.F.);
#1033=ORIENTED_EDGE('',*,*,#2261,.T.);
#1034=ORIENTED_EDGE('',*,*,#2262,.F.);
#1035=ORIENTED_EDGE('',*,*,#2263,.T.);
#1036=CARTESIAN_POINT('',(5.3975,4.19165455858783,-1.5875));
#1037=DIRECTION('',(6.12323399573676E-17,6.15538351036726E-18,-1.0));
#1038=DIRECTION('',(-3.76908535674783E-34,1.0,6.15538351036726E-18));
#1039=ORIENTED_EDGE('',*,*,#2264,.F.);
#1040=ORIENTED_EDGE('',*,*,#2265,.F.);
#1041=ORIENTED_EDGE('',*,*,#2266,.F.);
#1042=ORIENTED_EDGE('',*,*,#2267,.F.);
#1043=ORIENTED_EDGE('',*,*,#2268,.F.);
#1044=ORIENTED_EDGE('',*,*,#2269,.F.);
#1045=ORIENTED_EDGE('',*,*,#2270,.F.);
#1046=ORIENTED_EDGE('',*,*,#2271,.F.);
#1047=ORIENTED_EDGE('',*,*,#2272,.F.);
#1048=ORIENTED_EDGE('',*,*,#2261,.F.);
#1049=CARTESIAN_POINT('',(6.0325,2.57390149675014,-1.98158291006568));
#1050=DIRECTION('',(1.0,0.0,6.12323399573676E-17));
#1051=DIRECTION('',(6.12323399573676E-17,0.0,-1.0));
#1052=ORIENTED_EDGE('',*,*,#2273,.F.);
#1053=ORIENTED_EDGE('',*,*,#2274,.F.);
#1054=ORIENTED_EDGE('',*,*,#2275,.F.);
#1055=ORIENTED_EDGE('',*,*,#2276,.F.);
#1056=ORIENTED_EDGE('',*,*,#2277,.F.);
#1057=ORIENTED_EDGE('',*,*,#2278,.F.);
#1058=CARTESIAN_POINT('',(6.0325,2.57390149675014,-1.98158291006568));
#1059=DIRECTION('',(1.0,0.0,6.12323399573676E-17));
#1060=DIRECTION('',(6.12323399573676E-17,0.0,-1.0));
#1061=ORIENTED_EDGE('',*,*,#2279,.F.);
#1062=ORIENTED_EDGE('',*,*,#2280,.T.);
#1063=ORIENTED_EDGE('',*,*,#2281,.T.);
#1064=ORIENTED_EDGE('',*,*,#2274,.T.);
#1065=CARTESIAN_POINT('',(5.3975,4.19165455858783,-1.5875));
#1066=DIRECTION('',(6.12323399573676E-17,6.15538351036726E-18,-1.0));
#1067=DIRECTION('',(-3.76908535674783E-34,1.0,6.15538351036726E-18));
#1068=ORIENTED_EDGE('',*,*,#2282,.F.);
#1069=ORIENTED_EDGE('',*,*,#2283,.T.);
#1070=ORIENTED_EDGE('',*,*,#2284,.T.);
#1071=ORIENTED_EDGE('',*,*,#2265,.T.);
#1072=CARTESIAN_POINT('',(5.3975,4.19165455858783,-0.9525));
#1073=DIRECTION('',(-6.12323399573676E-17,0.0,1.0));
#1074=DIRECTION('',(0.0,-1.0,0.0));
#1075=ORIENTED_EDGE('',*,*,#2285,.F.);
#1076=ORIENTED_EDGE('',*,*,#2263,.F.);
#1077=ORIENTED_EDGE('',*,*,#2286,.T.);
#1078=ORIENTED_EDGE('',*,*,#2287,.F.);
#1079=ORIENTED_EDGE('',*,*,#2288,.F.);
#1080=ORIENTED_EDGE('',*,*,#2289,.F.);
#1081=ORIENTED_EDGE('',*,*,#2290,.F.);
#1082=ORIENTED_EDGE('',*,*,#2291,.F.);
#1083=ORIENTED_EDGE('',*,*,#2292,.F.);
#1084=ORIENTED_EDGE('',*,*,#2283,.F.);
#1085=CARTESIAN_POINT('',(5.3975,2.57390149675014,-1.98158291006568));
#1086=DIRECTION('',(1.0,0.0,6.12323399573676E-17));
#1087=DIRECTION('',(6.12323399573676E-17,0.0,-1.0));
#1088=ORIENTED_EDGE('',*,*,#2270,.T.);
#1089=ORIENTED_EDGE('',*,*,#2293,.F.);
#1090=ORIENTED_EDGE('',*,*,#2288,.T.);
#1091=ORIENTED_EDGE('',*,*,#2294,.T.);
#1092=CARTESIAN_POINT('',(5.3975,-0.714375000000001,-5.49340455858784));
#1093=DIRECTION('',(3.93593894367099E-17,0.766044443118978,-0.642787609686539));
#1094=DIRECTION('',(-4.69066937635137E-17,0.642787609686539,0.766044443118978));
#1095=ORIENTED_EDGE('',*,*,#2269,.T.);
#1096=ORIENTED_EDGE('',*,*,#2295,.F.);
#1097=ORIENTED_EDGE('',*,*,#2289,.T.);
#1098=ORIENTED_EDGE('',*,*,#2293,.T.);
#1099=CARTESIAN_POINT('',(5.3975,-0.952500000000001,-5.588));
#1100=DIRECTION('',(6.12323399573676E-17,0.0,-1.0));
#1101=DIRECTION('',(0.0,1.0,0.0));
#1102=ORIENTED_EDGE('',*,*,#2268,.T.);
#1103=ORIENTED_EDGE('',*,*,#2296,.F.);
#1104=ORIENTED_EDGE('',*,*,#2290,.T.);
#1105=ORIENTED_EDGE('',*,*,#2295,.T.);
#1106=CARTESIAN_POINT('',(5.3975,-1.190625,-5.49340455858783));
#1107=DIRECTION('',(3.93593894367098E-17,-0.76604444311898,-0.642787609686537));
#1108=DIRECTION('',(4.69066937635138E-17,0.642787609686537,-0.76604444311898));
#1109=ORIENTED_EDGE('',*,*,#2267,.T.);
#1110=ORIENTED_EDGE('',*,*,#2297,.F.);
#1111=ORIENTED_EDGE('',*,*,#2291,.T.);
#1112=ORIENTED_EDGE('',*,*,#2296,.T.);
#1113=CARTESIAN_POINT('',(5.3975,-1.27,-3.65190455858783));
#1114=DIRECTION('',(3.89154366437166E-33,-1.0,-6.35537310362645E-17));
#1115=DIRECTION('',(6.12323399573676E-17,6.35537310362645E-17,-1.0));
#1116=ORIENTED_EDGE('',*,*,#2266,.T.);
#1117=ORIENTED_EDGE('',*,*,#2284,.F.);
#1118=ORIENTED_EDGE('',*,*,#2292,.T.);
#1119=ORIENTED_EDGE('',*,*,#2297,.T.);
#1120=CARTESIAN_POINT('',(5.3975,-0.317500000000001,-1.905));
#1121=DIRECTION('',(1.0,0.0,6.12323399573676E-17));
#1122=DIRECTION('',(6.12323399573676E-17,0.0,-1.0));
#1123=ORIENTED_EDGE('',*,*,#2272,.T.);
#1124=ORIENTED_EDGE('',*,*,#2298,.F.);
#1125=ORIENTED_EDGE('',*,*,#2286,.F.);
#1126=ORIENTED_EDGE('',*,*,#2262,.T.);
#1127=CARTESIAN_POINT('',(5.3975,-0.317500000000001,-1.905));
#1128=DIRECTION('',(1.0,0.0,6.12323399573676E-17));
#1129=DIRECTION('',(6.12323399573676E-17,0.0,-1.0));
#1130=ORIENTED_EDGE('',*,*,#2271,.T.);
#1131=ORIENTED_EDGE('',*,*,#2294,.F.);
#1132=ORIENTED_EDGE('',*,*,#2287,.T.);
#1133=ORIENTED_EDGE('',*,*,#2298,.T.);
#1134=CARTESIAN_POINT('',(5.3975,-0.635000000000001,-3.65190455858783));
#1135=DIRECTION('',(-1.94577183218583E-33,1.0,3.17768655181323E-17));
#1136=DIRECTION('',(-6.12323399573676E-17,-3.17768655181323E-17,1.0));
#1137=ORIENTED_EDGE('',*,*,#2299,.F.);
#1138=ORIENTED_EDGE('',*,*,#2300,.F.);
#1139=ORIENTED_EDGE('',*,*,#2301,.F.);
#1140=ORIENTED_EDGE('',*,*,#2302,.F.);
#1141=ORIENTED_EDGE('',*,*,#2303,.F.);
#1142=ORIENTED_EDGE('',*,*,#2280,.F.);
#1143=CARTESIAN_POINT('',(5.3975,2.57390149675014,-1.98158291006568));
#1144=DIRECTION('',(1.0,0.0,6.12323399573676E-17));
#1145=DIRECTION('',(6.12323399573676E-17,0.0,-1.0));
#1146=ORIENTED_EDGE('',*,*,#2304,.F.);
#1147=ORIENTED_EDGE('',*,*,#2278,.T.);
#1148=ORIENTED_EDGE('',*,*,#2305,.F.);
#1149=ORIENTED_EDGE('',*,*,#2300,.T.);
#1150=CARTESIAN_POINT('',(5.3975,4.19165455858783,-0.9525));
#1151=DIRECTION('',(-6.12323399573676E-17,0.0,1.0));
#1152=DIRECTION('',(0.0,-1.0,0.0));
#1153=ORIENTED_EDGE('',*,*,#2277,.T.);
#1154=ORIENTED_EDGE('',*,*,#2306,.F.);
#1155=ORIENTED_EDGE('',*,*,#2301,.T.);
#1156=ORIENTED_EDGE('',*,*,#2305,.T.);
#1157=CARTESIAN_POINT('',(5.3975,8.79540455858783,-1.031875));
#1158=DIRECTION('',(-4.69066937635136E-17,0.64278760968654,0.766044443118977));
#1159=DIRECTION('',(-3.935938943671E-17,-0.766044443118977,0.64278760968654));
#1160=ORIENTED_EDGE('',*,*,#2276,.T.);
#1161=ORIENTED_EDGE('',*,*,#2307,.F.);
#1162=ORIENTED_EDGE('',*,*,#2302,.T.);
#1163=ORIENTED_EDGE('',*,*,#2306,.T.);
#1164=CARTESIAN_POINT('',(5.3975,8.89,-1.27));
#1165=DIRECTION('',(0.0,1.0,0.0));
#1166=DIRECTION('',(-6.12323399573676E-17,0.0,1.0));
#1167=ORIENTED_EDGE('',*,*,#2275,.T.);
#1168=ORIENTED_EDGE('',*,*,#2281,.F.);
#1169=ORIENTED_EDGE('',*,*,#2303,.T.);
#1170=ORIENTED_EDGE('',*,*,#2307,.T.);
#1171=CARTESIAN_POINT('',(5.3975,8.79540455858783,-1.508125));
#1172=DIRECTION('',(4.69066937635139E-17,0.642787609686534,-0.766044443118982));
#1173=DIRECTION('',(-3.93593894367096E-17,0.766044443118982,0.642787609686534));
#1174=ORIENTED_EDGE('',*,*,#2308,.F.);
#1175=ORIENTED_EDGE('',*,*,#2309,.T.);
#1176=ORIENTED_EDGE('',*,*,#2310,.F.);
#1177=ORIENTED_EDGE('',*,*,#2311,.T.);
#1178=CARTESIAN_POINT('',(2.8575,4.19165455858783,-1.5875));
#1179=DIRECTION('',(6.12323399573676E-17,6.15538351036726E-18,-1.0));
#1180=DIRECTION('',(-3.76908535674783E-34,1.0,6.15538351036726E-18));
#1181=ORIENTED_EDGE('',*,*,#2312,.F.);
#1182=ORIENTED_EDGE('',*,*,#2313,.F.);
#1183=ORIENTED_EDGE('',*,*,#2314,.F.);
#1184=ORIENTED_EDGE('',*,*,#2315,.F.);
#1185=ORIENTED_EDGE('',*,*,#2316,.F.);
#1186=ORIENTED_EDGE('',*,*,#2317,.F.);
#1187=ORIENTED_EDGE('',*,*,#2318,.F.);
#1188=ORIENTED_EDGE('',*,*,#2319,.F.);
#1189=ORIENTED_EDGE('',*,*,#2320,.F.);
#1190=ORIENTED_EDGE('',*,*,#2309,.F.);
#1191=CARTESIAN_POINT('',(3.4925,2.57390149675014,-1.98158291006568));
#1192=DIRECTION('',(1.0,0.0,6.12323399573676E-17));
#1193=DIRECTION('',(6.12323399573676E-17,0.0,-1.0));
#1194=ORIENTED_EDGE('',*,*,#2321,.F.);
#1195=ORIENTED_EDGE('',*,*,#2322,.F.);
#1196=ORIENTED_EDGE('',*,*,#2323,.F.);
#1197=ORIENTED_EDGE('',*,*,#2324,.F.);
#1198=ORIENTED_EDGE('',*,*,#2325,.F.);
#1199=ORIENTED_EDGE('',*,*,#2326,.F.);
#1200=CARTESIAN_POINT('',(3.4925,2.57390149675014,-1.98158291006568));
#1201=DIRECTION('',(1.0,0.0,6.12323399573676E-17));
#1202=DIRECTION('',(6.12323399573676E-17,0.0,-1.0));
#1203=ORIENTED_EDGE('',*,*,#2327,.F.);
#1204=ORIENTED_EDGE('',*,*,#2328,.T.);
#1205=ORIENTED_EDGE('',*,*,#2329,.T.);
#1206=ORIENTED_EDGE('',*,*,#2322,.T.);
#1207=CARTESIAN_POINT('',(2.8575,4.19165455858783,-1.5875));
#1208=DIRECTION('',(6.12323399573676E-17,6.15538351036726E-18,-1.0));
#1209=DIRECTION('',(-3.76908535674783E-34,1.0,6.15538351036726E-18));
#1210=ORIENTED_EDGE('',*,*,#2330,.F.);
#1211=ORIENTED_EDGE('',*,*,#2331,.T.);
#1212=ORIENTED_EDGE('',*,*,#2332,.T.);
#1213=ORIENTED_EDGE('',*,*,#2313,.T.);
#1214=CARTESIAN_POINT('',(2.8575,4.19165455858783,-0.9525));
#1215=DIRECTION('',(-6.12323399573676E-17,0.0,1.0));
#1216=DIRECTION('',(0.0,-1.0,0.0));
#1217=ORIENTED_EDGE('',*,*,#2333,.F.);
#1218=ORIENTED_EDGE('',*,*,#2311,.F.);
#1219=ORIENTED_EDGE('',*,*,#2334,.T.);
#1220=ORIENTED_EDGE('',*,*,#2335,.F.);
#1221=ORIENTED_EDGE('',*,*,#2336,.F.);
#1222=ORIENTED_EDGE('',*,*,#2337,.F.);
#1223=ORIENTED_EDGE('',*,*,#2338,.F.);
#1224=ORIENTED_EDGE('',*,*,#2339,.F.);
#1225=ORIENTED_EDGE('',*,*,#2340,.F.);
#1226=ORIENTED_EDGE('',*,*,#2331,.F.);
#1227=CARTESIAN_POINT('',(2.8575,2.57390149675014,-1.98158291006568));
#1228=DIRECTION('',(1.0,0.0,6.12323399573676E-17));
#1229=DIRECTION('',(6.12323399573676E-17,0.0,-1.0));
#1230=ORIENTED_EDGE('',*,*,#2318,.T.);
#1231=ORIENTED_EDGE('',*,*,#2341,.F.);
#1232=ORIENTED_EDGE('',*,*,#2336,.T.);
#1233=ORIENTED_EDGE('',*,*,#2342,.T.);
#1234=CARTESIAN_POINT('',(2.8575,-0.714375000000001,-5.49340455858784));
#1235=DIRECTION('',(3.93593894367099E-17,0.766044443118978,-0.642787609686539));
#1236=DIRECTION('',(-4.69066937635137E-17,0.642787609686539,0.766044443118978));
#1237=ORIENTED_EDGE('',*,*,#2317,.T.);
#1238=ORIENTED_EDGE('',*,*,#2343,.F.);
#1239=ORIENTED_EDGE('',*,*,#2337,.T.);
#1240=ORIENTED_EDGE('',*,*,#2341,.T.);
#1241=CARTESIAN_POINT('',(2.8575,-0.952500000000001,-5.588));
#1242=DIRECTION('',(6.12323399573676E-17,0.0,-1.0));
#1243=DIRECTION('',(0.0,1.0,0.0));
#1244=ORIENTED_EDGE('',*,*,#2316,.T.);
#1245=ORIENTED_EDGE('',*,*,#2344,.F.);
#1246=ORIENTED_EDGE('',*,*,#2338,.T.);
#1247=ORIENTED_EDGE('',*,*,#2343,.T.);
#1248=CARTESIAN_POINT('',(2.8575,-1.190625,-5.49340455858783));
#1249=DIRECTION('',(3.93593894367098E-17,-0.76604444311898,-0.642787609686537));
#1250=DIRECTION('',(4.69066937635138E-17,0.642787609686537,-0.76604444311898));
#1251=ORIENTED_EDGE('',*,*,#2315,.T.);
#1252=ORIENTED_EDGE('',*,*,#2345,.F.);
#1253=ORIENTED_EDGE('',*,*,#2339,.T.);
#1254=ORIENTED_EDGE('',*,*,#2344,.T.);
#1255=CARTESIAN_POINT('',(2.8575,-1.27,-3.65190455858783));
#1256=DIRECTION('',(3.89154366437166E-33,-1.0,-6.35537310362645E-17));
#1257=DIRECTION('',(6.12323399573676E-17,6.35537310362645E-17,-1.0));
#1258=ORIENTED_EDGE('',*,*,#2314,.T.);
#1259=ORIENTED_EDGE('',*,*,#2332,.F.);
#1260=ORIENTED_EDGE('',*,*,#2340,.T.);
#1261=ORIENTED_EDGE('',*,*,#2345,.T.);
#1262=CARTESIAN_POINT('',(2.8575,-0.317500000000001,-1.905));
#1263=DIRECTION('',(1.0,0.0,6.12323399573676E-17));
#1264=DIRECTION('',(6.12323399573676E-17,0.0,-1.0));
#1265=ORIENTED_EDGE('',*,*,#2320,.T.);
#1266=ORIENTED_EDGE('',*,*,#2346,.F.);
#1267=ORIENTED_EDGE('',*,*,#2334,.F.);
#1268=ORIENTED_EDGE('',*,*,#2310,.T.);
#1269=CARTESIAN_POINT('',(2.8575,-0.317500000000001,-1.905));
#1270=DIRECTION('',(1.0,0.0,6.12323399573676E-17));
#1271=DIRECTION('',(6.12323399573676E-17,0.0,-1.0));
#1272=ORIENTED_EDGE('',*,*,#2319,.T.);
#1273=ORIENTED_EDGE('',*,*,#2342,.F.);
#1274=ORIENTED_EDGE('',*,*,#2335,.T.);
#1275=ORIENTED_EDGE('',*,*,#2346,.T.);
#1276=CARTESIAN_POINT('',(2.8575,-0.635000000000001,-3.65190455858783));
#1277=DIRECTION('',(-1.94577183218583E-33,1.0,3.17768655181323E-17));
#1278=DIRECTION('',(-6.12323399573676E-17,-3.17768655181323E-17,1.0));
#1279=ORIENTED_EDGE('',*,*,#2347,.F.);
#1280=ORIENTED_EDGE('',*,*,#2348,.F.);
#1281=ORIENTED_EDGE('',*,*,#2349,.F.);
#1282=ORIENTED_EDGE('',*,*,#2350,.F.);
#1283=ORIENTED_EDGE('',*,*,#2351,.F.);
#1284=ORIENTED_EDGE('',*,*,#2328,.F.);
#1285=CARTESIAN_POINT('',(2.8575,2.57390149675014,-1.98158291006568));
#1286=DIRECTION('',(1.0,0.0,6.12323399573676E-17));
#1287=DIRECTION('',(6.12323399573676E-17,0.0,-1.0));
#1288=ORIENTED_EDGE('',*,*,#2352,.F.);
#1289=ORIENTED_EDGE('',*,*,#2326,.T.);
#1290=ORIENTED_EDGE('',*,*,#2353,.F.);
#1291=ORIENTED_EDGE('',*,*,#2348,.T.);
#1292=CARTESIAN_POINT('',(2.8575,4.19165455858783,-0.9525));
#1293=DIRECTION('',(-6.12323399573676E-17,0.0,1.0));
#1294=DIRECTION('',(0.0,-1.0,0.0));
#1295=ORIENTED_EDGE('',*,*,#2325,.T.);
#1296=ORIENTED_EDGE('',*,*,#2354,.F.);
#1297=ORIENTED_EDGE('',*,*,#2349,.T.);
#1298=ORIENTED_EDGE('',*,*,#2353,.T.);
#1299=CARTESIAN_POINT('',(2.8575,8.79540455858783,-1.031875));
#1300=DIRECTION('',(-4.69066937635136E-17,0.64278760968654,0.766044443118977));
#1301=DIRECTION('',(-3.935938943671E-17,-0.766044443118977,0.64278760968654));
#1302=ORIENTED_EDGE('',*,*,#2324,.T.);
#1303=ORIENTED_EDGE('',*,*,#2355,.F.);
#1304=ORIENTED_EDGE('',*,*,#2350,.T.);
#1305=ORIENTED_EDGE('',*,*,#2354,.T.);
#1306=CARTESIAN_POINT('',(2.8575,8.89,-1.27));
#1307=DIRECTION('',(0.0,1.0,0.0));
#1308=DIRECTION('',(-6.12323399573676E-17,0.0,1.0));
#1309=ORIENTED_EDGE('',*,*,#2323,.T.);
#1310=ORIENTED_EDGE('',*,*,#2329,.F.);
#1311=ORIENTED_EDGE('',*,*,#2351,.T.);
#1312=ORIENTED_EDGE('',*,*,#2355,.T.);
#1313=CARTESIAN_POINT('',(2.8575,8.79540455858783,-1.508125));
#1314=DIRECTION('',(4.69066937635139E-17,0.642787609686534,-0.766044443118982));
#1315=DIRECTION('',(-3.93593894367096E-17,0.766044443118982,0.642787609686534));
#1316=ORIENTED_EDGE('',*,*,#2356,.F.);
#1317=ORIENTED_EDGE('',*,*,#2357,.T.);
#1318=ORIENTED_EDGE('',*,*,#2358,.F.);
#1319=ORIENTED_EDGE('',*,*,#2359,.T.);
#1320=CARTESIAN_POINT('',(8.5725,4.19165455858783,1.5875));
#1321=DIRECTION('',(6.12323399573676E-17,6.15538351036726E-18,1.0));
#1322=DIRECTION('',(-3.76908535674783E-34,1.0,-6.15538351036726E-18));
#1323=ORIENTED_EDGE('',*,*,#2360,.F.);
#1324=ORIENTED_EDGE('',*,*,#2361,.F.);
#1325=ORIENTED_EDGE('',*,*,#2362,.F.);
#1326=ORIENTED_EDGE('',*,*,#2363,.F.);
#1327=ORIENTED_EDGE('',*,*,#2364,.F.);
#1328=ORIENTED_EDGE('',*,*,#2365,.F.);
#1329=ORIENTED_EDGE('',*,*,#2366,.F.);
#1330=ORIENTED_EDGE('',*,*,#2367,.F.);
#1331=ORIENTED_EDGE('',*,*,#2368,.F.);
#1332=ORIENTED_EDGE('',*,*,#2357,.F.);
#1333=CARTESIAN_POINT('',(7.9375,2.57390149675014,1.98158291006568));
#1334=DIRECTION('',(-1.0,0.0,6.12323399573676E-17));
#1335=DIRECTION('',(6.12323399573676E-17,0.0,1.0));
#1336=ORIENTED_EDGE('',*,*,#2369,.F.);
#1337=ORIENTED_EDGE('',*,*,#2370,.F.);
#1338=ORIENTED_EDGE('',*,*,#2371,.F.);
#1339=ORIENTED_EDGE('',*,*,#2372,.F.);
#1340=ORIENTED_EDGE('',*,*,#2373,.F.);
#1341=ORIENTED_EDGE('',*,*,#2374,.F.);
#1342=CARTESIAN_POINT('',(7.9375,2.57390149675014,1.98158291006568));
#1343=DIRECTION('',(-1.0,0.0,6.12323399573676E-17));
#1344=DIRECTION('',(6.12323399573676E-17,0.0,1.0));
#1345=ORIENTED_EDGE('',*,*,#2375,.F.);
#1346=ORIENTED_EDGE('',*,*,#2376,.T.);
#1347=ORIENTED_EDGE('',*,*,#2377,.T.);
#1348=ORIENTED_EDGE('',*,*,#2370,.T.);
#1349=CARTESIAN_POINT('',(8.5725,4.19165455858783,1.5875));
#1350=DIRECTION('',(6.12323399573676E-17,6.15538351036726E-18,1.0));
#1351=DIRECTION('',(-3.76908535674783E-34,1.0,-6.15538351036726E-18));
#1352=ORIENTED_EDGE('',*,*,#2378,.F.);
#1353=ORIENTED_EDGE('',*,*,#2379,.T.);
#1354=ORIENTED_EDGE('',*,*,#2380,.T.);
#1355=ORIENTED_EDGE('',*,*,#2361,.T.);
#1356=CARTESIAN_POINT('',(8.5725,4.19165455858783,0.9525));
#1357=DIRECTION('',(-6.12323399573676E-17,-0.0,-1.0));
#1358=DIRECTION('',(0.0,-1.0,0.0));
#1359=ORIENTED_EDGE('',*,*,#2381,.F.);
#1360=ORIENTED_EDGE('',*,*,#2359,.F.);
#1361=ORIENTED_EDGE('',*,*,#2382,.T.);
#1362=ORIENTED_EDGE('',*,*,#2383,.F.);
#1363=ORIENTED_EDGE('',*,*,#2384,.F.);
#1364=ORIENTED_EDGE('',*,*,#2385,.F.);
#1365=ORIENTED_EDGE('',*,*,#2386,.F.);
#1366=ORIENTED_EDGE('',*,*,#2387,.F.);
#1367=ORIENTED_EDGE('',*,*,#2388,.F.);
#1368=ORIENTED_EDGE('',*,*,#2379,.F.);
#1369=CARTESIAN_POINT('',(8.5725,2.57390149675014,1.98158291006568));
#1370=DIRECTION('',(-1.0,0.0,6.12323399573676E-17));
#1371=DIRECTION('',(6.12323399573676E-17,0.0,1.0));
#1372=ORIENTED_EDGE('',*,*,#2366,.T.);
#1373=ORIENTED_EDGE('',*,*,#2389,.F.);
#1374=ORIENTED_EDGE('',*,*,#2384,.T.);
#1375=ORIENTED_EDGE('',*,*,#2390,.T.);
#1376=CARTESIAN_POINT('',(8.5725,-0.714375000000001,5.49340455858784));
#1377=DIRECTION('',(3.93593894367099E-17,0.766044443118978,0.642787609686539));
#1378=DIRECTION('',(-4.69066937635137E-17,0.642787609686539,-0.766044443118978));
#1379=ORIENTED_EDGE('',*,*,#2365,.T.);
#1380=ORIENTED_EDGE('',*,*,#2391,.F.);
#1381=ORIENTED_EDGE('',*,*,#2385,.T.);
#1382=ORIENTED_EDGE('',*,*,#2389,.T.);
#1383=CARTESIAN_POINT('',(8.5725,-0.952500000000001,5.588));
#1384=DIRECTION('',(6.12323399573676E-17,-0.0,1.0));
#1385=DIRECTION('',(0.0,1.0,0.0));
#1386=ORIENTED_EDGE('',*,*,#2364,.T.);
#1387=ORIENTED_EDGE('',*,*,#2392,.F.);
#1388=ORIENTED_EDGE('',*,*,#2386,.T.);
#1389=ORIENTED_EDGE('',*,*,#2391,.T.);
#1390=CARTESIAN_POINT('',(8.5725,-1.190625,5.49340455858783));
#1391=DIRECTION('',(3.93593894367098E-17,-0.76604444311898,0.642787609686537));
#1392=DIRECTION('',(4.69066937635138E-17,0.642787609686537,0.76604444311898));
#1393=ORIENTED_EDGE('',*,*,#2363,.T.);
#1394=ORIENTED_EDGE('',*,*,#2393,.F.);
#1395=ORIENTED_EDGE('',*,*,#2387,.T.);
#1396=ORIENTED_EDGE('',*,*,#2392,.T.);
#1397=CARTESIAN_POINT('',(8.5725,-1.27,3.65190455858783));
#1398=DIRECTION('',(3.89154366437166E-33,-1.0,6.35537310362645E-17));
#1399=DIRECTION('',(6.12323399573676E-17,6.35537310362645E-17,1.0));
#1400=ORIENTED_EDGE('',*,*,#2362,.T.);
#1401=ORIENTED_EDGE('',*,*,#2380,.F.);
#1402=ORIENTED_EDGE('',*,*,#2388,.T.);
#1403=ORIENTED_EDGE('',*,*,#2393,.T.);
#1404=CARTESIAN_POINT('',(8.5725,-0.317500000000001,1.905));
#1405=DIRECTION('',(-1.0,0.0,6.12323399573676E-17));
#1406=DIRECTION('',(6.12323399573676E-17,0.0,1.0));
#1407=ORIENTED_EDGE('',*,*,#2368,.T.);
#1408=ORIENTED_EDGE('',*,*,#2394,.F.);
#1409=ORIENTED_EDGE('',*,*,#2382,.F.);
#1410=ORIENTED_EDGE('',*,*,#2358,.T.);
#1411=CARTESIAN_POINT('',(8.5725,-0.317500000000001,1.905));
#1412=DIRECTION('',(-1.0,0.0,6.12323399573676E-17));
#1413=DIRECTION('',(6.12323399573676E-17,0.0,1.0));
#1414=ORIENTED_EDGE('',*,*,#2367,.T.);
#1415=ORIENTED_EDGE('',*,*,#2390,.F.);
#1416=ORIENTED_EDGE('',*,*,#2383,.T.);
#1417=ORIENTED_EDGE('',*,*,#2394,.T.);
#1418=CARTESIAN_POINT('',(8.5725,-0.635000000000001,3.65190455858783));
#1419=DIRECTION('',(-1.94577183218583E-33,1.0,-3.17768655181323E-17));
#1420=DIRECTION('',(-6.12323399573676E-17,-3.17768655181323E-17,-1.0));
#1421=ORIENTED_EDGE('',*,*,#2395,.F.);
#1422=ORIENTED_EDGE('',*,*,#2396,.F.);
#1423=ORIENTED_EDGE('',*,*,#2397,.F.);
#1424=ORIENTED_EDGE('',*,*,#2398,.F.);
#1425=ORIENTED_EDGE('',*,*,#2399,.F.);
#1426=ORIENTED_EDGE('',*,*,#2376,.F.);
#1427=CARTESIAN_POINT('',(8.5725,2.57390149675014,1.98158291006568));
#1428=DIRECTION('',(-1.0,0.0,6.12323399573676E-17));
#1429=DIRECTION('',(6.12323399573676E-17,0.0,1.0));
#1430=ORIENTED_EDGE('',*,*,#2400,.F.);
#1431=ORIENTED_EDGE('',*,*,#2374,.T.);
#1432=ORIENTED_EDGE('',*,*,#2401,.F.);
#1433=ORIENTED_EDGE('',*,*,#2396,.T.);
#1434=CARTESIAN_POINT('',(8.5725,4.19165455858783,0.9525));
#1435=DIRECTION('',(-6.12323399573676E-17,-0.0,-1.0));
#1436=DIRECTION('',(0.0,-1.0,0.0));
#1437=ORIENTED_EDGE('',*,*,#2373,.T.);
#1438=ORIENTED_EDGE('',*,*,#2402,.F.);
#1439=ORIENTED_EDGE('',*,*,#2397,.T.);
#1440=ORIENTED_EDGE('',*,*,#2401,.T.);
#1441=CARTESIAN_POINT('',(8.5725,8.79540455858783,1.031875));
#1442=DIRECTION('',(-4.69066937635136E-17,0.64278760968654,-0.766044443118977));
#1443=DIRECTION('',(-3.935938943671E-17,-0.766044443118977,-0.64278760968654));
#1444=ORIENTED_EDGE('',*,*,#2372,.T.);
#1445=ORIENTED_EDGE('',*,*,#2403,.F.);
#1446=ORIENTED_EDGE('',*,*,#2398,.T.);
#1447=ORIENTED_EDGE('',*,*,#2402,.T.);
#1448=CARTESIAN_POINT('',(8.5725,8.89,1.27));
#1449=DIRECTION('',(0.0,1.0,0.0));
#1450=DIRECTION('',(-6.12323399573676E-17,0.0,-1.0));
#1451=ORIENTED_EDGE('',*,*,#2371,.T.);
#1452=ORIENTED_EDGE('',*,*,#2377,.F.);
#1453=ORIENTED_EDGE('',*,*,#2399,.T.);
#1454=ORIENTED_EDGE('',*,*,#2403,.T.);
#1455=CARTESIAN_POINT('',(8.5725,8.79540455858783,1.508125));
#1456=DIRECTION('',(4.69066937635139E-17,0.642787609686534,0.766044443118982));
#1457=DIRECTION('',(-3.93593894367096E-17,0.766044443118982,-0.642787609686534));
#1458=ORIENTED_EDGE('',*,*,#2404,.F.);
#1459=ORIENTED_EDGE('',*,*,#2405,.T.);
#1460=ORIENTED_EDGE('',*,*,#2406,.F.);
#1461=ORIENTED_EDGE('',*,*,#2407,.T.);
#1462=CARTESIAN_POINT('',(6.0325,4.19165455858783,1.5875));
#1463=DIRECTION('',(6.12323399573676E-17,6.15538351036726E-18,1.0));
#1464=DIRECTION('',(-3.76908535674783E-34,1.0,-6.15538351036726E-18));
#1465=ORIENTED_EDGE('',*,*,#2408,.F.);
#1466=ORIENTED_EDGE('',*,*,#2409,.F.);
#1467=ORIENTED_EDGE('',*,*,#2410,.F.);
#1468=ORIENTED_EDGE('',*,*,#2411,.F.);
#1469=ORIENTED_EDGE('',*,*,#2412,.F.);
#1470=ORIENTED_EDGE('',*,*,#2413,.F.);
#1471=ORIENTED_EDGE('',*,*,#2414,.F.);
#1472=ORIENTED_EDGE('',*,*,#2415,.F.);
#1473=ORIENTED_EDGE('',*,*,#2416,.F.);
#1474=ORIENTED_EDGE('',*,*,#2405,.F.);
#1475=CARTESIAN_POINT('',(5.3975,2.57390149675014,1.98158291006568));
#1476=DIRECTION('',(-1.0,0.0,6.12323399573676E-17));
#1477=DIRECTION('',(6.12323399573676E-17,0.0,1.0));
#1478=ORIENTED_EDGE('',*,*,#2417,.F.);
#1479=ORIENTED_EDGE('',*,*,#2418,.F.);
#1480=ORIENTED_EDGE('',*,*,#2419,.F.);
#1481=ORIENTED_EDGE('',*,*,#2420,.F.);
#1482=ORIENTED_EDGE('',*,*,#2421,.F.);
#1483=ORIENTED_EDGE('',*,*,#2422,.F.);
#1484=CARTESIAN_POINT('',(5.3975,2.57390149675014,1.98158291006568));
#1485=DIRECTION('',(-1.0,0.0,6.12323399573676E-17));
#1486=DIRECTION('',(6.12323399573676E-17,0.0,1.0));
#1487=ORIENTED_EDGE('',*,*,#2423,.F.);
#1488=ORIENTED_EDGE('',*,*,#2424,.T.);
#1489=ORIENTED_EDGE('',*,*,#2425,.T.);
#1490=ORIENTED_EDGE('',*,*,#2418,.T.);
#1491=CARTESIAN_POINT('',(6.0325,4.19165455858783,1.5875));
#1492=DIRECTION('',(6.12323399573676E-17,6.15538351036726E-18,1.0));
#1493=DIRECTION('',(-3.76908535674783E-34,1.0,-6.15538351036726E-18));
#1494=ORIENTED_EDGE('',*,*,#2426,.F.);
#1495=ORIENTED_EDGE('',*,*,#2427,.T.);
#1496=ORIENTED_EDGE('',*,*,#2428,.T.);
#1497=ORIENTED_EDGE('',*,*,#2409,.T.);
#1498=CARTESIAN_POINT('',(6.0325,4.19165455858783,0.9525));
#1499=DIRECTION('',(-6.12323399573676E-17,-0.0,-1.0));
#1500=DIRECTION('',(0.0,-1.0,0.0));
#1501=ORIENTED_EDGE('',*,*,#2429,.F.);
#1502=ORIENTED_EDGE('',*,*,#2407,.F.);
#1503=ORIENTED_EDGE('',*,*,#2430,.T.);
#1504=ORIENTED_EDGE('',*,*,#2431,.F.);
#1505=ORIENTED_EDGE('',*,*,#2432,.F.);
#1506=ORIENTED_EDGE('',*,*,#2433,.F.);
#1507=ORIENTED_EDGE('',*,*,#2434,.F.);
#1508=ORIENTED_EDGE('',*,*,#2435,.F.);
#1509=ORIENTED_EDGE('',*,*,#2436,.F.);
#1510=ORIENTED_EDGE('',*,*,#2427,.F.);
#1511=CARTESIAN_POINT('',(6.0325,2.57390149675014,1.98158291006568));
#1512=DIRECTION('',(-1.0,0.0,6.12323399573676E-17));
#1513=DIRECTION('',(6.12323399573676E-17,0.0,1.0));
#1514=ORIENTED_EDGE('',*,*,#2414,.T.);
#1515=ORIENTED_EDGE('',*,*,#2437,.F.);
#1516=ORIENTED_EDGE('',*,*,#2432,.T.);
#1517=ORIENTED_EDGE('',*,*,#2438,.T.);
#1518=CARTESIAN_POINT('',(6.0325,-0.714375000000001,5.49340455858784));
#1519=DIRECTION('',(3.93593894367099E-17,0.766044443118978,0.642787609686539));
#1520=DIRECTION('',(-4.69066937635137E-17,0.642787609686539,-0.766044443118978));
#1521=ORIENTED_EDGE('',*,*,#2413,.T.);
#1522=ORIENTED_EDGE('',*,*,#2439,.F.);
#1523=ORIENTED_EDGE('',*,*,#2433,.T.);
#1524=ORIENTED_EDGE('',*,*,#2437,.T.);
#1525=CARTESIAN_POINT('',(6.0325,-0.952500000000001,5.588));
#1526=DIRECTION('',(6.12323399573676E-17,-0.0,1.0));
#1527=DIRECTION('',(0.0,1.0,0.0));
#1528=ORIENTED_EDGE('',*,*,#2412,.T.);
#1529=ORIENTED_EDGE('',*,*,#2440,.F.);
#1530=ORIENTED_EDGE('',*,*,#2434,.T.);
#1531=ORIENTED_EDGE('',*,*,#2439,.T.);
#1532=CARTESIAN_POINT('',(6.0325,-1.190625,5.49340455858783));
#1533=DIRECTION('',(3.93593894367098E-17,-0.76604444311898,0.642787609686537));
#1534=DIRECTION('',(4.69066937635138E-17,0.642787609686537,0.76604444311898));
#1535=ORIENTED_EDGE('',*,*,#2411,.T.);
#1536=ORIENTED_EDGE('',*,*,#2441,.F.);
#1537=ORIENTED_EDGE('',*,*,#2435,.T.);
#1538=ORIENTED_EDGE('',*,*,#2440,.T.);
#1539=CARTESIAN_POINT('',(6.0325,-1.27,3.65190455858783));
#1540=DIRECTION('',(3.89154366437166E-33,-1.0,6.35537310362645E-17));
#1541=DIRECTION('',(6.12323399573676E-17,6.35537310362645E-17,1.0));
#1542=ORIENTED_EDGE('',*,*,#2410,.T.);
#1543=ORIENTED_EDGE('',*,*,#2428,.F.);
#1544=ORIENTED_EDGE('',*,*,#2436,.T.);
#1545=ORIENTED_EDGE('',*,*,#2441,.T.);
#1546=CARTESIAN_POINT('',(6.0325,-0.317500000000001,1.905));
#1547=DIRECTION('',(-1.0,0.0,6.12323399573676E-17));
#1548=DIRECTION('',(6.12323399573676E-17,0.0,1.0));
#1549=ORIENTED_EDGE('',*,*,#2416,.T.);
#1550=ORIENTED_EDGE('',*,*,#2442,.F.);
#1551=ORIENTED_EDGE('',*,*,#2430,.F.);
#1552=ORIENTED_EDGE('',*,*,#2406,.T.);
#1553=CARTESIAN_POINT('',(6.0325,-0.317500000000001,1.905));
#1554=DIRECTION('',(-1.0,0.0,6.12323399573676E-17));
#1555=DIRECTION('',(6.12323399573676E-17,0.0,1.0));
#1556=ORIENTED_EDGE('',*,*,#2415,.T.);
#1557=ORIENTED_EDGE('',*,*,#2438,.F.);
#1558=ORIENTED_EDGE('',*,*,#2431,.T.);
#1559=ORIENTED_EDGE('',*,*,#2442,.T.);
#1560=CARTESIAN_POINT('',(6.0325,-0.635000000000001,3.65190455858783));
#1561=DIRECTION('',(-1.94577183218583E-33,1.0,-3.17768655181323E-17));
#1562=DIRECTION('',(-6.12323399573676E-17,-3.17768655181323E-17,-1.0));
#1563=ORIENTED_EDGE('',*,*,#2443,.F.);
#1564=ORIENTED_EDGE('',*,*,#2444,.F.);
#1565=ORIENTED_EDGE('',*,*,#2445,.F.);
#1566=ORIENTED_EDGE('',*,*,#2446,.F.);
#1567=ORIENTED_EDGE('',*,*,#2447,.F.);
#1568=ORIENTED_EDGE('',*,*,#2424,.F.);
#1569=CARTESIAN_POINT('',(6.0325,2.57390149675014,1.98158291006568));
#1570=DIRECTION('',(-1.0,0.0,6.12323399573676E-17));
#1571=DIRECTION('',(6.12323399573676E-17,0.0,1.0));
#1572=ORIENTED_EDGE('',*,*,#2448,.F.);
#1573=ORIENTED_EDGE('',*,*,#2422,.T.);
#1574=ORIENTED_EDGE('',*,*,#2449,.F.);
#1575=ORIENTED_EDGE('',*,*,#2444,.T.);
#1576=CARTESIAN_POINT('',(6.0325,4.19165455858783,0.9525));
#1577=DIRECTION('',(-6.12323399573676E-17,-0.0,-1.0));
#1578=DIRECTION('',(0.0,-1.0,0.0));
#1579=ORIENTED_EDGE('',*,*,#2421,.T.);
#1580=ORIENTED_EDGE('',*,*,#2450,.F.);
#1581=ORIENTED_EDGE('',*,*,#2445,.T.);
#1582=ORIENTED_EDGE('',*,*,#2449,.T.);
#1583=CARTESIAN_POINT('',(6.0325,8.79540455858783,1.031875));
#1584=DIRECTION('',(-4.69066937635136E-17,0.64278760968654,-0.766044443118977));
#1585=DIRECTION('',(-3.935938943671E-17,-0.766044443118977,-0.64278760968654));
#1586=ORIENTED_EDGE('',*,*,#2420,.T.);
#1587=ORIENTED_EDGE('',*,*,#2451,.F.);
#1588=ORIENTED_EDGE('',*,*,#2446,.T.);
#1589=ORIENTED_EDGE('',*,*,#2450,.T.);
#1590=CARTESIAN_POINT('',(6.0325,8.89,1.27));
#1591=DIRECTION('',(0.0,1.0,0.0));
#1592=DIRECTION('',(-6.12323399573676E-17,0.0,-1.0));
#1593=ORIENTED_EDGE('',*,*,#2419,.T.);
#1594=ORIENTED_EDGE('',*,*,#2425,.F.);
#1595=ORIENTED_EDGE('',*,*,#2447,.T.);
#1596=ORIENTED_EDGE('',*,*,#2451,.T.);
#1597=CARTESIAN_POINT('',(6.0325,8.79540455858783,1.508125));
#1598=DIRECTION('',(4.69066937635139E-17,0.642787609686534,0.766044443118982));
#1599=DIRECTION('',(-3.93593894367096E-17,0.766044443118982,-0.642787609686534));
#1600=ORIENTED_EDGE('',*,*,#2452,.F.);
#1601=ORIENTED_EDGE('',*,*,#2453,.T.);
#1602=ORIENTED_EDGE('',*,*,#2454,.F.);
#1603=ORIENTED_EDGE('',*,*,#2455,.T.);
#1604=CARTESIAN_POINT('',(3.4925,4.19165455858783,1.5875));
#1605=DIRECTION('',(6.12323399573676E-17,6.15538351036726E-18,1.0));
#1606=DIRECTION('',(-3.76908535674783E-34,1.0,-6.15538351036726E-18));
#1607=ORIENTED_EDGE('',*,*,#2456,.F.);
#1608=ORIENTED_EDGE('',*,*,#2457,.F.);
#1609=ORIENTED_EDGE('',*,*,#2458,.F.);
#1610=ORIENTED_EDGE('',*,*,#2459,.F.);
#1611=ORIENTED_EDGE('',*,*,#2460,.F.);
#1612=ORIENTED_EDGE('',*,*,#2461,.F.);
#1613=ORIENTED_EDGE('',*,*,#2462,.F.);
#1614=ORIENTED_EDGE('',*,*,#2463,.F.);
#1615=ORIENTED_EDGE('',*,*,#2464,.F.);
#1616=ORIENTED_EDGE('',*,*,#2453,.F.);
#1617=CARTESIAN_POINT('',(2.8575,2.57390149675014,1.98158291006568));
#1618=DIRECTION('',(-1.0,0.0,6.12323399573676E-17));
#1619=DIRECTION('',(6.12323399573676E-17,0.0,1.0));
#1620=ORIENTED_EDGE('',*,*,#2465,.F.);
#1621=ORIENTED_EDGE('',*,*,#2466,.F.);
#1622=ORIENTED_EDGE('',*,*,#2467,.F.);
#1623=ORIENTED_EDGE('',*,*,#2468,.F.);
#1624=ORIENTED_EDGE('',*,*,#2469,.F.);
#1625=ORIENTED_EDGE('',*,*,#2470,.F.);
#1626=CARTESIAN_POINT('',(2.8575,2.57390149675014,1.98158291006568));
#1627=DIRECTION('',(-1.0,0.0,6.12323399573676E-17));
#1628=DIRECTION('',(6.12323399573676E-17,0.0,1.0));
#1629=ORIENTED_EDGE('',*,*,#2471,.F.);
#1630=ORIENTED_EDGE('',*,*,#2472,.T.);
#1631=ORIENTED_EDGE('',*,*,#2473,.T.);
#1632=ORIENTED_EDGE('',*,*,#2466,.T.);
#1633=CARTESIAN_POINT('',(3.4925,4.19165455858783,1.5875));
#1634=DIRECTION('',(6.12323399573676E-17,6.15538351036726E-18,1.0));
#1635=DIRECTION('',(-3.76908535674783E-34,1.0,-6.15538351036726E-18));
#1636=ORIENTED_EDGE('',*,*,#2474,.F.);
#1637=ORIENTED_EDGE('',*,*,#2475,.T.);
#1638=ORIENTED_EDGE('',*,*,#2476,.T.);
#1639=ORIENTED_EDGE('',*,*,#2457,.T.);
#1640=CARTESIAN_POINT('',(3.4925,4.19165455858783,0.9525));
#1641=DIRECTION('',(-6.12323399573676E-17,-0.0,-1.0));
#1642=DIRECTION('',(0.0,-1.0,0.0));
#1643=ORIENTED_EDGE('',*,*,#2477,.F.);
#1644=ORIENTED_EDGE('',*,*,#2455,.F.);
#1645=ORIENTED_EDGE('',*,*,#2478,.T.);
#1646=ORIENTED_EDGE('',*,*,#2479,.F.);
#1647=ORIENTED_EDGE('',*,*,#2480,.F.);
#1648=ORIENTED_EDGE('',*,*,#2481,.F.);
#1649=ORIENTED_EDGE('',*,*,#2482,.F.);
#1650=ORIENTED_EDGE('',*,*,#2483,.F.);
#1651=ORIENTED_EDGE('',*,*,#2484,.F.);
#1652=ORIENTED_EDGE('',*,*,#2475,.F.);
#1653=CARTESIAN_POINT('',(3.4925,2.57390149675014,1.98158291006568));
#1654=DIRECTION('',(-1.0,0.0,6.12323399573676E-17));
#1655=DIRECTION('',(6.12323399573676E-17,0.0,1.0));
#1656=ORIENTED_EDGE('',*,*,#2462,.T.);
#1657=ORIENTED_EDGE('',*,*,#2485,.F.);
#1658=ORIENTED_EDGE('',*,*,#2480,.T.);
#1659=ORIENTED_EDGE('',*,*,#2486,.T.);
#1660=CARTESIAN_POINT('',(3.4925,-0.714375000000001,5.49340455858784));
#1661=DIRECTION('',(3.93593894367099E-17,0.766044443118978,0.642787609686539));
#1662=DIRECTION('',(-4.69066937635137E-17,0.642787609686539,-0.766044443118978));
#1663=ORIENTED_EDGE('',*,*,#2461,.T.);
#1664=ORIENTED_EDGE('',*,*,#2487,.F.);
#1665=ORIENTED_EDGE('',*,*,#2481,.T.);
#1666=ORIENTED_EDGE('',*,*,#2485,.T.);
#1667=CARTESIAN_POINT('',(3.4925,-0.952500000000001,5.588));
#1668=DIRECTION('',(6.12323399573676E-17,-0.0,1.0));
#1669=DIRECTION('',(0.0,1.0,0.0));
#1670=ORIENTED_EDGE('',*,*,#2460,.T.);
#1671=ORIENTED_EDGE('',*,*,#2488,.F.);
#1672=ORIENTED_EDGE('',*,*,#2482,.T.);
#1673=ORIENTED_EDGE('',*,*,#2487,.T.);
#1674=CARTESIAN_POINT('',(3.4925,-1.190625,5.49340455858783));
#1675=DIRECTION('',(3.93593894367098E-17,-0.76604444311898,0.642787609686537));
#1676=DIRECTION('',(4.69066937635138E-17,0.642787609686537,0.76604444311898));
#1677=ORIENTED_EDGE('',*,*,#2459,.T.);
#1678=ORIENTED_EDGE('',*,*,#2489,.F.);
#1679=ORIENTED_EDGE('',*,*,#2483,.T.);
#1680=ORIENTED_EDGE('',*,*,#2488,.T.);
#1681=CARTESIAN_POINT('',(3.4925,-1.27,3.65190455858783));
#1682=DIRECTION('',(3.89154366437166E-33,-1.0,6.35537310362645E-17));
#1683=DIRECTION('',(6.12323399573676E-17,6.35537310362645E-17,1.0));
#1684=ORIENTED_EDGE('',*,*,#2458,.T.);
#1685=ORIENTED_EDGE('',*,*,#2476,.F.);
#1686=ORIENTED_EDGE('',*,*,#2484,.T.);
#1687=ORIENTED_EDGE('',*,*,#2489,.T.);
#1688=CARTESIAN_POINT('',(3.4925,-0.317500000000001,1.905));
#1689=DIRECTION('',(-1.0,0.0,6.12323399573676E-17));
#1690=DIRECTION('',(6.12323399573676E-17,0.0,1.0));
#1691=ORIENTED_EDGE('',*,*,#2464,.T.);
#1692=ORIENTED_EDGE('',*,*,#2490,.F.);
#1693=ORIENTED_EDGE('',*,*,#2478,.F.);
#1694=ORIENTED_EDGE('',*,*,#2454,.T.);
#1695=CARTESIAN_POINT('',(3.4925,-0.317500000000001,1.905));
#1696=DIRECTION('',(-1.0,0.0,6.12323399573676E-17));
#1697=DIRECTION('',(6.12323399573676E-17,0.0,1.0));
#1698=ORIENTED_EDGE('',*,*,#2463,.T.);
#1699=ORIENTED_EDGE('',*,*,#2486,.F.);
#1700=ORIENTED_EDGE('',*,*,#2479,.T.);
#1701=ORIENTED_EDGE('',*,*,#2490,.T.);
#1702=CARTESIAN_POINT('',(3.4925,-0.635000000000001,3.65190455858783));
#1703=DIRECTION('',(-1.94577183218583E-33,1.0,-3.17768655181323E-17));
#1704=DIRECTION('',(-6.12323399573676E-17,-3.17768655181323E-17,-1.0));
#1705=ORIENTED_EDGE('',*,*,#2491,.F.);
#1706=ORIENTED_EDGE('',*,*,#2492,.F.);
#1707=ORIENTED_EDGE('',*,*,#2493,.F.);
#1708=ORIENTED_EDGE('',*,*,#2494,.F.);
#1709=ORIENTED_EDGE('',*,*,#2495,.F.);
#1710=ORIENTED_EDGE('',*,*,#2472,.F.);
#1711=CARTESIAN_POINT('',(3.4925,2.57390149675014,1.98158291006568));
#1712=DIRECTION('',(-1.0,0.0,6.12323399573676E-17));
#1713=DIRECTION('',(6.12323399573676E-17,0.0,1.0));
#1714=ORIENTED_EDGE('',*,*,#2496,.F.);
#1715=ORIENTED_EDGE('',*,*,#2470,.T.);
#1716=ORIENTED_EDGE('',*,*,#2497,.F.);
#1717=ORIENTED_EDGE('',*,*,#2492,.T.);
#1718=CARTESIAN_POINT('',(3.4925,4.19165455858783,0.9525));
#1719=DIRECTION('',(-6.12323399573676E-17,-0.0,-1.0));
#1720=DIRECTION('',(0.0,-1.0,0.0));
#1721=ORIENTED_EDGE('',*,*,#2469,.T.);
#1722=ORIENTED_EDGE('',*,*,#2498,.F.);
#1723=ORIENTED_EDGE('',*,*,#2493,.T.);
#1724=ORIENTED_EDGE('',*,*,#2497,.T.);
#1725=CARTESIAN_POINT('',(3.4925,8.79540455858783,1.031875));
#1726=DIRECTION('',(-4.69066937635136E-17,0.64278760968654,-0.766044443118977));
#1727=DIRECTION('',(-3.935938943671E-17,-0.766044443118977,-0.64278760968654));
#1728=ORIENTED_EDGE('',*,*,#2468,.T.);
#1729=ORIENTED_EDGE('',*,*,#2499,.F.);
#1730=ORIENTED_EDGE('',*,*,#2494,.T.);
#1731=ORIENTED_EDGE('',*,*,#2498,.T.);
#1732=CARTESIAN_POINT('',(3.4925,8.89,1.27));
#1733=DIRECTION('',(0.0,1.0,0.0));
#1734=DIRECTION('',(-6.12323399573676E-17,0.0,-1.0));
#1735=ORIENTED_EDGE('',*,*,#2467,.T.);
#1736=ORIENTED_EDGE('',*,*,#2473,.F.);
#1737=ORIENTED_EDGE('',*,*,#2495,.T.);
#1738=ORIENTED_EDGE('',*,*,#2499,.T.);
#1739=CARTESIAN_POINT('',(3.4925,8.79540455858783,1.508125));
#1740=DIRECTION('',(4.69066937635139E-17,0.642787609686534,0.766044443118982));
#1741=DIRECTION('',(-3.93593894367096E-17,0.766044443118982,-0.642787609686534));
#1742=ORIENTED_EDGE('',*,*,#2500,.F.);
#1743=ORIENTED_EDGE('',*,*,#2501,.T.);
#1744=ORIENTED_EDGE('',*,*,#2502,.T.);
#1745=ORIENTED_EDGE('',*,*,#2503,.F.);
#1746=CARTESIAN_POINT('',(1.1843278313084,7.3681043674065,4.5085));
#1747=DIRECTION('',(-0.966234939601246,-0.257662650560332,0.0));
#1748=DIRECTION('',(0.257662650560332,-0.966234939601246,0.0));
#1749=ORIENTED_EDGE('',*,*,#2504,.F.);
#1750=ORIENTED_EDGE('',*,*,#2505,.T.);
#1751=ORIENTED_EDGE('',*,*,#2506,.T.);
#1752=ORIENTED_EDGE('',*,*,#2501,.F.);
#1753=CARTESIAN_POINT('',(1.9906721686916,7.3681043674065,4.5085));
#1754=DIRECTION('',(0.966234939601246,-0.257662650560332,0.0));
#1755=DIRECTION('',(0.257662650560332,0.966234939601246,0.0));
#1756=ORIENTED_EDGE('',*,*,#2507,.F.);
#1757=ORIENTED_EDGE('',*,*,#2503,.T.);
#1758=ORIENTED_EDGE('',*,*,#2508,.T.);
#1759=ORIENTED_EDGE('',*,*,#2505,.F.);
#1760=CARTESIAN_POINT('',(1.5875,8.88,4.5085));
#1761=DIRECTION('',(-1.2908059712602E-16,1.0,0.0));
#1762=DIRECTION('',(-1.0,-1.2908059712602E-16,-0.0));
#1763=ORIENTED_EDGE('',*,*,#2506,.F.);
#1764=ORIENTED_EDGE('',*,*,#2508,.F.);
#1765=ORIENTED_EDGE('',*,*,#2502,.F.);
#1766=CARTESIAN_POINT('',(1.5875,7.6778528010513,4.7625));
#1767=DIRECTION('',(0.0,0.0,1.0));
#1768=DIRECTION('',(1.0,0.0,0.0));
#1769=ORIENTED_EDGE('',*,*,#2509,.F.);
#1770=ORIENTED_EDGE('',*,*,#2510,.F.);
#1771=ORIENTED_EDGE('',*,*,#2511,.F.);
#1772=ORIENTED_EDGE('',*,*,#2512,.F.);
#1773=ORIENTED_EDGE('',*,*,#2513,.F.);
#1774=ORIENTED_EDGE('',*,*,#2514,.F.);
#1775=CARTESIAN_POINT('',(11.159,2.54,-1.651));
#1776=DIRECTION('',(1.22464679914735E-16,0.0,-1.0));
#1777=DIRECTION('',(-1.0,0.0,-1.22464679914735E-16));
#1778=ORIENTED_EDGE('',*,*,#2515,.F.);
#1779=ORIENTED_EDGE('',*,*,#2513,.T.);
#1780=ORIENTED_EDGE('',*,*,#2516,.F.);
#1781=ORIENTED_EDGE('',*,*,#2517,.T.);
#1782=CARTESIAN_POINT('',(10.159,2.54,5.44233037541084E-16));
#1783=DIRECTION('',(1.0,0.0,1.22464679914735E-16));
#1784=DIRECTION('',(1.22464679914735E-16,0.0,-1.0));
#1785=ORIENTED_EDGE('',*,*,#2518,.F.);
#1786=ORIENTED_EDGE('',*,*,#2519,.F.);
#1787=ORIENTED_EDGE('',*,*,#2517,.F.);
#1788=ORIENTED_EDGE('',*,*,#2520,.F.);
#1789=ORIENTED_EDGE('',*,*,#2521,.F.);
#1790=ORIENTED_EDGE('',*,*,#2522,.F.);
#1791=CARTESIAN_POINT('',(11.159,2.54,1.651));
#1792=DIRECTION('',(1.22464679914735E-16,0.0,-1.0));
#1793=DIRECTION('',(-1.0,0.0,-1.22464679914735E-16));
#1794=ORIENTED_EDGE('',*,*,#2523,.F.);
#1795=ORIENTED_EDGE('',*,*,#2522,.T.);
#1796=ORIENTED_EDGE('',*,*,#2524,.F.);
#1797=ORIENTED_EDGE('',*,*,#2510,.T.);
#1798=CARTESIAN_POINT('',(11.159,6.35,6.66697717455819E-16));
#1799=DIRECTION('',(-0.0,-1.0,0.0));
#1800=DIRECTION('',(-1.22464679914735E-16,0.0,1.0));
#1801=ORIENTED_EDGE('',*,*,#2216,.T.);
#1802=ORIENTED_EDGE('',*,*,#2212,.T.);
#1803=ORIENTED_EDGE('',*,*,#2237,.T.);
#1804=ORIENTED_EDGE('',*,*,#2234,.T.);
#1805=ORIENTED_EDGE('',*,*,#2264,.T.);
#1806=ORIENTED_EDGE('',*,*,#2260,.T.);
#1807=ORIENTED_EDGE('',*,*,#2285,.T.);
#1808=ORIENTED_EDGE('',*,*,#2282,.T.);
#1809=ORIENTED_EDGE('',*,*,#2312,.T.);
#1810=ORIENTED_EDGE('',*,*,#2308,.T.);
#1811=ORIENTED_EDGE('',*,*,#2333,.T.);
#1812=ORIENTED_EDGE('',*,*,#2330,.T.);
#1813=ORIENTED_EDGE('',*,*,#2360,.T.);
#1814=ORIENTED_EDGE('',*,*,#2356,.T.);
#1815=ORIENTED_EDGE('',*,*,#2381,.T.);
#1816=ORIENTED_EDGE('',*,*,#2378,.T.);
#1817=ORIENTED_EDGE('',*,*,#2408,.T.);
#1818=ORIENTED_EDGE('',*,*,#2404,.T.);
#1819=ORIENTED_EDGE('',*,*,#2429,.T.);
#1820=ORIENTED_EDGE('',*,*,#2426,.T.);
#1821=ORIENTED_EDGE('',*,*,#2456,.T.);
#1822=ORIENTED_EDGE('',*,*,#2452,.T.);
#1823=ORIENTED_EDGE('',*,*,#2477,.T.);
#1824=ORIENTED_EDGE('',*,*,#2474,.T.);
#1825=ORIENTED_EDGE('',*,*,#2514,.T.);
#1826=ORIENTED_EDGE('',*,*,#2515,.T.);
#1827=ORIENTED_EDGE('',*,*,#2519,.T.);
#1828=ORIENTED_EDGE('',*,*,#2525,.F.);
#1829=ORIENTED_EDGE('',*,*,#2526,.F.);
#1830=ORIENTED_EDGE('',*,*,#2527,.F.);
#1831=ORIENTED_EDGE('',*,*,#2528,.T.);
#1832=ORIENTED_EDGE('',*,*,#2529,.T.);
#1833=ORIENTED_EDGE('',*,*,#2530,.T.);
#1834=ORIENTED_EDGE('',*,*,#2531,.F.);
#1835=ORIENTED_EDGE('',*,*,#2532,.F.);
#1836=ORIENTED_EDGE('',*,*,#2533,.F.);
#1837=ORIENTED_EDGE('',*,*,#2534,.F.);
#1838=ORIENTED_EDGE('',*,*,#2535,.T.);
#1839=ORIENTED_EDGE('',*,*,#2536,.T.);
#1840=ORIENTED_EDGE('',*,*,#2537,.T.);
#1841=ORIENTED_EDGE('',*,*,#2538,.F.);
#1842=ORIENTED_EDGE('',*,*,#2539,.F.);
#1843=ORIENTED_EDGE('',*,*,#2540,.F.);
#1844=ORIENTED_EDGE('',*,*,#2541,.F.);
#1845=ORIENTED_EDGE('',*,*,#2542,.T.);
#1846=ORIENTED_EDGE('',*,*,#2543,.T.);
#1847=ORIENTED_EDGE('',*,*,#2544,.T.);
#1848=ORIENTED_EDGE('',*,*,#2545,.T.);
#1849=ORIENTED_EDGE('',*,*,#2546,.T.);
#1850=ORIENTED_EDGE('',*,*,#2547,.T.);
#1851=ORIENTED_EDGE('',*,*,#2548,.T.);
#1852=ORIENTED_EDGE('',*,*,#2549,.T.);
#1853=CARTESIAN_POINT('',(5.715,2.90054514644976E-16,-0.101449704142012));
#1854=DIRECTION('',(-0.0,1.0,6.12323399573676E-17));
#1855=DIRECTION('',(1.0,0.0,0.0));
#1856=ORIENTED_EDGE('',*,*,#2511,.T.);
#1857=ORIENTED_EDGE('',*,*,#2524,.T.);
#1858=ORIENTED_EDGE('',*,*,#2521,.T.);
#1859=ORIENTED_EDGE('',*,*,#2550,.T.);
#1860=ORIENTED_EDGE('',*,*,#2551,.T.);
#1861=ORIENTED_EDGE('',*,*,#2552,.F.);
#1862=ORIENTED_EDGE('',*,*,#2553,.T.);
#1863=ORIENTED_EDGE('',*,*,#2554,.T.);
#1864=CARTESIAN_POINT('',(10.16,5.461,-5.5626));
#1865=DIRECTION('',(1.0,0.0,0.0));
#1866=DIRECTION('',(0.0,1.0,0.0));
#1867=ORIENTED_EDGE('',*,*,#2555,.F.);
#1868=ORIENTED_EDGE('',*,*,#2556,.T.);
#1869=ORIENTED_EDGE('',*,*,#2557,.F.);
#1870=ORIENTED_EDGE('',*,*,#2558,.T.);
#1871=CARTESIAN_POINT('',(0.270999999999999,6.35,0.0));
#1872=DIRECTION('',(0.0,-1.0,0.0));
#1873=DIRECTION('',(0.0,0.0,-1.0));
#1874=ORIENTED_EDGE('',*,*,#2559,.F.);
#1875=ORIENTED_EDGE('',*,*,#2558,.F.);
#1876=ORIENTED_EDGE('',*,*,#2560,.F.);
#1877=ORIENTED_EDGE('',*,*,#2530,.F.);
#1878=ORIENTED_EDGE('',*,*,#2561,.F.);
#1879=ORIENTED_EDGE('',*,*,#2562,.F.);
#1880=CARTESIAN_POINT('',(0.270999999999999,2.54,-1.651));
#1881=DIRECTION('',(0.0,0.0,1.0));
#1882=DIRECTION('',(1.0,0.0,0.0));
#1883=ORIENTED_EDGE('',*,*,#2563,.F.);
#1884=ORIENTED_EDGE('',*,*,#2564,.F.);
#1885=ORIENTED_EDGE('',*,*,#2565,.F.);
#1886=ORIENTED_EDGE('',*,*,#2528,.F.);
#1887=ORIENTED_EDGE('',*,*,#2566,.F.);
#1888=ORIENTED_EDGE('',*,*,#2556,.F.);
#1889=CARTESIAN_POINT('',(0.270999999999999,2.54,1.651));
#1890=DIRECTION('',(0.0,0.0,1.0));
#1891=DIRECTION('',(1.0,0.0,0.0));
#1892=ORIENTED_EDGE('',*,*,#2567,.F.);
#1893=ORIENTED_EDGE('',*,*,#2561,.T.);
#1894=ORIENTED_EDGE('',*,*,#2529,.F.);
#1895=ORIENTED_EDGE('',*,*,#2565,.T.);
#1896=CARTESIAN_POINT('',(1.271,2.54,0.0));
#1897=DIRECTION('',(-1.0,0.0,0.0));
#1898=DIRECTION('',(0.0,0.0,1.0));
#1899=ORIENTED_EDGE('',*,*,#2563,.T.);
#1900=ORIENTED_EDGE('',*,*,#2555,.T.);
#1901=ORIENTED_EDGE('',*,*,#2559,.T.);
#1902=ORIENTED_EDGE('',*,*,#2568,.F.);
#1903=ORIENTED_EDGE('',*,*,#2569,.T.);
#1904=ORIENTED_EDGE('',*,*,#2570,.T.);
#1905=ORIENTED_EDGE('',*,*,#2571,.T.);
#1906=ORIENTED_EDGE('',*,*,#2572,.F.);
#1907=CARTESIAN_POINT('',(1.27,5.461,-5.5626));
#1908=DIRECTION('',(-1.0,0.0,0.0));
#1909=DIRECTION('',(0.0,-1.0,0.0));
#1910=ORIENTED_EDGE('',*,*,#2573,.F.);
#1911=ORIENTED_EDGE('',*,*,#2574,.T.);
#1912=ORIENTED_EDGE('',*,*,#2575,.T.);
#1913=ORIENTED_EDGE('',*,*,#2576,.F.);
#1914=ORIENTED_EDGE('',*,*,#2577,.F.);
#1915=ORIENTED_EDGE('',*,*,#2578,.F.);
#1916=ORIENTED_EDGE('',*,*,#2579,.F.);
#1917=CARTESIAN_POINT('',(3.683,5.715,4.7615));
#1918=DIRECTION('',(1.0,0.0,0.0));
#1919=DIRECTION('',(0.0,0.0,-1.0));
#1920=ORIENTED_EDGE('',*,*,#2580,.F.);
#1921=ORIENTED_EDGE('',*,*,#2575,.F.);
#1922=ORIENTED_EDGE('',*,*,#2581,.F.);
#1923=ORIENTED_EDGE('',*,*,#2582,.F.);
#1924=CARTESIAN_POINT('',(5.715,5.715,3.174));
#1925=DIRECTION('',(0.0,0.0,1.0));
#1926=DIRECTION('',(1.0,0.0,0.0));
#1927=ORIENTED_EDGE('',*,*,#2583,.F.);
#1928=ORIENTED_EDGE('',*,*,#2584,.T.);
#1929=ORIENTED_EDGE('',*,*,#2581,.T.);
#1930=ORIENTED_EDGE('',*,*,#2574,.F.);
#1931=CARTESIAN_POINT('',(5.715,1.27,4.7615));
#1932=DIRECTION('',(0.0,1.0,0.0));
#1933=DIRECTION('',(0.0,0.0,1.0));
#1934=ORIENTED_EDGE('',*,*,#2585,.F.);
#1935=ORIENTED_EDGE('',*,*,#2586,.F.);
#1936=ORIENTED_EDGE('',*,*,#2587,.F.);
#1937=ORIENTED_EDGE('',*,*,#2588,.F.);
#1938=ORIENTED_EDGE('',*,*,#2589,.F.);
#1939=ORIENTED_EDGE('',*,*,#2582,.T.);
#1940=ORIENTED_EDGE('',*,*,#2584,.F.);
#1941=CARTESIAN_POINT('',(7.747,5.715,4.7615));
#1942=DIRECTION('',(-1.0,0.0,0.0));
#1943=DIRECTION('',(0.0,0.0,1.0));
#1944=ORIENTED_EDGE('',*,*,#2231,.T.);
#1945=ORIENTED_EDGE('',*,*,#2225,.T.);
#1946=ORIENTED_EDGE('',*,*,#2256,.T.);
#1947=ORIENTED_EDGE('',*,*,#2251,.T.);
#1948=ORIENTED_EDGE('',*,*,#2279,.T.);
#1949=ORIENTED_EDGE('',*,*,#2273,.T.);
#1950=ORIENTED_EDGE('',*,*,#2304,.T.);
#1951=ORIENTED_EDGE('',*,*,#2299,.T.);
#1952=ORIENTED_EDGE('',*,*,#2327,.T.);
#1953=ORIENTED_EDGE('',*,*,#2321,.T.);
#1954=ORIENTED_EDGE('',*,*,#2352,.T.);
#1955=ORIENTED_EDGE('',*,*,#2347,.T.);
#1956=ORIENTED_EDGE('',*,*,#2375,.T.);
#1957=ORIENTED_EDGE('',*,*,#2369,.T.);
#1958=ORIENTED_EDGE('',*,*,#2400,.T.);
#1959=ORIENTED_EDGE('',*,*,#2395,.T.);
#1960=ORIENTED_EDGE('',*,*,#2423,.T.);
#1961=ORIENTED_EDGE('',*,*,#2417,.T.);
#1962=ORIENTED_EDGE('',*,*,#2448,.T.);
#1963=ORIENTED_EDGE('',*,*,#2443,.T.);
#1964=ORIENTED_EDGE('',*,*,#2471,.T.);
#1965=ORIENTED_EDGE('',*,*,#2465,.T.);
#1966=ORIENTED_EDGE('',*,*,#2496,.T.);
#1967=ORIENTED_EDGE('',*,*,#2491,.T.);
#1968=ORIENTED_EDGE('',*,*,#2512,.T.);
#1969=ORIENTED_EDGE('',*,*,#2554,.F.);
#1970=ORIENTED_EDGE('',*,*,#2590,.T.);
#1971=ORIENTED_EDGE('',*,*,#2568,.T.);
#1972=ORIENTED_EDGE('',*,*,#2562,.T.);
#1973=ORIENTED_EDGE('',*,*,#2567,.T.);
#1974=ORIENTED_EDGE('',*,*,#2564,.T.);
#1975=ORIENTED_EDGE('',*,*,#2572,.T.);
#1976=ORIENTED_EDGE('',*,*,#2591,.T.);
#1977=ORIENTED_EDGE('',*,*,#2576,.T.);
#1978=ORIENTED_EDGE('',*,*,#2580,.T.);
#1979=ORIENTED_EDGE('',*,*,#2589,.T.);
#1980=ORIENTED_EDGE('',*,*,#2592,.T.);
#1981=ORIENTED_EDGE('',*,*,#2550,.F.);
#1982=ORIENTED_EDGE('',*,*,#2520,.T.);
#1983=ORIENTED_EDGE('',*,*,#2516,.T.);
#1984=CARTESIAN_POINT('',(5.715,2.54,-5.5626));
#1985=DIRECTION('',(0.0,-1.0,0.0));
#1986=DIRECTION('',(1.0,0.0,0.0));
#1987=ORIENTED_EDGE('',*,*,#2588,.T.);
#1988=ORIENTED_EDGE('',*,*,#2593,.T.);
#1989=ORIENTED_EDGE('',*,*,#2551,.F.);
#1990=ORIENTED_EDGE('',*,*,#2592,.F.);
#1991=CARTESIAN_POINT('',(-1.143,5.461,3.175));
#1992=DIRECTION('',(-6.12323399573676E-17,-7.60166398237012E-17,1.0));
#1993=DIRECTION('',(4.65467673210165E-33,-1.0,-7.60166398237012E-17));
#1994=ORIENTED_EDGE('',*,*,#2577,.T.);
#1995=ORIENTED_EDGE('',*,*,#2591,.F.);
#1996=ORIENTED_EDGE('',*,*,#2571,.F.);
#1997=ORIENTED_EDGE('',*,*,#2594,.T.);
#1998=CARTESIAN_POINT('',(-1.143,5.461,3.175));
#1999=DIRECTION('',(-6.12323399573676E-17,-7.60166398237012E-17,1.0));
#2000=DIRECTION('',(4.65467673210165E-33,-1.0,-7.60166398237012E-17));
#2001=ORIENTED_EDGE('',*,*,#2587,.T.);
#2002=ORIENTED_EDGE('',*,*,#2595,.F.);
#2003=ORIENTED_EDGE('',*,*,#2596,.F.);
#2004=ORIENTED_EDGE('',*,*,#2593,.F.);
#2005=CARTESIAN_POINT('',(-1.143,10.406,4.87333765350281));
#2006=DIRECTION('',(-4.69066937635136E-17,-0.642787609686539,0.766044443118978));
#2007=DIRECTION('',(3.93593894367099E-17,-0.766044443118978,-0.642787609686539));
#2008=ORIENTED_EDGE('',*,*,#2578,.T.);
#2009=ORIENTED_EDGE('',*,*,#2594,.F.);
#2010=ORIENTED_EDGE('',*,*,#2597,.F.);
#2011=ORIENTED_EDGE('',*,*,#2598,.F.);
#2012=CARTESIAN_POINT('',(-1.143,10.406,4.87333765350281));
#2013=DIRECTION('',(-4.69066937635136E-17,-0.642787609686539,0.766044443118978));
#2014=DIRECTION('',(3.93593894367099E-17,-0.766044443118978,-0.642787609686539));
#2015=ORIENTED_EDGE('',*,*,#2599,.F.);
#2016=ORIENTED_EDGE('',*,*,#2600,.F.);
#2017=ORIENTED_EDGE('',*,*,#2535,.F.);
#2018=CARTESIAN_POINT('',(2.159,0.168835192636107,-3.69581694411603));
#2019=DIRECTION('',(1.0,0.0,6.12323399573676E-17));
#2020=DIRECTION('',(6.12323399573676E-17,0.0,-1.0));
#2021=ORIENTED_EDGE('',*,*,#2601,.F.);
#2022=ORIENTED_EDGE('',*,*,#2602,.F.);
#2023=ORIENTED_EDGE('',*,*,#2536,.F.);
#2024=ORIENTED_EDGE('',*,*,#2600,.T.);
#2025=ORIENTED_EDGE('',*,*,#2603,.F.);
#2026=ORIENTED_EDGE('',*,*,#2604,.F.);
#2027=ORIENTED_EDGE('',*,*,#2605,.F.);
#2028=ORIENTED_EDGE('',*,*,#2606,.F.);
#2029=CARTESIAN_POINT('',(2.159,0.554844444444444,-3.30980769230769));
#2030=DIRECTION('',(-3.06331679461146E-17,0.865865073244551,0.500277597874629));
#2031=DIRECTION('',(-5.30189445221214E-17,-0.500277597874629,0.865865073244551));
#2032=ORIENTED_EDGE('',*,*,#2607,.F.);
#2033=ORIENTED_EDGE('',*,*,#2537,.F.);
#2034=ORIENTED_EDGE('',*,*,#2602,.T.);
#2035=CARTESIAN_POINT('',(9.271,0.168835192636107,-3.69581694411603));
#2036=DIRECTION('',(1.0,0.0,6.12323399573676E-17));
#2037=DIRECTION('',(6.12323399573676E-17,0.0,-1.0));
#2038=ORIENTED_EDGE('',*,*,#2605,.T.);
#2039=ORIENTED_EDGE('',*,*,#2608,.T.);
#2040=ORIENTED_EDGE('',*,*,#2609,.T.);
#2041=ORIENTED_EDGE('',*,*,#2610,.F.);
#2042=CARTESIAN_POINT('',(5.715,5.67685023744755E-16,-4.6355));
#2043=DIRECTION('',(0.0,6.12323399573676E-17,-1.0));
#2044=DIRECTION('',(-1.0,0.0,0.0));
#2045=ORIENTED_EDGE('',*,*,#2604,.T.);
#2046=ORIENTED_EDGE('',*,*,#2611,.T.);
#2047=ORIENTED_EDGE('',*,*,#2612,.T.);
#2048=ORIENTED_EDGE('',*,*,#2608,.F.);
#2049=CARTESIAN_POINT('',(4.445,5.56020262982877E-16,-4.445));
#2050=DIRECTION('',(-1.0,0.0,0.0));
#2051=DIRECTION('',(0.0,-6.12323399573676E-17,1.0));
#2052=ORIENTED_EDGE('',*,*,#2603,.T.);
#2053=ORIENTED_EDGE('',*,*,#2599,.T.);
#2054=ORIENTED_EDGE('',*,*,#2534,.T.);
#2055=ORIENTED_EDGE('',*,*,#2613,.T.);
#2056=ORIENTED_EDGE('',*,*,#2614,.T.);
#2057=ORIENTED_EDGE('',*,*,#2611,.F.);
#2058=CARTESIAN_POINT('',(2.8575,5.44355502220998E-16,-4.2545));
#2059=DIRECTION('',(0.0,6.12323399573676E-17,-1.0));
#2060=DIRECTION('',(-1.0,0.0,0.0));
#2061=ORIENTED_EDGE('',*,*,#2542,.F.);
#2062=ORIENTED_EDGE('',*,*,#2543,.F.);
#2063=CARTESIAN_POINT('',(10.033,0.0,2.7305));
#2064=DIRECTION('',(0.0,0.0,1.0));
#2065=DIRECTION('',(1.0,0.0,0.0));
#2066=ORIENTED_EDGE('',*,*,#2544,.F.);
#2067=ORIENTED_EDGE('',*,*,#2545,.F.);
#2068=CARTESIAN_POINT('',(1.397,0.0,2.7305));
#2069=DIRECTION('',(0.0,0.0,1.0));
#2070=DIRECTION('',(1.0,0.0,0.0));
#2071=ORIENTED_EDGE('',*,*,#2546,.F.);
#2072=ORIENTED_EDGE('',*,*,#2547,.F.);
#2073=CARTESIAN_POINT('',(10.033,0.0,-2.7305));
#2074=DIRECTION('',(0.0,0.0,1.0));
#2075=DIRECTION('',(1.0,0.0,0.0));
#2076=ORIENTED_EDGE('',*,*,#2548,.F.);
#2077=ORIENTED_EDGE('',*,*,#2549,.F.);
#2078=CARTESIAN_POINT('',(1.397,0.0,-2.7305));
#2079=DIRECTION('',(0.0,0.0,1.0));
#2080=DIRECTION('',(1.0,0.0,0.0));
#2081=ORIENTED_EDGE('',*,*,#2615,.F.);
#2082=ORIENTED_EDGE('',*,*,#2597,.T.);
#2083=ORIENTED_EDGE('',*,*,#2570,.F.);
#2084=ORIENTED_EDGE('',*,*,#2616,.T.);
#2085=CARTESIAN_POINT('',(-0.00878783791417437,9.906,-5.5626));
#2086=DIRECTION('',(-0.766044443118978,-0.642787609686539,0.0));
#2087=DIRECTION('',(0.642787609686539,-0.766044443118978,0.0));
#2088=ORIENTED_EDGE('',*,*,#2553,.F.);
#2089=ORIENTED_EDGE('',*,*,#2617,.F.);
#2090=ORIENTED_EDGE('',*,*,#2569,.F.);
#2091=ORIENTED_EDGE('',*,*,#2590,.F.);
#2092=CARTESIAN_POINT('',(-1.143,5.461,-3.175));
#2093=DIRECTION('',(6.12323399573676E-17,-7.60166398237012E-17,-1.0));
#2094=DIRECTION('',(4.65467673210165E-33,1.0,-7.60166398237012E-17));
#2095=ORIENTED_EDGE('',*,*,#2618,.F.);
#2096=ORIENTED_EDGE('',*,*,#2616,.F.);
#2097=ORIENTED_EDGE('',*,*,#2617,.T.);
#2098=ORIENTED_EDGE('',*,*,#2619,.F.);
#2099=CARTESIAN_POINT('',(-1.143,10.406,-4.87333765350281));
#2100=DIRECTION('',(4.69066937635137E-17,-0.642787609686539,-0.766044443118978));
#2101=DIRECTION('',(3.93593894367099E-17,0.766044443118978,-0.642787609686539));
#2102=ORIENTED_EDGE('',*,*,#2620,.F.);
#2103=ORIENTED_EDGE('',*,*,#2619,.T.);
#2104=ORIENTED_EDGE('',*,*,#2552,.T.);
#2105=ORIENTED_EDGE('',*,*,#2596,.T.);
#2106=CARTESIAN_POINT('',(11.4387878379142,9.906,-5.5626));
#2107=DIRECTION('',(0.766044443118978,-0.642787609686539,0.0));
#2108=DIRECTION('',(0.642787609686539,0.766044443118978,0.0));
#2109=ORIENTED_EDGE('',*,*,#2566,.T.);
#2110=ORIENTED_EDGE('',*,*,#2527,.T.);
#2111=ORIENTED_EDGE('',*,*,#2621,.T.);
#2112=ORIENTED_EDGE('',*,*,#2622,.T.);
#2113=ORIENTED_EDGE('',*,*,#2623,.F.);
#2114=ORIENTED_EDGE('',*,*,#2531,.T.);
#2115=ORIENTED_EDGE('',*,*,#2560,.T.);
#2116=ORIENTED_EDGE('',*,*,#2557,.T.);
#2117=CARTESIAN_POINT('',(8.51499412971544E-16,2.83842511872378E-16,0.0));
#2118=DIRECTION('',(-1.0,1.12478268856806E-32,-1.83690953073357E-16));
#2119=DIRECTION('',(-1.83690953073357E-16,-6.12323399573676E-17,1.0));
#2120=ORIENTED_EDGE('',*,*,#2624,.T.);
#2121=ORIENTED_EDGE('',*,*,#2625,.F.);
#2122=ORIENTED_EDGE('',*,*,#2532,.T.);
#2123=ORIENTED_EDGE('',*,*,#2623,.T.);
#2124=CARTESIAN_POINT('',(0.635000000000002,5.67685023744755E-16,-4.6355));
#2125=DIRECTION('',(0.0,6.12323399573676E-17,-1.0));
#2126=DIRECTION('',(-1.0,0.0,0.0));
#2127=ORIENTED_EDGE('',*,*,#2626,.T.);
#2128=ORIENTED_EDGE('',*,*,#2613,.F.);
#2129=ORIENTED_EDGE('',*,*,#2533,.T.);
#2130=ORIENTED_EDGE('',*,*,#2625,.T.);
#2131=CARTESIAN_POINT('',(1.27,5.56020262982877E-16,-4.445));
#2132=DIRECTION('',(1.0,0.0,0.0));
#2133=DIRECTION('',(0.0,6.12323399573676E-17,-1.0));
#2134=ORIENTED_EDGE('',*,*,#2606,.T.);
#2135=ORIENTED_EDGE('',*,*,#2610,.T.);
#2136=ORIENTED_EDGE('',*,*,#2627,.T.);
#2137=ORIENTED_EDGE('',*,*,#2628,.F.);
#2138=CARTESIAN_POINT('',(6.985,5.56020262982877E-16,-4.445));
#2139=DIRECTION('',(1.0,0.0,0.0));
#2140=DIRECTION('',(0.0,6.12323399573676E-17,-1.0));
#2141=ORIENTED_EDGE('',*,*,#2601,.T.);
#2142=ORIENTED_EDGE('',*,*,#2628,.T.);
#2143=ORIENTED_EDGE('',*,*,#2629,.T.);
#2144=ORIENTED_EDGE('',*,*,#2630,.F.);
#2145=ORIENTED_EDGE('',*,*,#2538,.T.);
#2146=ORIENTED_EDGE('',*,*,#2607,.T.);
#2147=CARTESIAN_POINT('',(8.5725,5.44355502220998E-16,-4.2545));
#2148=DIRECTION('',(0.0,6.12323399573676E-17,-1.0));
#2149=DIRECTION('',(-1.0,0.0,0.0));
#2150=ORIENTED_EDGE('',*,*,#2631,.T.);
#2151=ORIENTED_EDGE('',*,*,#2632,.F.);
#2152=ORIENTED_EDGE('',*,*,#2539,.T.);
#2153=ORIENTED_EDGE('',*,*,#2630,.T.);
#2154=CARTESIAN_POINT('',(10.16,5.56020262982877E-16,-4.445));
#2155=DIRECTION('',(-1.0,0.0,0.0));
#2156=DIRECTION('',(0.0,-6.12323399573676E-17,1.0));
#2157=ORIENTED_EDGE('',*,*,#2633,.T.);
#2158=ORIENTED_EDGE('',*,*,#2634,.F.);
#2159=ORIENTED_EDGE('',*,*,#2540,.T.);
#2160=ORIENTED_EDGE('',*,*,#2632,.T.);
#2161=CARTESIAN_POINT('',(10.795,5.67685023744755E-16,-4.6355));
#2162=DIRECTION('',(0.0,6.12323399573676E-17,-1.0));
#2163=DIRECTION('',(-1.0,0.0,0.0));
#2164=ORIENTED_EDGE('',*,*,#2509,.T.);
#2165=ORIENTED_EDGE('',*,*,#2541,.T.);
#2166=ORIENTED_EDGE('',*,*,#2634,.T.);
#2167=ORIENTED_EDGE('',*,*,#2635,.T.);
#2168=ORIENTED_EDGE('',*,*,#2636,.F.);
#2169=ORIENTED_EDGE('',*,*,#2525,.T.);
#2170=ORIENTED_EDGE('',*,*,#2518,.T.);
#2171=ORIENTED_EDGE('',*,*,#2523,.T.);
#2172=CARTESIAN_POINT('',(11.43,2.83842511872378E-16,0.0));
#2173=DIRECTION('',(1.0,0.0,0.0));
#2174=DIRECTION('',(0.0,6.12323399573676E-17,-1.0));
#2175=ORIENTED_EDGE('',*,*,#2504,.T.);
#2176=ORIENTED_EDGE('',*,*,#2500,.T.);
#2177=ORIENTED_EDGE('',*,*,#2507,.T.);
#2178=ORIENTED_EDGE('',*,*,#2573,.T.);
#2179=ORIENTED_EDGE('',*,*,#2637,.T.);
#2180=ORIENTED_EDGE('',*,*,#2621,.F.);
#2181=ORIENTED_EDGE('',*,*,#2526,.T.);
#2182=ORIENTED_EDGE('',*,*,#2636,.T.);
#2183=ORIENTED_EDGE('',*,*,#2638,.T.);
#2184=ORIENTED_EDGE('',*,*,#2585,.T.);
#2185=ORIENTED_EDGE('',*,*,#2583,.T.);
#2186=CARTESIAN_POINT('',(5.715,0.0,4.6355));
#2187=DIRECTION('',(0.0,-6.12323399573676E-17,1.0));
#2188=DIRECTION('',(1.0,0.0,0.0));
#2189=ORIENTED_EDGE('',*,*,#2579,.T.);
#2190=ORIENTED_EDGE('',*,*,#2598,.T.);
#2191=ORIENTED_EDGE('',*,*,#2615,.T.);
#2192=ORIENTED_EDGE('',*,*,#2618,.T.);
#2193=ORIENTED_EDGE('',*,*,#2620,.T.);
#2194=ORIENTED_EDGE('',*,*,#2595,.T.);
#2195=ORIENTED_EDGE('',*,*,#2586,.T.);
#2196=ORIENTED_EDGE('',*,*,#2638,.F.);
#2197=ORIENTED_EDGE('',*,*,#2635,.F.);
#2198=ORIENTED_EDGE('',*,*,#2633,.F.);
#2199=ORIENTED_EDGE('',*,*,#2631,.F.);
#2200=ORIENTED_EDGE('',*,*,#2629,.F.);
#2201=ORIENTED_EDGE('',*,*,#2627,.F.);
#2202=ORIENTED_EDGE('',*,*,#2609,.F.);
#2203=ORIENTED_EDGE('',*,*,#2612,.F.);
#2204=ORIENTED_EDGE('',*,*,#2614,.F.);
#2205=ORIENTED_EDGE('',*,*,#2626,.F.);
#2206=ORIENTED_EDGE('',*,*,#2624,.F.);
#2207=ORIENTED_EDGE('',*,*,#2622,.F.);
#2208=ORIENTED_EDGE('',*,*,#2637,.F.);
#2209=CARTESIAN_POINT('',(5.715,8.89,-0.101449704142011));
#2210=DIRECTION('',(-0.0,1.0,6.12323399573676E-17));
#2211=DIRECTION('',(1.0,0.0,0.0));
#2212=EDGE_CURVE('',#2639,#2640,#2641,.T.);
#2213=EDGE_CURVE('',#2639,#2642,#2643,.T.);
#2214=EDGE_CURVE('',#2644,#2642,#2645,.T.);
#2215=EDGE_CURVE('',#2644,#2640,#2646,.T.);
#2216=EDGE_CURVE('',#2647,#2639,#2648,.T.);
#2217=EDGE_CURVE('',#2649,#2647,#2650,.T.);
#2218=EDGE_CURVE('',#2651,#2649,#2652,.T.);
#2219=EDGE_CURVE('',#2653,#2651,#2654,.T.);
#2220=EDGE_CURVE('',#2655,#2653,#2656,.T.);
#2221=EDGE_CURVE('',#2657,#2655,#2658,.T.);
#2222=EDGE_CURVE('',#2659,#2657,#2660,.T.);
#2223=EDGE_CURVE('',#2661,#2659,#2662,.T.);
#2224=EDGE_CURVE('',#2642,#2661,#2663,.T.);
#2225=EDGE_CURVE('',#2664,#2665,#2666,.T.);
#2226=EDGE_CURVE('',#2667,#2664,#2668,.T.);
#2227=EDGE_CURVE('',#2669,#2667,#2670,.T.);
#2228=EDGE_CURVE('',#2671,#2669,#2672,.T.);
#2229=EDGE_CURVE('',#2673,#2671,#2674,.T.);
#2230=EDGE_CURVE('',#2665,#2673,#2675,.T.);
#2231=EDGE_CURVE('',#2676,#2664,#2677,.T.);
#2232=EDGE_CURVE('',#2676,#2678,#2679,.T.);
#2233=EDGE_CURVE('',#2678,#2667,#2680,.T.);
#2234=EDGE_CURVE('',#2681,#2647,#2682,.T.);
#2235=EDGE_CURVE('',#2681,#2683,#2684,.T.);
#2236=EDGE_CURVE('',#2683,#2649,#2685,.T.);
#2237=EDGE_CURVE('',#2640,#2681,#2686,.T.);
#2238=EDGE_CURVE('',#2644,#2687,#2688,.T.);
#2239=EDGE_CURVE('',#2689,#2687,#2690,.T.);
#2240=EDGE_CURVE('',#2691,#2689,#2692,.T.);
#2241=EDGE_CURVE('',#2693,#2691,#2694,.T.);
#2242=EDGE_CURVE('',#2695,#2693,#2696,.T.);
#2243=EDGE_CURVE('',#2697,#2695,#2698,.T.);
#2244=EDGE_CURVE('',#2683,#2697,#2699,.T.);
#2245=EDGE_CURVE('',#2691,#2657,#2700,.T.);
#2246=EDGE_CURVE('',#2689,#2659,#2701,.T.);
#2247=EDGE_CURVE('',#2693,#2655,#2702,.T.);
#2248=EDGE_CURVE('',#2695,#2653,#2703,.T.);
#2249=EDGE_CURVE('',#2697,#2651,#2704,.T.);
#2250=EDGE_CURVE('',#2687,#2661,#2705,.T.);
#2251=EDGE_CURVE('',#2706,#2676,#2707,.T.);
#2252=EDGE_CURVE('',#2708,#2706,#2709,.T.);
#2253=EDGE_CURVE('',#2710,#2708,#2711,.T.);
#2254=EDGE_CURVE('',#2712,#2710,#2713,.T.);
#2255=EDGE_CURVE('',#2678,#2712,#2714,.T.);
#2256=EDGE_CURVE('',#2665,#2706,#2715,.T.);
#2257=EDGE_CURVE('',#2708,#2673,#2716,.T.);
#2258=EDGE_CURVE('',#2710,#2671,#2717,.T.);
#2259=EDGE_CURVE('',#2712,#2669,#2718,.T.);
#2260=EDGE_CURVE('',#2719,#2720,#2721,.T.);
#2261=EDGE_CURVE('',#2719,#2722,#2723,.T.);
#2262=EDGE_CURVE('',#2724,#2722,#2725,.T.);
#2263=EDGE_CURVE('',#2724,#2720,#2726,.T.);
#2264=EDGE_CURVE('',#2727,#2719,#2728,.T.);
#2265=EDGE_CURVE('',#2729,#2727,#2730,.T.);
#2266=EDGE_CURVE('',#2731,#2729,#2732,.T.);
#2267=EDGE_CURVE('',#2733,#2731,#2734,.T.);
#2268=EDGE_CURVE('',#2735,#2733,#2736,.T.);
#2269=EDGE_CURVE('',#2737,#2735,#2738,.T.);
#2270=EDGE_CURVE('',#2739,#2737,#2740,.T.);
#2271=EDGE_CURVE('',#2741,#2739,#2742,.T.);
#2272=EDGE_CURVE('',#2722,#2741,#2743,.T.);
#2273=EDGE_CURVE('',#2744,#2745,#2746,.T.);
#2274=EDGE_CURVE('',#2747,#2744,#2748,.T.);
#2275=EDGE_CURVE('',#2749,#2747,#2750,.T.);
#2276=EDGE_CURVE('',#2751,#2749,#2752,.T.);
#2277=EDGE_CURVE('',#2753,#2751,#2754,.T.);
#2278=EDGE_CURVE('',#2745,#2753,#2755,.T.);
#2279=EDGE_CURVE('',#2756,#2744,#2757,.T.);
#2280=EDGE_CURVE('',#2756,#2758,#2759,.T.);
#2281=EDGE_CURVE('',#2758,#2747,#2760,.T.);
#2282=EDGE_CURVE('',#2761,#2727,#2762,.T.);
#2283=EDGE_CURVE('',#2761,#2763,#2764,.T.);
#2284=EDGE_CURVE('',#2763,#2729,#2765,.T.);
#2285=EDGE_CURVE('',#2720,#2761,#2766,.T.);
#2286=EDGE_CURVE('',#2724,#2767,#2768,.T.);
#2287=EDGE_CURVE('',#2769,#2767,#2770,.T.);
#2288=EDGE_CURVE('',#2771,#2769,#2772,.T.);
#2289=EDGE_CURVE('',#2773,#2771,#2774,.T.);
#2290=EDGE_CURVE('',#2775,#2773,#2776,.T.);
#2291=EDGE_CURVE('',#2777,#2775,#2778,.T.);
#2292=EDGE_CURVE('',#2763,#2777,#2779,.T.);
#2293=EDGE_CURVE('',#2771,#2737,#2780,.T.);
#2294=EDGE_CURVE('',#2769,#2739,#2781,.T.);
#2295=EDGE_CURVE('',#2773,#2735,#2782,.T.);
#2296=EDGE_CURVE('',#2775,#2733,#2783,.T.);
#2297=EDGE_CURVE('',#2777,#2731,#2784,.T.);
#2298=EDGE_CURVE('',#2767,#2741,#2785,.T.);
#2299=EDGE_CURVE('',#2786,#2756,#2787,.T.);
#2300=EDGE_CURVE('',#2788,#2786,#2789,.T.);
#2301=EDGE_CURVE('',#2790,#2788,#2791,.T.);
#2302=EDGE_CURVE('',#2792,#2790,#2793,.T.);
#2303=EDGE_CURVE('',#2758,#2792,#2794,.T.);
#2304=EDGE_CURVE('',#2745,#2786,#2795,.T.);
#2305=EDGE_CURVE('',#2788,#2753,#2796,.T.);
#2306=EDGE_CURVE('',#2790,#2751,#2797,.T.);
#2307=EDGE_CURVE('',#2792,#2749,#2798,.T.);
#2308=EDGE_CURVE('',#2799,#2800,#2801,.T.);
#2309=EDGE_CURVE('',#2799,#2802,#2803,.T.);
#2310=EDGE_CURVE('',#2804,#2802,#2805,.T.);
#2311=EDGE_CURVE('',#2804,#2800,#2806,.T.);
#2312=EDGE_CURVE('',#2807,#2799,#2808,.T.);
#2313=EDGE_CURVE('',#2809,#2807,#2810,.T.);
#2314=EDGE_CURVE('',#2811,#2809,#2812,.T.);
#2315=EDGE_CURVE('',#2813,#2811,#2814,.T.);
#2316=EDGE_CURVE('',#2815,#2813,#2816,.T.);
#2317=EDGE_CURVE('',#2817,#2815,#2818,.T.);
#2318=EDGE_CURVE('',#2819,#2817,#2820,.T.);
#2319=EDGE_CURVE('',#2821,#2819,#2822,.T.);
#2320=EDGE_CURVE('',#2802,#2821,#2823,.T.);
#2321=EDGE_CURVE('',#2824,#2825,#2826,.T.);
#2322=EDGE_CURVE('',#2827,#2824,#2828,.T.);
#2323=EDGE_CURVE('',#2829,#2827,#2830,.T.);
#2324=EDGE_CURVE('',#2831,#2829,#2832,.T.);
#2325=EDGE_CURVE('',#2833,#2831,#2834,.T.);
#2326=EDGE_CURVE('',#2825,#2833,#2835,.T.);
#2327=EDGE_CURVE('',#2836,#2824,#2837,.T.);
#2328=EDGE_CURVE('',#2836,#2838,#2839,.T.);
#2329=EDGE_CURVE('',#2838,#2827,#2840,.T.);
#2330=EDGE_CURVE('',#2841,#2807,#2842,.T.);
#2331=EDGE_CURVE('',#2841,#2843,#2844,.T.);
#2332=EDGE_CURVE('',#2843,#2809,#2845,.T.);
#2333=EDGE_CURVE('',#2800,#2841,#2846,.T.);
#2334=EDGE_CURVE('',#2804,#2847,#2848,.T.);
#2335=EDGE_CURVE('',#2849,#2847,#2850,.T.);
#2336=EDGE_CURVE('',#2851,#2849,#2852,.T.);
#2337=EDGE_CURVE('',#2853,#2851,#2854,.T.);
#2338=EDGE_CURVE('',#2855,#2853,#2856,.T.);
#2339=EDGE_CURVE('',#2857,#2855,#2858,.T.);
#2340=EDGE_CURVE('',#2843,#2857,#2859,.T.);
#2341=EDGE_CURVE('',#2851,#2817,#2860,.T.);
#2342=EDGE_CURVE('',#2849,#2819,#2861,.T.);
#2343=EDGE_CURVE('',#2853,#2815,#2862,.T.);
#2344=EDGE_CURVE('',#2855,#2813,#2863,.T.);
#2345=EDGE_CURVE('',#2857,#2811,#2864,.T.);
#2346=EDGE_CURVE('',#2847,#2821,#2865,.T.);
#2347=EDGE_CURVE('',#2866,#2836,#2867,.T.);
#2348=EDGE_CURVE('',#2868,#2866,#2869,.T.);
#2349=EDGE_CURVE('',#2870,#2868,#2871,.T.);
#2350=EDGE_CURVE('',#2872,#2870,#2873,.T.);
#2351=EDGE_CURVE('',#2838,#2872,#2874,.T.);
#2352=EDGE_CURVE('',#2825,#2866,#2875,.T.);
#2353=EDGE_CURVE('',#2868,#2833,#2876,.T.);
#2354=EDGE_CURVE('',#2870,#2831,#2877,.T.);
#2355=EDGE_CURVE('',#2872,#2829,#2878,.T.);
#2356=EDGE_CURVE('',#2879,#2880,#2881,.T.);
#2357=EDGE_CURVE('',#2879,#2882,#2883,.T.);
#2358=EDGE_CURVE('',#2884,#2882,#2885,.T.);
#2359=EDGE_CURVE('',#2884,#2880,#2886,.T.);
#2360=EDGE_CURVE('',#2887,#2879,#2888,.T.);
#2361=EDGE_CURVE('',#2889,#2887,#2890,.T.);
#2362=EDGE_CURVE('',#2891,#2889,#2892,.T.);
#2363=EDGE_CURVE('',#2893,#2891,#2894,.T.);
#2364=EDGE_CURVE('',#2895,#2893,#2896,.T.);
#2365=EDGE_CURVE('',#2897,#2895,#2898,.T.);
#2366=EDGE_CURVE('',#2899,#2897,#2900,.T.);
#2367=EDGE_CURVE('',#2901,#2899,#2902,.T.);
#2368=EDGE_CURVE('',#2882,#2901,#2903,.T.);
#2369=EDGE_CURVE('',#2904,#2905,#2906,.T.);
#2370=EDGE_CURVE('',#2907,#2904,#2908,.T.);
#2371=EDGE_CURVE('',#2909,#2907,#2910,.T.);
#2372=EDGE_CURVE('',#2911,#2909,#2912,.T.);
#2373=EDGE_CURVE('',#2913,#2911,#2914,.T.);
#2374=EDGE_CURVE('',#2905,#2913,#2915,.T.);
#2375=EDGE_CURVE('',#2916,#2904,#2917,.T.);
#2376=EDGE_CURVE('',#2916,#2918,#2919,.T.);
#2377=EDGE_CURVE('',#2918,#2907,#2920,.T.);
#2378=EDGE_CURVE('',#2921,#2887,#2922,.T.);
#2379=EDGE_CURVE('',#2921,#2923,#2924,.T.);
#2380=EDGE_CURVE('',#2923,#2889,#2925,.T.);
#2381=EDGE_CURVE('',#2880,#2921,#2926,.T.);
#2382=EDGE_CURVE('',#2884,#2927,#2928,.T.);
#2383=EDGE_CURVE('',#2929,#2927,#2930,.T.);
#2384=EDGE_CURVE('',#2931,#2929,#2932,.T.);
#2385=EDGE_CURVE('',#2933,#2931,#2934,.T.);
#2386=EDGE_CURVE('',#2935,#2933,#2936,.T.);
#2387=EDGE_CURVE('',#2937,#2935,#2938,.T.);
#2388=EDGE_CURVE('',#2923,#2937,#2939,.T.);
#2389=EDGE_CURVE('',#2931,#2897,#2940,.T.);
#2390=EDGE_CURVE('',#2929,#2899,#2941,.T.);
#2391=EDGE_CURVE('',#2933,#2895,#2942,.T.);
#2392=EDGE_CURVE('',#2935,#2893,#2943,.T.);
#2393=EDGE_CURVE('',#2937,#2891,#2944,.T.);
#2394=EDGE_CURVE('',#2927,#2901,#2945,.T.);
#2395=EDGE_CURVE('',#2946,#2916,#2947,.T.);
#2396=EDGE_CURVE('',#2948,#2946,#2949,.T.);
#2397=EDGE_CURVE('',#2950,#2948,#2951,.T.);
#2398=EDGE_CURVE('',#2952,#2950,#2953,.T.);
#2399=EDGE_CURVE('',#2918,#2952,#2954,.T.);
#2400=EDGE_CURVE('',#2905,#2946,#2955,.T.);
#2401=EDGE_CURVE('',#2948,#2913,#2956,.T.);
#2402=EDGE_CURVE('',#2950,#2911,#2957,.T.);
#2403=EDGE_CURVE('',#2952,#2909,#2958,.T.);
#2404=EDGE_CURVE('',#2959,#2960,#2961,.T.);
#2405=EDGE_CURVE('',#2959,#2962,#2963,.T.);
#2406=EDGE_CURVE('',#2964,#2962,#2965,.T.);
#2407=EDGE_CURVE('',#2964,#2960,#2966,.T.);
#2408=EDGE_CURVE('',#2967,#2959,#2968,.T.);
#2409=EDGE_CURVE('',#2969,#2967,#2970,.T.);
#2410=EDGE_CURVE('',#2971,#2969,#2972,.T.);
#2411=EDGE_CURVE('',#2973,#2971,#2974,.T.);
#2412=EDGE_CURVE('',#2975,#2973,#2976,.T.);
#2413=EDGE_CURVE('',#2977,#2975,#2978,.T.);
#2414=EDGE_CURVE('',#2979,#2977,#2980,.T.);
#2415=EDGE_CURVE('',#2981,#2979,#2982,.T.);
#2416=EDGE_CURVE('',#2962,#2981,#2983,.T.);
#2417=EDGE_CURVE('',#2984,#2985,#2986,.T.);
#2418=EDGE_CURVE('',#2987,#2984,#2988,.T.);
#2419=EDGE_CURVE('',#2989,#2987,#2990,.T.);
#2420=EDGE_CURVE('',#2991,#2989,#2992,.T.);
#2421=EDGE_CURVE('',#2993,#2991,#2994,.T.);
#2422=EDGE_CURVE('',#2985,#2993,#2995,.T.);
#2423=EDGE_CURVE('',#2996,#2984,#2997,.T.);
#2424=EDGE_CURVE('',#2996,#2998,#2999,.T.);
#2425=EDGE_CURVE('',#2998,#2987,#3000,.T.);
#2426=EDGE_CURVE('',#3001,#2967,#3002,.T.);
#2427=EDGE_CURVE('',#3001,#3003,#3004,.T.);
#2428=EDGE_CURVE('',#3003,#2969,#3005,.T.);
#2429=EDGE_CURVE('',#2960,#3001,#3006,.T.);
#2430=EDGE_CURVE('',#2964,#3007,#3008,.T.);
#2431=EDGE_CURVE('',#3009,#3007,#3010,.T.);
#2432=EDGE_CURVE('',#3011,#3009,#3012,.T.);
#2433=EDGE_CURVE('',#3013,#3011,#3014,.T.);
#2434=EDGE_CURVE('',#3015,#3013,#3016,.T.);
#2435=EDGE_CURVE('',#3017,#3015,#3018,.T.);
#2436=EDGE_CURVE('',#3003,#3017,#3019,.T.);
#2437=EDGE_CURVE('',#3011,#2977,#3020,.T.);
#2438=EDGE_CURVE('',#3009,#2979,#3021,.T.);
#2439=EDGE_CURVE('',#3013,#2975,#3022,.T.);
#2440=EDGE_CURVE('',#3015,#2973,#3023,.T.);
#2441=EDGE_CURVE('',#3017,#2971,#3024,.T.);
#2442=EDGE_CURVE('',#3007,#2981,#3025,.T.);
#2443=EDGE_CURVE('',#3026,#2996,#3027,.T.);
#2444=EDGE_CURVE('',#3028,#3026,#3029,.T.);
#2445=EDGE_CURVE('',#3030,#3028,#3031,.T.);
#2446=EDGE_CURVE('',#3032,#3030,#3033,.T.);
#2447=EDGE_CURVE('',#2998,#3032,#3034,.T.);
#2448=EDGE_CURVE('',#2985,#3026,#3035,.T.);
#2449=EDGE_CURVE('',#3028,#2993,#3036,.T.);
#2450=EDGE_CURVE('',#3030,#2991,#3037,.T.);
#2451=EDGE_CURVE('',#3032,#2989,#3038,.T.);
#2452=EDGE_CURVE('',#3039,#3040,#3041,.T.);
#2453=EDGE_CURVE('',#3039,#3042,#3043,.T.);
#2454=EDGE_CURVE('',#3044,#3042,#3045,.T.);
#2455=EDGE_CURVE('',#3044,#3040,#3046,.T.);
#2456=EDGE_CURVE('',#3047,#3039,#3048,.T.);
#2457=EDGE_CURVE('',#3049,#3047,#3050,.T.);
#2458=EDGE_CURVE('',#3051,#3049,#3052,.T.);
#2459=EDGE_CURVE('',#3053,#3051,#3054,.T.);
#2460=EDGE_CURVE('',#3055,#3053,#3056,.T.);
#2461=EDGE_CURVE('',#3057,#3055,#3058,.T.);
#2462=EDGE_CURVE('',#3059,#3057,#3060,.T.);
#2463=EDGE_CURVE('',#3061,#3059,#3062,.T.);
#2464=EDGE_CURVE('',#3042,#3061,#3063,.T.);
#2465=EDGE_CURVE('',#3064,#3065,#3066,.T.);
#2466=EDGE_CURVE('',#3067,#3064,#3068,.T.);
#2467=EDGE_CURVE('',#3069,#3067,#3070,.T.);
#2468=EDGE_CURVE('',#3071,#3069,#3072,.T.);
#2469=EDGE_CURVE('',#3073,#3071,#3074,.T.);
#2470=EDGE_CURVE('',#3065,#3073,#3075,.T.);
#2471=EDGE_CURVE('',#3076,#3064,#3077,.T.);
#2472=EDGE_CURVE('',#3076,#3078,#3079,.T.);
#2473=EDGE_CURVE('',#3078,#3067,#3080,.T.);
#2474=EDGE_CURVE('',#3081,#3047,#3082,.T.);
#2475=EDGE_CURVE('',#3081,#3083,#3084,.T.);
#2476=EDGE_CURVE('',#3083,#3049,#3085,.T.);
#2477=EDGE_CURVE('',#3040,#3081,#3086,.T.);
#2478=EDGE_CURVE('',#3044,#3087,#3088,.T.);
#2479=EDGE_CURVE('',#3089,#3087,#3090,.T.);
#2480=EDGE_CURVE('',#3091,#3089,#3092,.T.);
#2481=EDGE_CURVE('',#3093,#3091,#3094,.T.);
#2482=EDGE_CURVE('',#3095,#3093,#3096,.T.);
#2483=EDGE_CURVE('',#3097,#3095,#3098,.T.);
#2484=EDGE_CURVE('',#3083,#3097,#3099,.T.);
#2485=EDGE_CURVE('',#3091,#3057,#3100,.T.);
#2486=EDGE_CURVE('',#3089,#3059,#3101,.T.);
#2487=EDGE_CURVE('',#3093,#3055,#3102,.T.);
#2488=EDGE_CURVE('',#3095,#3053,#3103,.T.);
#2489=EDGE_CURVE('',#3097,#3051,#3104,.T.);
#2490=EDGE_CURVE('',#3087,#3061,#3105,.T.);
#2491=EDGE_CURVE('',#3106,#3076,#3107,.T.);
#2492=EDGE_CURVE('',#3108,#3106,#3109,.T.);
#2493=EDGE_CURVE('',#3110,#3108,#3111,.T.);
#2494=EDGE_CURVE('',#3112,#3110,#3113,.T.);
#2495=EDGE_CURVE('',#3078,#3112,#3114,.T.);
#2496=EDGE_CURVE('',#3065,#3106,#3115,.T.);
#2497=EDGE_CURVE('',#3108,#3073,#3116,.T.);
#2498=EDGE_CURVE('',#3110,#3071,#3117,.T.);
#2499=EDGE_CURVE('',#3112,#3069,#3118,.T.);
#2500=EDGE_CURVE('',#3119,#3120,#3121,.T.);
#2501=EDGE_CURVE('',#3119,#3122,#3123,.T.);
#2502=EDGE_CURVE('',#3122,#3124,#3125,.T.);
#2503=EDGE_CURVE('',#3120,#3124,#3126,.T.);
#2504=EDGE_CURVE('',#3127,#3119,#3128,.T.);
#2505=EDGE_CURVE('',#3127,#3129,#3130,.T.);
#2506=EDGE_CURVE('',#3129,#3122,#3131,.T.);
#2507=EDGE_CURVE('',#3120,#3127,#3132,.T.);
#2508=EDGE_CURVE('',#3124,#3129,#3133,.T.);
#2509=EDGE_CURVE('',#3134,#3135,#3136,.T.);
#2510=EDGE_CURVE('',#3137,#3134,#3138,.T.);
#2511=EDGE_CURVE('',#3139,#3137,#3140,.T.);
#2512=EDGE_CURVE('',#3141,#3139,#3142,.T.);
#2513=EDGE_CURVE('',#3143,#3141,#3144,.T.);
#2514=EDGE_CURVE('',#3135,#3143,#3145,.T.);
#2515=EDGE_CURVE('',#3143,#3146,#3147,.T.);
#2516=EDGE_CURVE('',#3148,#3141,#3149,.T.);
#2517=EDGE_CURVE('',#3148,#3146,#3150,.T.);
#2518=EDGE_CURVE('',#3151,#3152,#3153,.T.);
#2519=EDGE_CURVE('',#3146,#3151,#3154,.T.);
#2520=EDGE_CURVE('',#3155,#3148,#3156,.T.);
#2521=EDGE_CURVE('',#3157,#3155,#3158,.T.);
#2522=EDGE_CURVE('',#3152,#3157,#3159,.T.);
#2523=EDGE_CURVE('',#3152,#3134,#3160,.T.);
#2524=EDGE_CURVE('',#3137,#3157,#3161,.T.);
#2525=EDGE_CURVE('',#3162,#3151,#3163,.T.);
#2526=EDGE_CURVE('',#3164,#3162,#3165,.T.);
#2527=EDGE_CURVE('',#3166,#3164,#3167,.T.);
#2528=EDGE_CURVE('',#3166,#3168,#3169,.T.);
#2529=EDGE_CURVE('',#3168,#3170,#3171,.T.);
#2530=EDGE_CURVE('',#3170,#3172,#3173,.T.);
#2531=EDGE_CURVE('',#3174,#3172,#3175,.T.);
#2532=EDGE_CURVE('',#3176,#3174,#3177,.T.);
#2533=EDGE_CURVE('',#3178,#3176,#3179,.T.);
#2534=EDGE_CURVE('',#3180,#3178,#3181,.T.);
#2535=EDGE_CURVE('',#3180,#3182,#3183,.T.);
#2536=EDGE_CURVE('',#3182,#3184,#3185,.T.);
#2537=EDGE_CURVE('',#3184,#3186,#3187,.T.);
#2538=EDGE_CURVE('',#3188,#3186,#3189,.T.);
#2539=EDGE_CURVE('',#3190,#3188,#3191,.T.);
#2540=EDGE_CURVE('',#3192,#3190,#3193,.T.);
#2541=EDGE_CURVE('',#3135,#3192,#3194,.T.);
#2542=EDGE_CURVE('',#3195,#3196,#3197,.T.);
#2543=EDGE_CURVE('',#3196,#3195,#3198,.T.);
#2544=EDGE_CURVE('',#3199,#3200,#3201,.T.);
#2545=EDGE_CURVE('',#3200,#3199,#3202,.T.);
#2546=EDGE_CURVE('',#3203,#3204,#3205,.T.);
#2547=EDGE_CURVE('',#3204,#3203,#3206,.T.);
#2548=EDGE_CURVE('',#3207,#3208,#3209,.T.);
#2549=EDGE_CURVE('',#3208,#3207,#3210,.T.);
#2550=EDGE_CURVE('',#3155,#3211,#3212,.T.);
#2551=EDGE_CURVE('',#3211,#3213,#3214,.T.);
#2552=EDGE_CURVE('',#3215,#3213,#3216,.T.);
#2553=EDGE_CURVE('',#3215,#3217,#3218,.T.);
#2554=EDGE_CURVE('',#3217,#3139,#3219,.T.);
#2555=EDGE_CURVE('',#3220,#3221,#3222,.T.);
#2556=EDGE_CURVE('',#3220,#3223,#3224,.T.);
#2557=EDGE_CURVE('',#3225,#3223,#3226,.T.);
#2558=EDGE_CURVE('',#3225,#3221,#3227,.T.);
#2559=EDGE_CURVE('',#3221,#3228,#3229,.T.);
#2560=EDGE_CURVE('',#3172,#3225,#3230,.T.);
#2561=EDGE_CURVE('',#3231,#3170,#3232,.T.);
#2562=EDGE_CURVE('',#3228,#3231,#3233,.T.);
#2563=EDGE_CURVE('',#3234,#3220,#3235,.T.);
#2564=EDGE_CURVE('',#3236,#3234,#3237,.T.);
#2565=EDGE_CURVE('',#3168,#3236,#3238,.T.);
#2566=EDGE_CURVE('',#3223,#3166,#3239,.T.);
#2567=EDGE_CURVE('',#3231,#3236,#3240,.T.);
#2568=EDGE_CURVE('',#3241,#3228,#3242,.T.);
#2569=EDGE_CURVE('',#3241,#3243,#3244,.T.);
#2570=EDGE_CURVE('',#3243,#3245,#3246,.T.);
#2571=EDGE_CURVE('',#3245,#3247,#3248,.T.);
#2572=EDGE_CURVE('',#3234,#3247,#3249,.T.);
#2573=EDGE_CURVE('',#3250,#3251,#3252,.T.);
#2574=EDGE_CURVE('',#3250,#3253,#3254,.T.);
#2575=EDGE_CURVE('',#3253,#3255,#3256,.T.);
#2576=EDGE_CURVE('',#3257,#3255,#3258,.T.);
#2577=EDGE_CURVE('',#3259,#3257,#3260,.T.);
#2578=EDGE_CURVE('',#3261,#3259,#3262,.T.);
#2579=EDGE_CURVE('',#3251,#3261,#3263,.T.);
#2580=EDGE_CURVE('',#3255,#3264,#3265,.T.);
#2581=EDGE_CURVE('',#3266,#3253,#3267,.T.);
#2582=EDGE_CURVE('',#3264,#3266,#3268,.T.);
#2583=EDGE_CURVE('',#3269,#3250,#3270,.T.);
#2584=EDGE_CURVE('',#3269,#3266,#3271,.T.);
#2585=EDGE_CURVE('',#3272,#3269,#3273,.T.);
#2586=EDGE_CURVE('',#3274,#3272,#3275,.T.);
#2587=EDGE_CURVE('',#3276,#3274,#3277,.T.);
#2588=EDGE_CURVE('',#3278,#3276,#3279,.T.);
#2589=EDGE_CURVE('',#3264,#3278,#3280,.T.);
#2590=EDGE_CURVE('',#3217,#3241,#3281,.T.);
#2591=EDGE_CURVE('',#3247,#3257,#3282,.T.);
#2592=EDGE_CURVE('',#3278,#3211,#3283,.T.);
#2593=EDGE_CURVE('',#3276,#3213,#3284,.T.);
#2594=EDGE_CURVE('',#3245,#3259,#3285,.T.);
#2595=EDGE_CURVE('',#3286,#3274,#3287,.T.);
#2596=EDGE_CURVE('',#3213,#3286,#3288,.T.);
#2597=EDGE_CURVE('',#3289,#3245,#3290,.T.);
#2598=EDGE_CURVE('',#3261,#3289,#3291,.T.);
#2599=EDGE_CURVE('',#3292,#3180,#3293,.T.);
#2600=EDGE_CURVE('',#3182,#3292,#3294,.T.);
#2601=EDGE_CURVE('',#3295,#3296,#3297,.T.);
#2602=EDGE_CURVE('',#3184,#3295,#3298,.T.);
#2603=EDGE_CURVE('',#3299,#3292,#3300,.T.);
#2604=EDGE_CURVE('',#3301,#3299,#3302,.T.);
#2605=EDGE_CURVE('',#3303,#3301,#3304,.T.);
#2606=EDGE_CURVE('',#3296,#3303,#3305,.T.);
#2607=EDGE_CURVE('',#3186,#3295,#3306,.T.);
#2608=EDGE_CURVE('',#3301,#3307,#3308,.T.);
#2609=EDGE_CURVE('',#3307,#3309,#3310,.T.);
#2610=EDGE_CURVE('',#3303,#3309,#3311,.T.);
#2611=EDGE_CURVE('',#3299,#3312,#3313,.T.);
#2612=EDGE_CURVE('',#3312,#3307,#3314,.T.);
#2613=EDGE_CURVE('',#3178,#3315,#3316,.T.);
#2614=EDGE_CURVE('',#3315,#3312,#3317,.T.);
#2615=EDGE_CURVE('',#3289,#3318,#3319,.T.);
#2616=EDGE_CURVE('',#3243,#3318,#3320,.T.);
#2617=EDGE_CURVE('',#3243,#3215,#3321,.T.);
#2618=EDGE_CURVE('',#3318,#3322,#3323,.T.);
#2619=EDGE_CURVE('',#3322,#3215,#3324,.T.);
#2620=EDGE_CURVE('',#3322,#3286,#3325,.T.);
#2621=EDGE_CURVE('',#3164,#3326,#3327,.T.);
#2622=EDGE_CURVE('',#3326,#3328,#3329,.T.);
#2623=EDGE_CURVE('',#3174,#3328,#3330,.T.);
#2624=EDGE_CURVE('',#3328,#3331,#3332,.T.);
#2625=EDGE_CURVE('',#3176,#3331,#3333,.T.);
#2626=EDGE_CURVE('',#3331,#3315,#3334,.T.);
#2627=EDGE_CURVE('',#3309,#3335,#3336,.T.);
#2628=EDGE_CURVE('',#3296,#3335,#3337,.T.);
#2629=EDGE_CURVE('',#3335,#3338,#3339,.T.);
#2630=EDGE_CURVE('',#3188,#3338,#3340,.T.);
#2631=EDGE_CURVE('',#3338,#3341,#3342,.T.);
#2632=EDGE_CURVE('',#3190,#3341,#3343,.T.);
#2633=EDGE_CURVE('',#3341,#3344,#3345,.T.);
#2634=EDGE_CURVE('',#3192,#3344,#3346,.T.);
#2635=EDGE_CURVE('',#3344,#3347,#3348,.T.);
#2636=EDGE_CURVE('',#3162,#3347,#3349,.T.);
#2637=EDGE_CURVE('',#3251,#3326,#3350,.T.);
#2638=EDGE_CURVE('',#3347,#3272,#3351,.T.);
#2639=VERTEX_POINT('',#3352);
#2640=VERTEX_POINT('',#3353);
#2641=LINE('',#3354,#3355);
#2642=VERTEX_POINT('',#3356);
#2643=LINE('',#3357,#3358);
#2644=VERTEX_POINT('',#3359);
#2645=LINE('',#3360,#3361);
#2646=LINE('',#3362,#3363);
#2647=VERTEX_POINT('',#3364);
#2648=LINE('',#3365,#3366);
#2649=VERTEX_POINT('',#3367);
#2650=LINE('',#3368,#3369);
#2651=VERTEX_POINT('',#3370);
#2652=CIRCLE('',#3371,0.9525);
#2653=VERTEX_POINT('',#3372);
#2654=LINE('',#3373,#3374);
#2655=VERTEX_POINT('',#3375);
#2656=LINE('',#3376,#3377);
#2657=VERTEX_POINT('',#3378);
#2658=LINE('',#3379,#3380);
#2659=VERTEX_POINT('',#3381);
#2660=LINE('',#3382,#3383);
#2661=VERTEX_POINT('',#3384);
#2662=LINE('',#3385,#3386);
#2663=CIRCLE('',#3387,0.3175);
#2664=VERTEX_POINT('',#3388);
#2665=VERTEX_POINT('',#3389);
#2666=LINE('',#3390,#3391);
#2667=VERTEX_POINT('',#3392);
#2668=LINE('',#3393,#3394);
#2669=VERTEX_POINT('',#3395);
#2670=LINE('',#3396,#3397);
#2671=VERTEX_POINT('',#3398);
#2672=LINE('',#3399,#3400);
#2673=VERTEX_POINT('',#3401);
#2674=LINE('',#3402,#3403);
#2675=LINE('',#3404,#3405);
#2676=VERTEX_POINT('',#3406);
#2677=LINE('',#3407,#3408);
#2678=VERTEX_POINT('',#3409);
#2679=LINE('',#3410,#3411);
#2680=LINE('',#3412,#3413);
#2681=VERTEX_POINT('',#3414);
#2682=LINE('',#3415,#3416);
#2683=VERTEX_POINT('',#3417);
#2684=LINE('',#3418,#3419);
#2685=LINE('',#3420,#3421);
#2686=LINE('',#3422,#3423);
#2687=VERTEX_POINT('',#3424);
#2688=CIRCLE('',#3425,0.3175);
#2689=VERTEX_POINT('',#3426);
#2690=LINE('',#3427,#3428);
#2691=VERTEX_POINT('',#3429);
#2692=LINE('',#3430,#3431);
#2693=VERTEX_POINT('',#3432);
#2694=LINE('',#3433,#3434);
#2695=VERTEX_POINT('',#3435);
#2696=LINE('',#3436,#3437);
#2697=VERTEX_POINT('',#3438);
#2698=LINE('',#3439,#3440);
#2699=CIRCLE('',#3441,0.9525);
#2700=LINE('',#3442,#3443);
#2701=LINE('',#3444,#3445);
#2702=LINE('',#3446,#3447);
#2703=LINE('',#3448,#3449);
#2704=LINE('',#3450,#3451);
#2705=LINE('',#3452,#3453);
#2706=VERTEX_POINT('',#3454);
#2707=LINE('',#3455,#3456);
#2708=VERTEX_POINT('',#3457);
#2709=LINE('',#3458,#3459);
#2710=VERTEX_POINT('',#3460);
#2711=LINE('',#3461,#3462);
#2712=VERTEX_POINT('',#3463);
#2713=LINE('',#3464,#3465);
#2714=LINE('',#3466,#3467);
#2715=LINE('',#3468,#3469);
#2716=LINE('',#3470,#3471);
#2717=LINE('',#3472,#3473);
#2718=LINE('',#3474,#3475);
#2719=VERTEX_POINT('',#3476);
#2720=VERTEX_POINT('',#3477);
#2721=LINE('',#3478,#3479);
#2722=VERTEX_POINT('',#3480);
#2723=LINE('',#3481,#3482);
#2724=VERTEX_POINT('',#3483);
#2725=LINE('',#3484,#3485);
#2726=LINE('',#3486,#3487);
#2727=VERTEX_POINT('',#3488);
#2728=LINE('',#3489,#3490);
#2729=VERTEX_POINT('',#3491);
#2730=LINE('',#3492,#3493);
#2731=VERTEX_POINT('',#3494);
#2732=CIRCLE('',#3495,0.9525);
#2733=VERTEX_POINT('',#3496);
#2734=LINE('',#3497,#3498);
#2735=VERTEX_POINT('',#3499);
#2736=LINE('',#3500,#3501);
#2737=VERTEX_POINT('',#3502);
#2738=LINE('',#3503,#3504);
#2739=VERTEX_POINT('',#3505);
#2740=LINE('',#3506,#3507);
#2741=VERTEX_POINT('',#3508);
#2742=LINE('',#3509,#3510);
#2743=CIRCLE('',#3511,0.3175);
#2744=VERTEX_POINT('',#3512);
#2745=VERTEX_POINT('',#3513);
#2746=LINE('',#3514,#3515);
#2747=VERTEX_POINT('',#3516);
#2748=LINE('',#3517,#3518);
#2749=VERTEX_POINT('',#3519);
#2750=LINE('',#3520,#3521);
#2751=VERTEX_POINT('',#3522);
#2752=LINE('',#3523,#3524);
#2753=VERTEX_POINT('',#3525);
#2754=LINE('',#3526,#3527);
#2755=LINE('',#3528,#3529);
#2756=VERTEX_POINT('',#3530);
#2757=LINE('',#3531,#3532);
#2758=VERTEX_POINT('',#3533);
#2759=LINE('',#3534,#3535);
#2760=LINE('',#3536,#3537);
#2761=VERTEX_POINT('',#3538);
#2762=LINE('',#3539,#3540);
#2763=VERTEX_POINT('',#3541);
#2764=LINE('',#3542,#3543);
#2765=LINE('',#3544,#3545);
#2766=LINE('',#3546,#3547);
#2767=VERTEX_POINT('',#3548);
#2768=CIRCLE('',#3549,0.3175);
#2769=VERTEX_POINT('',#3550);
#2770=LINE('',#3551,#3552);
#2771=VERTEX_POINT('',#3553);
#2772=LINE('',#3554,#3555);
#2773=VERTEX_POINT('',#3556);
#2774=LINE('',#3557,#3558);
#2775=VERTEX_POINT('',#3559);
#2776=LINE('',#3560,#3561);
#2777=VERTEX_POINT('',#3562);
#2778=LINE('',#3563,#3564);
#2779=CIRCLE('',#3565,0.9525);
#2780=LINE('',#3566,#3567);
#2781=LINE('',#3568,#3569);
#2782=LINE('',#3570,#3571);
#2783=LINE('',#3572,#3573);
#2784=LINE('',#3574,#3575);
#2785=LINE('',#3576,#3577);
#2786=VERTEX_POINT('',#3578);
#2787=LINE('',#3579,#3580);
#2788=VERTEX_POINT('',#3581);
#2789=LINE('',#3582,#3583);
#2790=VERTEX_POINT('',#3584);
#2791=LINE('',#3585,#3586);
#2792=VERTEX_POINT('',#3587);
#2793=LINE('',#3588,#3589);
#2794=LINE('',#3590,#3591);
#2795=LINE('',#3592,#3593);
#2796=LINE('',#3594,#3595);
#2797=LINE('',#3596,#3597);
#2798=LINE('',#3598,#3599);
#2799=VERTEX_POINT('',#3600);
#2800=VERTEX_POINT('',#3601);
#2801=LINE('',#3602,#3603);
#2802=VERTEX_POINT('',#3604);
#2803=LINE('',#3605,#3606);
#2804=VERTEX_POINT('',#3607);
#2805=LINE('',#3608,#3609);
#2806=LINE('',#3610,#3611);
#2807=VERTEX_POINT('',#3612);
#2808=LINE('',#3613,#3614);
#2809=VERTEX_POINT('',#3615);
#2810=LINE('',#3616,#3617);
#2811=VERTEX_POINT('',#3618);
#2812=CIRCLE('',#3619,0.9525);
#2813=VERTEX_POINT('',#3620);
#2814=LINE('',#3621,#3622);
#2815=VERTEX_POINT('',#3623);
#2816=LINE('',#3624,#3625);
#2817=VERTEX_POINT('',#3626);
#2818=LINE('',#3627,#3628);
#2819=VERTEX_POINT('',#3629);
#2820=LINE('',#3630,#3631);
#2821=VERTEX_POINT('',#3632);
#2822=LINE('',#3633,#3634);
#2823=CIRCLE('',#3635,0.3175);
#2824=VERTEX_POINT('',#3636);
#2825=VERTEX_POINT('',#3637);
#2826=LINE('',#3638,#3639);
#2827=VERTEX_POINT('',#3640);
#2828=LINE('',#3641,#3642);
#2829=VERTEX_POINT('',#3643);
#2830=LINE('',#3644,#3645);
#2831=VERTEX_POINT('',#3646);
#2832=LINE('',#3647,#3648);
#2833=VERTEX_POINT('',#3649);
#2834=LINE('',#3650,#3651);
#2835=LINE('',#3652,#3653);
#2836=VERTEX_POINT('',#3654);
#2837=LINE('',#3655,#3656);
#2838=VERTEX_POINT('',#3657);
#2839=LINE('',#3658,#3659);
#2840=LINE('',#3660,#3661);
#2841=VERTEX_POINT('',#3662);
#2842=LINE('',#3663,#3664);
#2843=VERTEX_POINT('',#3665);
#2844=LINE('',#3666,#3667);
#2845=LINE('',#3668,#3669);
#2846=LINE('',#3670,#3671);
#2847=VERTEX_POINT('',#3672);
#2848=CIRCLE('',#3673,0.3175);
#2849=VERTEX_POINT('',#3674);
#2850=LINE('',#3675,#3676);
#2851=VERTEX_POINT('',#3677);
#2852=LINE('',#3678,#3679);
#2853=VERTEX_POINT('',#3680);
#2854=LINE('',#3681,#3682);
#2855=VERTEX_POINT('',#3683);
#2856=LINE('',#3684,#3685);
#2857=VERTEX_POINT('',#3686);
#2858=LINE('',#3687,#3688);
#2859=CIRCLE('',#3689,0.9525);
#2860=LINE('',#3690,#3691);
#2861=LINE('',#3692,#3693);
#2862=LINE('',#3694,#3695);
#2863=LINE('',#3696,#3697);
#2864=LINE('',#3698,#3699);
#2865=LINE('',#3700,#3701);
#2866=VERTEX_POINT('',#3702);
#2867=LINE('',#3703,#3704);
#2868=VERTEX_POINT('',#3705);
#2869=LINE('',#3706,#3707);
#2870=VERTEX_POINT('',#3708);
#2871=LINE('',#3709,#3710);
#2872=VERTEX_POINT('',#3711);
#2873=LINE('',#3712,#3713);
#2874=LINE('',#3714,#3715);
#2875=LINE('',#3716,#3717);
#2876=LINE('',#3718,#3719);
#2877=LINE('',#3720,#3721);
#2878=LINE('',#3722,#3723);
#2879=VERTEX_POINT('',#3724);
#2880=VERTEX_POINT('',#3725);
#2881=LINE('',#3726,#3727);
#2882=VERTEX_POINT('',#3728);
#2883=LINE('',#3729,#3730);
#2884=VERTEX_POINT('',#3731);
#2885=LINE('',#3732,#3733);
#2886=LINE('',#3734,#3735);
#2887=VERTEX_POINT('',#3736);
#2888=LINE('',#3737,#3738);
#2889=VERTEX_POINT('',#3739);
#2890=LINE('',#3740,#3741);
#2891=VERTEX_POINT('',#3742);
#2892=CIRCLE('',#3743,0.9525);
#2893=VERTEX_POINT('',#3744);
#2894=LINE('',#3745,#3746);
#2895=VERTEX_POINT('',#3747);
#2896=LINE('',#3748,#3749);
#2897=VERTEX_POINT('',#3750);
#2898=LINE('',#3751,#3752);
#2899=VERTEX_POINT('',#3753);
#2900=LINE('',#3754,#3755);
#2901=VERTEX_POINT('',#3756);
#2902=LINE('',#3757,#3758);
#2903=CIRCLE('',#3759,0.3175);
#2904=VERTEX_POINT('',#3760);
#2905=VERTEX_POINT('',#3761);
#2906=LINE('',#3762,#3763);
#2907=VERTEX_POINT('',#3764);
#2908=LINE('',#3765,#3766);
#2909=VERTEX_POINT('',#3767);
#2910=LINE('',#3768,#3769);
#2911=VERTEX_POINT('',#3770);
#2912=LINE('',#3771,#3772);
#2913=VERTEX_POINT('',#3773);
#2914=LINE('',#3774,#3775);
#2915=LINE('',#3776,#3777);
#2916=VERTEX_POINT('',#3778);
#2917=LINE('',#3779,#3780);
#2918=VERTEX_POINT('',#3781);
#2919=LINE('',#3782,#3783);
#2920=LINE('',#3784,#3785);
#2921=VERTEX_POINT('',#3786);
#2922=LINE('',#3787,#3788);
#2923=VERTEX_POINT('',#3789);
#2924=LINE('',#3790,#3791);
#2925=LINE('',#3792,#3793);
#2926=LINE('',#3794,#3795);
#2927=VERTEX_POINT('',#3796);
#2928=CIRCLE('',#3797,0.3175);
#2929=VERTEX_POINT('',#3798);
#2930=LINE('',#3799,#3800);
#2931=VERTEX_POINT('',#3801);
#2932=LINE('',#3802,#3803);
#2933=VERTEX_POINT('',#3804);
#2934=LINE('',#3805,#3806);
#2935=VERTEX_POINT('',#3807);
#2936=LINE('',#3808,#3809);
#2937=VERTEX_POINT('',#3810);
#2938=LINE('',#3811,#3812);
#2939=CIRCLE('',#3813,0.9525);
#2940=LINE('',#3814,#3815);
#2941=LINE('',#3816,#3817);
#2942=LINE('',#3818,#3819);
#2943=LINE('',#3820,#3821);
#2944=LINE('',#3822,#3823);
#2945=LINE('',#3824,#3825);
#2946=VERTEX_POINT('',#3826);
#2947=LINE('',#3827,#3828);
#2948=VERTEX_POINT('',#3829);
#2949=LINE('',#3830,#3831);
#2950=VERTEX_POINT('',#3832);
#2951=LINE('',#3833,#3834);
#2952=VERTEX_POINT('',#3835);
#2953=LINE('',#3836,#3837);
#2954=LINE('',#3838,#3839);
#2955=LINE('',#3840,#3841);
#2956=LINE('',#3842,#3843);
#2957=LINE('',#3844,#3845);
#2958=LINE('',#3846,#3847);
#2959=VERTEX_POINT('',#3848);
#2960=VERTEX_POINT('',#3849);
#2961=LINE('',#3850,#3851);
#2962=VERTEX_POINT('',#3852);
#2963=LINE('',#3853,#3854);
#2964=VERTEX_POINT('',#3855);
#2965=LINE('',#3856,#3857);
#2966=LINE('',#3858,#3859);
#2967=VERTEX_POINT('',#3860);
#2968=LINE('',#3861,#3862);
#2969=VERTEX_POINT('',#3863);
#2970=LINE('',#3864,#3865);
#2971=VERTEX_POINT('',#3866);
#2972=CIRCLE('',#3867,0.9525);
#2973=VERTEX_POINT('',#3868);
#2974=LINE('',#3869,#3870);
#2975=VERTEX_POINT('',#3871);
#2976=LINE('',#3872,#3873);
#2977=VERTEX_POINT('',#3874);
#2978=LINE('',#3875,#3876);
#2979=VERTEX_POINT('',#3877);
#2980=LINE('',#3878,#3879);
#2981=VERTEX_POINT('',#3880);
#2982=LINE('',#3881,#3882);
#2983=CIRCLE('',#3883,0.3175);
#2984=VERTEX_POINT('',#3884);
#2985=VERTEX_POINT('',#3885);
#2986=LINE('',#3886,#3887);
#2987=VERTEX_POINT('',#3888);
#2988=LINE('',#3889,#3890);
#2989=VERTEX_POINT('',#3891);
#2990=LINE('',#3892,#3893);
#2991=VERTEX_POINT('',#3894);
#2992=LINE('',#3895,#3896);
#2993=VERTEX_POINT('',#3897);
#2994=LINE('',#3898,#3899);
#2995=LINE('',#3900,#3901);
#2996=VERTEX_POINT('',#3902);
#2997=LINE('',#3903,#3904);
#2998=VERTEX_POINT('',#3905);
#2999=LINE('',#3906,#3907);
#3000=LINE('',#3908,#3909);
#3001=VERTEX_POINT('',#3910);
#3002=LINE('',#3911,#3912);
#3003=VERTEX_POINT('',#3913);
#3004=LINE('',#3914,#3915);
#3005=LINE('',#3916,#3917);
#3006=LINE('',#3918,#3919);
#3007=VERTEX_POINT('',#3920);
#3008=CIRCLE('',#3921,0.3175);
#3009=VERTEX_POINT('',#3922);
#3010=LINE('',#3923,#3924);
#3011=VERTEX_POINT('',#3925);
#3012=LINE('',#3926,#3927);
#3013=VERTEX_POINT('',#3928);
#3014=LINE('',#3929,#3930);
#3015=VERTEX_POINT('',#3931);
#3016=LINE('',#3932,#3933);
#3017=VERTEX_POINT('',#3934);
#3018=LINE('',#3935,#3936);
#3019=CIRCLE('',#3937,0.9525);
#3020=LINE('',#3938,#3939);
#3021=LINE('',#3940,#3941);
#3022=LINE('',#3942,#3943);
#3023=LINE('',#3944,#3945);
#3024=LINE('',#3946,#3947);
#3025=LINE('',#3948,#3949);
#3026=VERTEX_POINT('',#3950);
#3027=LINE('',#3951,#3952);
#3028=VERTEX_POINT('',#3953);
#3029=LINE('',#3954,#3955);
#3030=VERTEX_POINT('',#3956);
#3031=LINE('',#3957,#3958);
#3032=VERTEX_POINT('',#3959);
#3033=LINE('',#3960,#3961);
#3034=LINE('',#3962,#3963);
#3035=LINE('',#3964,#3965);
#3036=LINE('',#3966,#3967);
#3037=LINE('',#3968,#3969);
#3038=LINE('',#3970,#3971);
#3039=VERTEX_POINT('',#3972);
#3040=VERTEX_POINT('',#3973);
#3041=LINE('',#3974,#3975);
#3042=VERTEX_POINT('',#3976);
#3043=LINE('',#3977,#3978);
#3044=VERTEX_POINT('',#3979);
#3045=LINE('',#3980,#3981);
#3046=LINE('',#3982,#3983);
#3047=VERTEX_POINT('',#3984);
#3048=LINE('',#3985,#3986);
#3049=VERTEX_POINT('',#3987);
#3050=LINE('',#3988,#3989);
#3051=VERTEX_POINT('',#3990);
#3052=CIRCLE('',#3991,0.9525);
#3053=VERTEX_POINT('',#3992);
#3054=LINE('',#3993,#3994);
#3055=VERTEX_POINT('',#3995);
#3056=LINE('',#3996,#3997);
#3057=VERTEX_POINT('',#3998);
#3058=LINE('',#3999,#4000);
#3059=VERTEX_POINT('',#4001);
#3060=LINE('',#4002,#4003);
#3061=VERTEX_POINT('',#4004);
#3062=LINE('',#4005,#4006);
#3063=CIRCLE('',#4007,0.3175);
#3064=VERTEX_POINT('',#4008);
#3065=VERTEX_POINT('',#4009);
#3066=LINE('',#4010,#4011);
#3067=VERTEX_POINT('',#4012);
#3068=LINE('',#4013,#4014);
#3069=VERTEX_POINT('',#4015);
#3070=LINE('',#4016,#4017);
#3071=VERTEX_POINT('',#4018);
#3072=LINE('',#4019,#4020);
#3073=VERTEX_POINT('',#4021);
#3074=LINE('',#4022,#4023);
#3075=LINE('',#4024,#4025);
#3076=VERTEX_POINT('',#4026);
#3077=LINE('',#4027,#4028);
#3078=VERTEX_POINT('',#4029);
#3079=LINE('',#4030,#4031);
#3080=LINE('',#4032,#4033);
#3081=VERTEX_POINT('',#4034);
#3082=LINE('',#4035,#4036);
#3083=VERTEX_POINT('',#4037);
#3084=LINE('',#4038,#4039);
#3085=LINE('',#4040,#4041);
#3086=LINE('',#4042,#4043);
#3087=VERTEX_POINT('',#4044);
#3088=CIRCLE('',#4045,0.3175);
#3089=VERTEX_POINT('',#4046);
#3090=LINE('',#4047,#4048);
#3091=VERTEX_POINT('',#4049);
#3092=LINE('',#4050,#4051);
#3093=VERTEX_POINT('',#4052);
#3094=LINE('',#4053,#4054);
#3095=VERTEX_POINT('',#4055);
#3096=LINE('',#4056,#4057);
#3097=VERTEX_POINT('',#4058);
#3098=LINE('',#4059,#4060);
#3099=CIRCLE('',#4061,0.9525);
#3100=LINE('',#4062,#4063);
#3101=LINE('',#4064,#4065);
#3102=LINE('',#4066,#4067);
#3103=LINE('',#4068,#4069);
#3104=LINE('',#4070,#4071);
#3105=LINE('',#4072,#4073);
#3106=VERTEX_POINT('',#4074);
#3107=LINE('',#4075,#4076);
#3108=VERTEX_POINT('',#4077);
#3109=LINE('',#4078,#4079);
#3110=VERTEX_POINT('',#4080);
#3111=LINE('',#4081,#4082);
#3112=VERTEX_POINT('',#4083);
#3113=LINE('',#4084,#4085);
#3114=LINE('',#4086,#4087);
#3115=LINE('',#4088,#4089);
#3116=LINE('',#4090,#4091);
#3117=LINE('',#4092,#4093);
#3118=LINE('',#4094,#4095);
#3119=VERTEX_POINT('',#4096);
#3120=VERTEX_POINT('',#4097);
#3121=LINE('',#4098,#4099);
#3122=VERTEX_POINT('',#4100);
#3123=LINE('',#4101,#4102);
#3124=VERTEX_POINT('',#4103);
#3125=LINE('',#4104,#4105);
#3126=LINE('',#4106,#4107);
#3127=VERTEX_POINT('',#4108);
#3128=LINE('',#4109,#4110);
#3129=VERTEX_POINT('',#4111);
#3130=LINE('',#4112,#4113);
#3131=LINE('',#4114,#4115);
#3132=LINE('',#4116,#4117);
#3133=LINE('',#4118,#4119);
#3134=VERTEX_POINT('',#4120);
#3135=VERTEX_POINT('',#4121);
#3136=LINE('',#4122,#4123);
#3137=VERTEX_POINT('',#4124);
#3138=LINE('',#4125,#4126);
#3139=VERTEX_POINT('',#4127);
#3140=LINE('',#4128,#4129);
#3141=VERTEX_POINT('',#4130);
#3142=LINE('',#4131,#4132);
#3143=VERTEX_POINT('',#4133);
#3144=LINE('',#4134,#4135);
#3145=LINE('',#4136,#4137);
#3146=VERTEX_POINT('',#4138);
#3147=LINE('',#4139,#4140);
#3148=VERTEX_POINT('',#4141);
#3149=LINE('',#4142,#4143);
#3150=LINE('',#4144,#4145);
#3151=VERTEX_POINT('',#4146);
#3152=VERTEX_POINT('',#4147);
#3153=LINE('',#4148,#4149);
#3154=LINE('',#4150,#4151);
#3155=VERTEX_POINT('',#4152);
#3156=LINE('',#4153,#4154);
#3157=VERTEX_POINT('',#4155);
#3158=LINE('',#4156,#4157);
#3159=LINE('',#4158,#4159);
#3160=LINE('',#4160,#4161);
#3161=LINE('',#4162,#4163);
#3162=VERTEX_POINT('',#4164);
#3163=LINE('',#4165,#4166);
#3164=VERTEX_POINT('',#4167);
#3165=LINE('',#4168,#4169);
#3166=VERTEX_POINT('',#4170);
#3167=LINE('',#4171,#4172);
#3168=VERTEX_POINT('',#4173);
#3169=LINE('',#4174,#4175);
#3170=VERTEX_POINT('',#4176);
#3171=LINE('',#4177,#4178);
#3172=VERTEX_POINT('',#4179);
#3173=LINE('',#4180,#4181);
#3174=VERTEX_POINT('',#4182);
#3175=LINE('',#4183,#4184);
#3176=VERTEX_POINT('',#4185);
#3177=LINE('',#4186,#4187);
#3178=VERTEX_POINT('',#4188);
#3179=LINE('',#4189,#4190);
#3180=VERTEX_POINT('',#4191);
#3181=LINE('',#4192,#4193);
#3182=VERTEX_POINT('',#4194);
#3183=LINE('',#4195,#4196);
#3184=VERTEX_POINT('',#4197);
#3185=LINE('',#4198,#4199);
#3186=VERTEX_POINT('',#4200);
#3187=LINE('',#4201,#4202);
#3188=VERTEX_POINT('',#4203);
#3189=LINE('',#4204,#4205);
#3190=VERTEX_POINT('',#4206);
#3191=LINE('',#4207,#4208);
#3192=VERTEX_POINT('',#4209);
#3193=LINE('',#4210,#4211);
#3194=LINE('',#4212,#4213);
#3195=VERTEX_POINT('',#4214);
#3196=VERTEX_POINT('',#4215);
#3197=CIRCLE('',#4216,0.381);
#3198=CIRCLE('',#4217,0.381);
#3199=VERTEX_POINT('',#4218);
#3200=VERTEX_POINT('',#4219);
#3201=CIRCLE('',#4220,0.381);
#3202=CIRCLE('',#4221,0.381);
#3203=VERTEX_POINT('',#4222);
#3204=VERTEX_POINT('',#4223);
#3205=CIRCLE('',#4224,0.381);
#3206=CIRCLE('',#4225,0.381);
#3207=VERTEX_POINT('',#4226);
#3208=VERTEX_POINT('',#4227);
#3209=CIRCLE('',#4228,0.381);
#3210=CIRCLE('',#4229,0.381);
#3211=VERTEX_POINT('',#4230);
#3212=LINE('',#4231,#4232);
#3213=VERTEX_POINT('',#4233);
#3214=LINE('',#4234,#4235);
#3215=VERTEX_POINT('',#4236);
#3216=LINE('',#4237,#4238);
#3217=VERTEX_POINT('',#4239);
#3218=LINE('',#4240,#4241);
#3219=LINE('',#4242,#4243);
#3220=VERTEX_POINT('',#4244);
#3221=VERTEX_POINT('',#4245);
#3222=LINE('',#4246,#4247);
#3223=VERTEX_POINT('',#4248);
#3224=LINE('',#4249,#4250);
#3225=VERTEX_POINT('',#4251);
#3226=LINE('',#4252,#4253);
#3227=LINE('',#4254,#4255);
#3228=VERTEX_POINT('',#4256);
#3229=LINE('',#4257,#4258);
#3230=LINE('',#4259,#4260);
#3231=VERTEX_POINT('',#4261);
#3232=LINE('',#4262,#4263);
#3233=LINE('',#4264,#4265);
#3234=VERTEX_POINT('',#4266);
#3235=LINE('',#4267,#4268);
#3236=VERTEX_POINT('',#4269);
#3237=LINE('',#4270,#4271);
#3238=LINE('',#4272,#4273);
#3239=LINE('',#4274,#4275);
#3240=LINE('',#4276,#4277);
#3241=VERTEX_POINT('',#4278);
#3242=LINE('',#4279,#4280);
#3243=VERTEX_POINT('',#4281);
#3244=LINE('',#4282,#4283);
#3245=VERTEX_POINT('',#4284);
#3246=LINE('',#4285,#4286);
#3247=VERTEX_POINT('',#4287);
#3248=LINE('',#4288,#4289);
#3249=LINE('',#4290,#4291);
#3250=VERTEX_POINT('',#4292);
#3251=VERTEX_POINT('',#4293);
#3252=LINE('',#4294,#4295);
#3253=VERTEX_POINT('',#4296);
#3254=LINE('',#4297,#4298);
#3255=VERTEX_POINT('',#4299);
#3256=LINE('',#4300,#4301);
#3257=VERTEX_POINT('',#4302);
#3258=LINE('',#4303,#4304);
#3259=VERTEX_POINT('',#4305);
#3260=LINE('',#4306,#4307);
#3261=VERTEX_POINT('',#4308);
#3262=LINE('',#4309,#4310);
#3263=LINE('',#4311,#4312);
#3264=VERTEX_POINT('',#4313);
#3265=LINE('',#4314,#4315);
#3266=VERTEX_POINT('',#4316);
#3267=LINE('',#4317,#4318);
#3268=LINE('',#4319,#4320);
#3269=VERTEX_POINT('',#4321);
#3270=LINE('',#4322,#4323);
#3271=LINE('',#4324,#4325);
#3272=VERTEX_POINT('',#4326);
#3273=LINE('',#4327,#4328);
#3274=VERTEX_POINT('',#4329);
#3275=LINE('',#4330,#4331);
#3276=VERTEX_POINT('',#4332);
#3277=LINE('',#4333,#4334);
#3278=VERTEX_POINT('',#4335);
#3279=LINE('',#4336,#4337);
#3280=LINE('',#4338,#4339);
#3281=LINE('',#4340,#4341);
#3282=LINE('',#4342,#4343);
#3283=LINE('',#4344,#4345);
#3284=LINE('',#4346,#4347);
#3285=LINE('',#4348,#4349);
#3286=VERTEX_POINT('',#4350);
#3287=LINE('',#4351,#4352);
#3288=LINE('',#4353,#4354);
#3289=VERTEX_POINT('',#4355);
#3290=LINE('',#4356,#4357);
#3291=LINE('',#4358,#4359);
#3292=VERTEX_POINT('',#4360);
#3293=LINE('',#4361,#4362);
#3294=LINE('',#4363,#4364);
#3295=VERTEX_POINT('',#4365);
#3296=VERTEX_POINT('',#4366);
#3297=LINE('',#4367,#4368);
#3298=LINE('',#4369,#4370);
#3299=VERTEX_POINT('',#4371);
#3300=LINE('',#4372,#4373);
#3301=VERTEX_POINT('',#4374);
#3302=LINE('',#4375,#4376);
#3303=VERTEX_POINT('',#4377);
#3304=LINE('',#4378,#4379);
#3305=LINE('',#4380,#4381);
#3306=LINE('',#4382,#4383);
#3307=VERTEX_POINT('',#4384);
#3308=LINE('',#4385,#4386);
#3309=VERTEX_POINT('',#4387);
#3310=LINE('',#4388,#4389);
#3311=LINE('',#4390,#4391);
#3312=VERTEX_POINT('',#4392);
#3313=LINE('',#4393,#4394);
#3314=LINE('',#4395,#4396);
#3315=VERTEX_POINT('',#4397);
#3316=LINE('',#4398,#4399);
#3317=LINE('',#4400,#4401);
#3318=VERTEX_POINT('',#4402);
#3319=LINE('',#4403,#4404);
#3320=LINE('',#4405,#4406);
#3321=LINE('',#4407,#4408);
#3322=VERTEX_POINT('',#4409);
#3323=LINE('',#4410,#4411);
#3324=LINE('',#4412,#4413);
#3325=LINE('',#4414,#4415);
#3326=VERTEX_POINT('',#4416);
#3327=LINE('',#4417,#4418);
#3328=VERTEX_POINT('',#4419);
#3329=LINE('',#4420,#4421);
#3330=LINE('',#4422,#4423);
#3331=VERTEX_POINT('',#4424);
#3332=LINE('',#4425,#4426);
#3333=LINE('',#4427,#4428);
#3334=LINE('',#4429,#4430);
#3335=VERTEX_POINT('',#4431);
#3336=LINE('',#4432,#4433);
#3337=LINE('',#4434,#4435);
#3338=VERTEX_POINT('',#4436);
#3339=LINE('',#4437,#4438);
#3340=LINE('',#4439,#4440);
#3341=VERTEX_POINT('',#4441);
#3342=LINE('',#4442,#4443);
#3343=LINE('',#4444,#4445);
#3344=VERTEX_POINT('',#4446);
#3345=LINE('',#4447,#4448);
#3346=LINE('',#4449,#4450);
#3347=VERTEX_POINT('',#4451);
#3348=LINE('',#4452,#4453);
#3349=LINE('',#4454,#4455);
#3350=LINE('',#4456,#4457);
#3351=LINE('',#4458,#4459);
#3352=CARTESIAN_POINT('',(8.5725,3.88578058618805E-16,-1.5875));
#3353=CARTESIAN_POINT('',(7.9375,3.88578058618805E-16,-1.5875));
#3354=CARTESIAN_POINT('',(6.82625,4.44089209850063E-16,-1.5875));
#3355=VECTOR('',#4460,1.0);
#3356=CARTESIAN_POINT('',(8.5725,-0.317500000000001,-1.5875));
#3357=CARTESIAN_POINT('',(8.5725,-0.317500000000001,-1.5875));
#3358=VECTOR('',#4461,1.0);
#3359=CARTESIAN_POINT('',(7.9375,-0.317500000000001,-1.5875));
#3360=CARTESIAN_POINT('',(7.9375,-0.317500000000001,-1.5875));
#3361=VECTOR('',#4462,1.0);
#3362=CARTESIAN_POINT('',(7.9375,-0.317500000000001,-1.5875));
#3363=VECTOR('',#4463,1.0);
#3364=CARTESIAN_POINT('',(8.5725,0.0,-0.9525));
#3365=CARTESIAN_POINT('',(8.5725,2.22044604925031E-16,-1.04151630710385));
#3366=VECTOR('',#4464,1.0);
#3367=CARTESIAN_POINT('',(8.5725,-0.317500000000001,-0.9525));
#3368=CARTESIAN_POINT('',(8.5725,8.70080911717567,-0.9525));
#3369=VECTOR('',#4465,1.0);
#3370=CARTESIAN_POINT('',(8.5725,-1.27,-1.905));
#3371=AXIS2_PLACEMENT_3D('',#4466,#4467,#4468);
#3372=CARTESIAN_POINT('',(8.5725,-1.27,-5.39880911717567));
#3373=CARTESIAN_POINT('',(8.5725,-1.27,-1.905));
#3374=VECTOR('',#4469,1.0);
#3375=CARTESIAN_POINT('',(8.5725,-1.11125,-5.588));
#3376=CARTESIAN_POINT('',(8.5725,-1.27,-5.39880911717567));
#3377=VECTOR('',#4470,1.0);
#3378=CARTESIAN_POINT('',(8.5725,-0.793750000000001,-5.588));
#3379=CARTESIAN_POINT('',(8.5725,-1.11125,-5.588));
#3380=VECTOR('',#4471,1.0);
#3381=CARTESIAN_POINT('',(8.5725,-0.635000000000001,-5.39880911717567));
#3382=CARTESIAN_POINT('',(8.5725,-0.793750000000001,-5.588));
#3383=VECTOR('',#4472,1.0);
#3384=CARTESIAN_POINT('',(8.5725,-0.635000000000001,-1.905));
#3385=CARTESIAN_POINT('',(8.5725,-0.635000000000001,-5.39880911717567));
#3386=VECTOR('',#4473,1.0);
#3387=AXIS2_PLACEMENT_3D('',#4474,#4475,#4476);
#3388=CARTESIAN_POINT('',(8.5725,2.54,-1.5875));
#3389=CARTESIAN_POINT('',(8.5725,2.54,-0.9525));
#3390=CARTESIAN_POINT('',(8.5725,2.54,-3.77209145503284));
#3391=VECTOR('',#4477,1.0);
#3392=CARTESIAN_POINT('',(8.5725,8.70080911717567,-1.5875));
#3393=CARTESIAN_POINT('',(8.5725,-0.317500000000001,-1.5875));
#3394=VECTOR('',#4478,1.0);
#3395=CARTESIAN_POINT('',(8.5725,8.89,-1.42875));
#3396=CARTESIAN_POINT('',(8.5725,8.70080911717567,-1.5875));
#3397=VECTOR('',#4479,1.0);
#3398=CARTESIAN_POINT('',(8.5725,8.89,-1.11125));
#3399=CARTESIAN_POINT('',(8.5725,8.89,-1.42875));
#3400=VECTOR('',#4480,1.0);
#3401=CARTESIAN_POINT('',(8.5725,8.70080911717567,-0.9525));
#3402=CARTESIAN_POINT('',(8.5725,8.89,-1.11125));
#3403=VECTOR('',#4481,1.0);
#3404=CARTESIAN_POINT('',(8.5725,8.70080911717567,-0.9525));
#3405=VECTOR('',#4482,1.0);
#3406=CARTESIAN_POINT('',(7.9375,2.54,-1.5875));
#3407=CARTESIAN_POINT('',(6.82625,2.54,-1.5875));
#3408=VECTOR('',#4483,1.0);
#3409=CARTESIAN_POINT('',(7.9375,8.70080911717567,-1.5875));
#3410=CARTESIAN_POINT('',(7.9375,-0.317500000000001,-1.5875));
#3411=VECTOR('',#4484,1.0);
#3412=CARTESIAN_POINT('',(7.9375,8.70080911717567,-1.5875));
#3413=VECTOR('',#4485,1.0);
#3414=CARTESIAN_POINT('',(7.9375,0.0,-0.9525));
#3415=CARTESIAN_POINT('',(6.82625,4.44089209850063E-16,-0.9525));
#3416=VECTOR('',#4486,1.0);
#3417=CARTESIAN_POINT('',(7.9375,-0.317500000000001,-0.9525));
#3418=CARTESIAN_POINT('',(7.9375,8.70080911717567,-0.9525));
#3419=VECTOR('',#4487,1.0);
#3420=CARTESIAN_POINT('',(7.9375,-0.317500000000001,-0.9525));
#3421=VECTOR('',#4488,1.0);
#3422=CARTESIAN_POINT('',(7.9375,2.22044604925031E-16,-1.04151630710385));
#3423=VECTOR('',#4489,1.0);
#3424=CARTESIAN_POINT('',(7.9375,-0.635000000000001,-1.905));
#3425=AXIS2_PLACEMENT_3D('',#4490,#4491,#4492);
#3426=CARTESIAN_POINT('',(7.9375,-0.635000000000001,-5.39880911717567));
#3427=CARTESIAN_POINT('',(7.9375,-0.635000000000001,-5.39880911717567));
#3428=VECTOR('',#4493,1.0);
#3429=CARTESIAN_POINT('',(7.9375,-0.793750000000001,-5.588));
#3430=CARTESIAN_POINT('',(7.9375,-0.793750000000001,-5.588));
#3431=VECTOR('',#4494,1.0);
#3432=CARTESIAN_POINT('',(7.9375,-1.11125,-5.588));
#3433=CARTESIAN_POINT('',(7.9375,-1.11125,-5.588));
#3434=VECTOR('',#4495,1.0);
#3435=CARTESIAN_POINT('',(7.9375,-1.27,-5.39880911717567));
#3436=CARTESIAN_POINT('',(7.9375,-1.27,-5.39880911717567));
#3437=VECTOR('',#4496,1.0);
#3438=CARTESIAN_POINT('',(7.9375,-1.27,-1.905));
#3439=CARTESIAN_POINT('',(7.9375,-1.27,-1.905));
#3440=VECTOR('',#4497,1.0);
#3441=AXIS2_PLACEMENT_3D('',#4498,#4499,#4500);
#3442=CARTESIAN_POINT('',(7.9375,-0.793750000000001,-5.588));
#3443=VECTOR('',#4501,1.0);
#3444=CARTESIAN_POINT('',(7.9375,-0.635000000000001,-5.39880911717567));
#3445=VECTOR('',#4502,1.0);
#3446=CARTESIAN_POINT('',(7.9375,-1.11125,-5.588));
#3447=VECTOR('',#4503,1.0);
#3448=CARTESIAN_POINT('',(7.9375,-1.27,-5.39880911717567));
#3449=VECTOR('',#4504,1.0);
#3450=CARTESIAN_POINT('',(7.9375,-1.27,-1.905));
#3451=VECTOR('',#4505,1.0);
#3452=CARTESIAN_POINT('',(7.9375,-0.635000000000001,-1.905));
#3453=VECTOR('',#4506,1.0);
#3454=CARTESIAN_POINT('',(7.9375,2.54,-0.9525));
#3455=CARTESIAN_POINT('',(7.9375,2.54,-3.77209145503284));
#3456=VECTOR('',#4507,1.0);
#3457=CARTESIAN_POINT('',(7.9375,8.70080911717567,-0.9525));
#3458=CARTESIAN_POINT('',(7.9375,8.70080911717567,-0.9525));
#3459=VECTOR('',#4508,1.0);
#3460=CARTESIAN_POINT('',(7.9375,8.89,-1.11125));
#3461=CARTESIAN_POINT('',(7.9375,8.89,-1.11125));
#3462=VECTOR('',#4509,1.0);
#3463=CARTESIAN_POINT('',(7.9375,8.89,-1.42875));
#3464=CARTESIAN_POINT('',(7.9375,8.89,-1.42875));
#3465=VECTOR('',#4510,1.0);
#3466=CARTESIAN_POINT('',(7.9375,8.70080911717567,-1.5875));
#3467=VECTOR('',#4511,1.0);
#3468=CARTESIAN_POINT('',(6.82625,2.54,-0.9525));
#3469=VECTOR('',#4512,1.0);
#3470=CARTESIAN_POINT('',(7.9375,8.70080911717567,-0.9525));
#3471=VECTOR('',#4513,1.0);
#3472=CARTESIAN_POINT('',(7.9375,8.89,-1.11125));
#3473=VECTOR('',#4514,1.0);
#3474=CARTESIAN_POINT('',(7.9375,8.89,-1.42875));
#3475=VECTOR('',#4515,1.0);
#3476=CARTESIAN_POINT('',(6.0325,3.88578058618805E-16,-1.5875));
#3477=CARTESIAN_POINT('',(5.3975,3.88578058618805E-16,-1.5875));
#3478=CARTESIAN_POINT('',(5.55625,4.44089209850063E-16,-1.5875));
#3479=VECTOR('',#4516,1.0);
#3480=CARTESIAN_POINT('',(6.0325,-0.317500000000001,-1.5875));
#3481=CARTESIAN_POINT('',(6.0325,-0.317500000000001,-1.5875));
#3482=VECTOR('',#4517,1.0);
#3483=CARTESIAN_POINT('',(5.3975,-0.317500000000001,-1.5875));
#3484=CARTESIAN_POINT('',(5.3975,-0.317500000000001,-1.5875));
#3485=VECTOR('',#4518,1.0);
#3486=CARTESIAN_POINT('',(5.3975,-0.317500000000001,-1.5875));
#3487=VECTOR('',#4519,1.0);
#3488=CARTESIAN_POINT('',(6.0325,0.0,-0.9525));
#3489=CARTESIAN_POINT('',(6.0325,2.22044604925031E-16,-1.04151630710385));
#3490=VECTOR('',#4520,1.0);
#3491=CARTESIAN_POINT('',(6.0325,-0.317500000000001,-0.9525));
#3492=CARTESIAN_POINT('',(6.0325,8.70080911717567,-0.9525));
#3493=VECTOR('',#4521,1.0);
#3494=CARTESIAN_POINT('',(6.0325,-1.27,-1.905));
#3495=AXIS2_PLACEMENT_3D('',#4522,#4523,#4524);
#3496=CARTESIAN_POINT('',(6.0325,-1.27,-5.39880911717567));
#3497=CARTESIAN_POINT('',(6.0325,-1.27,-1.905));
#3498=VECTOR('',#4525,1.0);
#3499=CARTESIAN_POINT('',(6.0325,-1.11125,-5.588));
#3500=CARTESIAN_POINT('',(6.0325,-1.27,-5.39880911717567));
#3501=VECTOR('',#4526,1.0);
#3502=CARTESIAN_POINT('',(6.0325,-0.793750000000001,-5.588));
#3503=CARTESIAN_POINT('',(6.0325,-1.11125,-5.588));
#3504=VECTOR('',#4527,1.0);
#3505=CARTESIAN_POINT('',(6.0325,-0.635000000000001,-5.39880911717567));
#3506=CARTESIAN_POINT('',(6.0325,-0.793750000000001,-5.588));
#3507=VECTOR('',#4528,1.0);
#3508=CARTESIAN_POINT('',(6.0325,-0.635000000000001,-1.905));
#3509=CARTESIAN_POINT('',(6.0325,-0.635000000000001,-5.39880911717567));
#3510=VECTOR('',#4529,1.0);
#3511=AXIS2_PLACEMENT_3D('',#4530,#4531,#4532);
#3512=CARTESIAN_POINT('',(6.0325,2.54,-1.5875));
#3513=CARTESIAN_POINT('',(6.0325,2.54,-0.9525));
#3514=CARTESIAN_POINT('',(6.0325,2.54,-3.77209145503284));
#3515=VECTOR('',#4533,1.0);
#3516=CARTESIAN_POINT('',(6.0325,8.70080911717567,-1.5875));
#3517=CARTESIAN_POINT('',(6.0325,-0.317500000000001,-1.5875));
#3518=VECTOR('',#4534,1.0);
#3519=CARTESIAN_POINT('',(6.0325,8.89,-1.42875));
#3520=CARTESIAN_POINT('',(6.0325,8.70080911717567,-1.5875));
#3521=VECTOR('',#4535,1.0);
#3522=CARTESIAN_POINT('',(6.0325,8.89,-1.11125));
#3523=CARTESIAN_POINT('',(6.0325,8.89,-1.42875));
#3524=VECTOR('',#4536,1.0);
#3525=CARTESIAN_POINT('',(6.0325,8.70080911717567,-0.9525));
#3526=CARTESIAN_POINT('',(6.0325,8.89,-1.11125));
#3527=VECTOR('',#4537,1.0);
#3528=CARTESIAN_POINT('',(6.0325,8.70080911717567,-0.9525));
#3529=VECTOR('',#4538,1.0);
#3530=CARTESIAN_POINT('',(5.3975,2.54,-1.5875));
#3531=CARTESIAN_POINT('',(5.55625,2.54,-1.5875));
#3532=VECTOR('',#4539,1.0);
#3533=CARTESIAN_POINT('',(5.3975,8.70080911717567,-1.5875));
#3534=CARTESIAN_POINT('',(5.3975,-0.317500000000001,-1.5875));
#3535=VECTOR('',#4540,1.0);
#3536=CARTESIAN_POINT('',(5.3975,8.70080911717567,-1.5875));
#3537=VECTOR('',#4541,1.0);
#3538=CARTESIAN_POINT('',(5.3975,0.0,-0.9525));
#3539=CARTESIAN_POINT('',(5.55625,4.44089209850063E-16,-0.9525));
#3540=VECTOR('',#4542,1.0);
#3541=CARTESIAN_POINT('',(5.3975,-0.317500000000001,-0.9525));
#3542=CARTESIAN_POINT('',(5.3975,8.70080911717567,-0.9525));
#3543=VECTOR('',#4543,1.0);
#3544=CARTESIAN_POINT('',(5.3975,-0.317500000000001,-0.9525));
#3545=VECTOR('',#4544,1.0);
#3546=CARTESIAN_POINT('',(5.3975,2.22044604925031E-16,-1.04151630710385));
#3547=VECTOR('',#4545,1.0);
#3548=CARTESIAN_POINT('',(5.3975,-0.635000000000001,-1.905));
#3549=AXIS2_PLACEMENT_3D('',#4546,#4547,#4548);
#3550=CARTESIAN_POINT('',(5.3975,-0.635000000000001,-5.39880911717567));
#3551=CARTESIAN_POINT('',(5.3975,-0.635000000000001,-5.39880911717567));
#3552=VECTOR('',#4549,1.0);
#3553=CARTESIAN_POINT('',(5.3975,-0.793750000000001,-5.588));
#3554=CARTESIAN_POINT('',(5.3975,-0.793750000000001,-5.588));
#3555=VECTOR('',#4550,1.0);
#3556=CARTESIAN_POINT('',(5.3975,-1.11125,-5.588));
#3557=CARTESIAN_POINT('',(5.3975,-1.11125,-5.588));
#3558=VECTOR('',#4551,1.0);
#3559=CARTESIAN_POINT('',(5.3975,-1.27,-5.39880911717567));
#3560=CARTESIAN_POINT('',(5.3975,-1.27,-5.39880911717567));
#3561=VECTOR('',#4552,1.0);
#3562=CARTESIAN_POINT('',(5.3975,-1.27,-1.905));
#3563=CARTESIAN_POINT('',(5.3975,-1.27,-1.905));
#3564=VECTOR('',#4553,1.0);
#3565=AXIS2_PLACEMENT_3D('',#4554,#4555,#4556);
#3566=CARTESIAN_POINT('',(5.3975,-0.793750000000001,-5.588));
#3567=VECTOR('',#4557,1.0);
#3568=CARTESIAN_POINT('',(5.3975,-0.635000000000001,-5.39880911717567));
#3569=VECTOR('',#4558,1.0);
#3570=CARTESIAN_POINT('',(5.3975,-1.11125,-5.588));
#3571=VECTOR('',#4559,1.0);
#3572=CARTESIAN_POINT('',(5.3975,-1.27,-5.39880911717567));
#3573=VECTOR('',#4560,1.0);
#3574=CARTESIAN_POINT('',(5.3975,-1.27,-1.905));
#3575=VECTOR('',#4561,1.0);
#3576=CARTESIAN_POINT('',(5.3975,-0.635000000000001,-1.905));
#3577=VECTOR('',#4562,1.0);
#3578=CARTESIAN_POINT('',(5.3975,2.54,-0.9525));
#3579=CARTESIAN_POINT('',(5.3975,2.54,-3.77209145503284));
#3580=VECTOR('',#4563,1.0);
#3581=CARTESIAN_POINT('',(5.3975,8.70080911717567,-0.9525));
#3582=CARTESIAN_POINT('',(5.3975,8.70080911717567,-0.9525));
#3583=VECTOR('',#4564,1.0);
#3584=CARTESIAN_POINT('',(5.3975,8.89,-1.11125));
#3585=CARTESIAN_POINT('',(5.3975,8.89,-1.11125));
#3586=VECTOR('',#4565,1.0);
#3587=CARTESIAN_POINT('',(5.3975,8.89,-1.42875));
#3588=CARTESIAN_POINT('',(5.3975,8.89,-1.42875));
#3589=VECTOR('',#4566,1.0);
#3590=CARTESIAN_POINT('',(5.3975,8.70080911717567,-1.5875));
#3591=VECTOR('',#4567,1.0);
#3592=CARTESIAN_POINT('',(5.55625,2.54,-0.9525));
#3593=VECTOR('',#4568,1.0);
#3594=CARTESIAN_POINT('',(5.3975,8.70080911717567,-0.9525));
#3595=VECTOR('',#4569,1.0);
#3596=CARTESIAN_POINT('',(5.3975,8.89,-1.11125));
#3597=VECTOR('',#4570,1.0);
#3598=CARTESIAN_POINT('',(5.3975,8.89,-1.42875));
#3599=VECTOR('',#4571,1.0);
#3600=CARTESIAN_POINT('',(3.4925,3.88578058618805E-16,-1.5875));
#3601=CARTESIAN_POINT('',(2.8575,3.88578058618805E-16,-1.5875));
#3602=CARTESIAN_POINT('',(4.28625,4.44089209850063E-16,-1.5875));
#3603=VECTOR('',#4572,1.0);
#3604=CARTESIAN_POINT('',(3.4925,-0.317500000000001,-1.5875));
#3605=CARTESIAN_POINT('',(3.4925,-0.317500000000001,-1.5875));
#3606=VECTOR('',#4573,1.0);
#3607=CARTESIAN_POINT('',(2.8575,-0.317500000000001,-1.5875));
#3608=CARTESIAN_POINT('',(2.8575,-0.317500000000001,-1.5875));
#3609=VECTOR('',#4574,1.0);
#3610=CARTESIAN_POINT('',(2.8575,-0.317500000000001,-1.5875));
#3611=VECTOR('',#4575,1.0);
#3612=CARTESIAN_POINT('',(3.4925,0.0,-0.9525));
#3613=CARTESIAN_POINT('',(3.4925,2.22044604925031E-16,-1.04151630710385));
#3614=VECTOR('',#4576,1.0);
#3615=CARTESIAN_POINT('',(3.4925,-0.317500000000001,-0.9525));
#3616=CARTESIAN_POINT('',(3.4925,8.70080911717567,-0.9525));
#3617=VECTOR('',#4577,1.0);
#3618=CARTESIAN_POINT('',(3.4925,-1.27,-1.905));
#3619=AXIS2_PLACEMENT_3D('',#4578,#4579,#4580);
#3620=CARTESIAN_POINT('',(3.4925,-1.27,-5.39880911717567));
#3621=CARTESIAN_POINT('',(3.4925,-1.27,-1.905));
#3622=VECTOR('',#4581,1.0);
#3623=CARTESIAN_POINT('',(3.4925,-1.11125,-5.588));
#3624=CARTESIAN_POINT('',(3.4925,-1.27,-5.39880911717567));
#3625=VECTOR('',#4582,1.0);
#3626=CARTESIAN_POINT('',(3.4925,-0.793750000000001,-5.588));
#3627=CARTESIAN_POINT('',(3.4925,-1.11125,-5.588));
#3628=VECTOR('',#4583,1.0);
#3629=CARTESIAN_POINT('',(3.4925,-0.635000000000001,-5.39880911717567));
#3630=CARTESIAN_POINT('',(3.4925,-0.793750000000001,-5.588));
#3631=VECTOR('',#4584,1.0);
#3632=CARTESIAN_POINT('',(3.4925,-0.635000000000001,-1.905));
#3633=CARTESIAN_POINT('',(3.4925,-0.635000000000001,-5.39880911717567));
#3634=VECTOR('',#4585,1.0);
#3635=AXIS2_PLACEMENT_3D('',#4586,#4587,#4588);
#3636=CARTESIAN_POINT('',(3.4925,2.54,-1.5875));
#3637=CARTESIAN_POINT('',(3.4925,2.54,-0.9525));
#3638=CARTESIAN_POINT('',(3.4925,2.54,-3.77209145503284));
#3639=VECTOR('',#4589,1.0);
#3640=CARTESIAN_POINT('',(3.4925,8.70080911717567,-1.5875));
#3641=CARTESIAN_POINT('',(3.4925,-0.317500000000001,-1.5875));
#3642=VECTOR('',#4590,1.0);
#3643=CARTESIAN_POINT('',(3.4925,8.89,-1.42875));
#3644=CARTESIAN_POINT('',(3.4925,8.70080911717567,-1.5875));
#3645=VECTOR('',#4591,1.0);
#3646=CARTESIAN_POINT('',(3.4925,8.89,-1.11125));
#3647=CARTESIAN_POINT('',(3.4925,8.89,-1.42875));
#3648=VECTOR('',#4592,1.0);
#3649=CARTESIAN_POINT('',(3.4925,8.70080911717567,-0.9525));
#3650=CARTESIAN_POINT('',(3.4925,8.89,-1.11125));
#3651=VECTOR('',#4593,1.0);
#3652=CARTESIAN_POINT('',(3.4925,8.70080911717567,-0.9525));
#3653=VECTOR('',#4594,1.0);
#3654=CARTESIAN_POINT('',(2.8575,2.54,-1.5875));
#3655=CARTESIAN_POINT('',(4.28625,2.54,-1.5875));
#3656=VECTOR('',#4595,1.0);
#3657=CARTESIAN_POINT('',(2.8575,8.70080911717567,-1.5875));
#3658=CARTESIAN_POINT('',(2.8575,-0.317500000000001,-1.5875));
#3659=VECTOR('',#4596,1.0);
#3660=CARTESIAN_POINT('',(2.8575,8.70080911717567,-1.5875));
#3661=VECTOR('',#4597,1.0);
#3662=CARTESIAN_POINT('',(2.8575,0.0,-0.9525));
#3663=CARTESIAN_POINT('',(4.28625,4.44089209850063E-16,-0.9525));
#3664=VECTOR('',#4598,1.0);
#3665=CARTESIAN_POINT('',(2.8575,-0.317500000000001,-0.9525));
#3666=CARTESIAN_POINT('',(2.8575,8.70080911717567,-0.9525));
#3667=VECTOR('',#4599,1.0);
#3668=CARTESIAN_POINT('',(2.8575,-0.317500000000001,-0.9525));
#3669=VECTOR('',#4600,1.0);
#3670=CARTESIAN_POINT('',(2.8575,2.22044604925031E-16,-1.04151630710385));
#3671=VECTOR('',#4601,1.0);
#3672=CARTESIAN_POINT('',(2.8575,-0.635000000000001,-1.905));
#3673=AXIS2_PLACEMENT_3D('',#4602,#4603,#4604);
#3674=CARTESIAN_POINT('',(2.8575,-0.635000000000001,-5.39880911717567));
#3675=CARTESIAN_POINT('',(2.8575,-0.635000000000001,-5.39880911717567));
#3676=VECTOR('',#4605,1.0);
#3677=CARTESIAN_POINT('',(2.8575,-0.793750000000001,-5.588));
#3678=CARTESIAN_POINT('',(2.8575,-0.793750000000001,-5.588));
#3679=VECTOR('',#4606,1.0);
#3680=CARTESIAN_POINT('',(2.8575,-1.11125,-5.588));
#3681=CARTESIAN_POINT('',(2.8575,-1.11125,-5.588));
#3682=VECTOR('',#4607,1.0);
#3683=CARTESIAN_POINT('',(2.8575,-1.27,-5.39880911717567));
#3684=CARTESIAN_POINT('',(2.8575,-1.27,-5.39880911717567));
#3685=VECTOR('',#4608,1.0);
#3686=CARTESIAN_POINT('',(2.8575,-1.27,-1.905));
#3687=CARTESIAN_POINT('',(2.8575,-1.27,-1.905));
#3688=VECTOR('',#4609,1.0);
#3689=AXIS2_PLACEMENT_3D('',#4610,#4611,#4612);
#3690=CARTESIAN_POINT('',(2.8575,-0.793750000000001,-5.588));
#3691=VECTOR('',#4613,1.0);
#3692=CARTESIAN_POINT('',(2.8575,-0.635000000000001,-5.39880911717567));
#3693=VECTOR('',#4614,1.0);
#3694=CARTESIAN_POINT('',(2.8575,-1.11125,-5.588));
#3695=VECTOR('',#4615,1.0);
#3696=CARTESIAN_POINT('',(2.8575,-1.27,-5.39880911717567));
#3697=VECTOR('',#4616,1.0);
#3698=CARTESIAN_POINT('',(2.8575,-1.27,-1.905));
#3699=VECTOR('',#4617,1.0);
#3700=CARTESIAN_POINT('',(2.8575,-0.635000000000001,-1.905));
#3701=VECTOR('',#4618,1.0);
#3702=CARTESIAN_POINT('',(2.8575,2.54,-0.9525));
#3703=CARTESIAN_POINT('',(2.8575,2.54,-3.77209145503284));
#3704=VECTOR('',#4619,1.0);
#3705=CARTESIAN_POINT('',(2.8575,8.70080911717567,-0.9525));
#3706=CARTESIAN_POINT('',(2.8575,8.70080911717567,-0.9525));
#3707=VECTOR('',#4620,1.0);
#3708=CARTESIAN_POINT('',(2.8575,8.89,-1.11125));
#3709=CARTESIAN_POINT('',(2.8575,8.89,-1.11125));
#3710=VECTOR('',#4621,1.0);
#3711=CARTESIAN_POINT('',(2.8575,8.89,-1.42875));
#3712=CARTESIAN_POINT('',(2.8575,8.89,-1.42875));
#3713=VECTOR('',#4622,1.0);
#3714=CARTESIAN_POINT('',(2.8575,8.70080911717567,-1.5875));
#3715=VECTOR('',#4623,1.0);
#3716=CARTESIAN_POINT('',(4.28625,2.54,-0.9525));
#3717=VECTOR('',#4624,1.0);
#3718=CARTESIAN_POINT('',(2.8575,8.70080911717567,-0.9525));
#3719=VECTOR('',#4625,1.0);
#3720=CARTESIAN_POINT('',(2.8575,8.89,-1.11125));
#3721=VECTOR('',#4626,1.0);
#3722=CARTESIAN_POINT('',(2.8575,8.89,-1.42875));
#3723=VECTOR('',#4627,1.0);
#3724=CARTESIAN_POINT('',(7.9375,1.66533453693773E-16,1.5875));
#3725=CARTESIAN_POINT('',(8.5725,1.66533453693773E-16,1.5875));
#3726=CARTESIAN_POINT('',(7.14375,4.44089209850063E-16,1.5875));
#3727=VECTOR('',#4628,1.0);
#3728=CARTESIAN_POINT('',(7.9375,-0.317500000000001,1.5875));
#3729=CARTESIAN_POINT('',(7.9375,-0.317500000000001,1.5875));
#3730=VECTOR('',#4629,1.0);
#3731=CARTESIAN_POINT('',(8.5725,-0.317500000000001,1.5875));
#3732=CARTESIAN_POINT('',(8.5725,-0.317500000000001,1.5875));
#3733=VECTOR('',#4630,1.0);
#3734=CARTESIAN_POINT('',(8.5725,-0.317500000000001,1.5875));
#3735=VECTOR('',#4631,1.0);
#3736=CARTESIAN_POINT('',(7.9375,0.0,0.9525));
#3737=CARTESIAN_POINT('',(7.9375,2.22044604925031E-16,0.940066602961833));
#3738=VECTOR('',#4632,1.0);
#3739=CARTESIAN_POINT('',(7.9375,-0.317500000000001,0.9525));
#3740=CARTESIAN_POINT('',(7.9375,8.70080911717567,0.9525));
#3741=VECTOR('',#4633,1.0);
#3742=CARTESIAN_POINT('',(7.9375,-1.27,1.905));
#3743=AXIS2_PLACEMENT_3D('',#4634,#4635,#4636);
#3744=CARTESIAN_POINT('',(7.9375,-1.27,5.39880911717567));
#3745=CARTESIAN_POINT('',(7.9375,-1.27,1.905));
#3746=VECTOR('',#4637,1.0);
#3747=CARTESIAN_POINT('',(7.9375,-1.11125,5.588));
#3748=CARTESIAN_POINT('',(7.9375,-1.27,5.39880911717567));
#3749=VECTOR('',#4638,1.0);
#3750=CARTESIAN_POINT('',(7.9375,-0.793750000000001,5.588));
#3751=CARTESIAN_POINT('',(7.9375,-1.11125,5.588));
#3752=VECTOR('',#4639,1.0);
#3753=CARTESIAN_POINT('',(7.9375,-0.635000000000001,5.39880911717567));
#3754=CARTESIAN_POINT('',(7.9375,-0.793750000000001,5.588));
#3755=VECTOR('',#4640,1.0);
#3756=CARTESIAN_POINT('',(7.9375,-0.635000000000001,1.905));
#3757=CARTESIAN_POINT('',(7.9375,-0.635000000000001,5.39880911717567));
#3758=VECTOR('',#4641,1.0);
#3759=AXIS2_PLACEMENT_3D('',#4642,#4643,#4644);
#3760=CARTESIAN_POINT('',(7.9375,2.54,1.5875));
#3761=CARTESIAN_POINT('',(7.9375,2.54,0.9525));
#3762=CARTESIAN_POINT('',(7.9375,2.54,-1.79050854496716));
#3763=VECTOR('',#4645,1.0);
#3764=CARTESIAN_POINT('',(7.9375,8.70080911717567,1.5875));
#3765=CARTESIAN_POINT('',(7.9375,-0.317500000000001,1.5875));
#3766=VECTOR('',#4646,1.0);
#3767=CARTESIAN_POINT('',(7.9375,8.89,1.42875));
#3768=CARTESIAN_POINT('',(7.9375,8.70080911717567,1.5875));
#3769=VECTOR('',#4647,1.0);
#3770=CARTESIAN_POINT('',(7.9375,8.89,1.11125));
#3771=CARTESIAN_POINT('',(7.9375,8.89,1.42875));
#3772=VECTOR('',#4648,1.0);
#3773=CARTESIAN_POINT('',(7.9375,8.70080911717567,0.9525));
#3774=CARTESIAN_POINT('',(7.9375,8.89,1.11125));
#3775=VECTOR('',#4649,1.0);
#3776=CARTESIAN_POINT('',(7.9375,8.70080911717567,0.9525));
#3777=VECTOR('',#4650,1.0);
#3778=CARTESIAN_POINT('',(8.5725,2.54,1.5875));
#3779=CARTESIAN_POINT('',(7.14375,2.54,1.5875));
#3780=VECTOR('',#4651,1.0);
#3781=CARTESIAN_POINT('',(8.5725,8.70080911717567,1.5875));
#3782=CARTESIAN_POINT('',(8.5725,-0.317500000000001,1.5875));
#3783=VECTOR('',#4652,1.0);
#3784=CARTESIAN_POINT('',(8.5725,8.70080911717567,1.5875));
#3785=VECTOR('',#4653,1.0);
#3786=CARTESIAN_POINT('',(8.5725,0.0,0.9525));
#3787=CARTESIAN_POINT('',(7.14375,4.44089209850063E-16,0.9525));
#3788=VECTOR('',#4654,1.0);
#3789=CARTESIAN_POINT('',(8.5725,-0.317500000000001,0.9525));
#3790=CARTESIAN_POINT('',(8.5725,8.70080911717567,0.9525));
#3791=VECTOR('',#4655,1.0);
#3792=CARTESIAN_POINT('',(8.5725,-0.317500000000001,0.9525));
#3793=VECTOR('',#4656,1.0);
#3794=CARTESIAN_POINT('',(8.5725,2.22044604925031E-16,0.940066602961833));
#3795=VECTOR('',#4657,1.0);
#3796=CARTESIAN_POINT('',(8.5725,-0.635000000000001,1.905));
#3797=AXIS2_PLACEMENT_3D('',#4658,#4659,#4660);
#3798=CARTESIAN_POINT('',(8.5725,-0.635000000000001,5.39880911717567));
#3799=CARTESIAN_POINT('',(8.5725,-0.635000000000001,5.39880911717567));
#3800=VECTOR('',#4661,1.0);
#3801=CARTESIAN_POINT('',(8.5725,-0.793750000000001,5.588));
#3802=CARTESIAN_POINT('',(8.5725,-0.793750000000001,5.588));
#3803=VECTOR('',#4662,1.0);
#3804=CARTESIAN_POINT('',(8.5725,-1.11125,5.588));
#3805=CARTESIAN_POINT('',(8.5725,-1.11125,5.588));
#3806=VECTOR('',#4663,1.0);
#3807=CARTESIAN_POINT('',(8.5725,-1.27,5.39880911717567));
#3808=CARTESIAN_POINT('',(8.5725,-1.27,5.39880911717567));
#3809=VECTOR('',#4664,1.0);
#3810=CARTESIAN_POINT('',(8.5725,-1.27,1.905));
#3811=CARTESIAN_POINT('',(8.5725,-1.27,1.905));
#3812=VECTOR('',#4665,1.0);
#3813=AXIS2_PLACEMENT_3D('',#4666,#4667,#4668);
#3814=CARTESIAN_POINT('',(8.5725,-0.793750000000001,5.588));
#3815=VECTOR('',#4669,1.0);
#3816=CARTESIAN_POINT('',(8.5725,-0.635000000000001,5.39880911717567));
#3817=VECTOR('',#4670,1.0);
#3818=CARTESIAN_POINT('',(8.5725,-1.11125,5.588));
#3819=VECTOR('',#4671,1.0);
#3820=CARTESIAN_POINT('',(8.5725,-1.27,5.39880911717567));
#3821=VECTOR('',#4672,1.0);
#3822=CARTESIAN_POINT('',(8.5725,-1.27,1.905));
#3823=VECTOR('',#4673,1.0);
#3824=CARTESIAN_POINT('',(8.5725,-0.635000000000001,1.905));
#3825=VECTOR('',#4674,1.0);
#3826=CARTESIAN_POINT('',(8.5725,2.54,0.9525));
#3827=CARTESIAN_POINT('',(8.5725,2.54,-1.79050854496716));
#3828=VECTOR('',#4675,1.0);
#3829=CARTESIAN_POINT('',(8.5725,8.70080911717567,0.9525));
#3830=CARTESIAN_POINT('',(8.5725,8.70080911717567,0.9525));
#3831=VECTOR('',#4676,1.0);
#3832=CARTESIAN_POINT('',(8.5725,8.89,1.11125));
#3833=CARTESIAN_POINT('',(8.5725,8.89,1.11125));
#3834=VECTOR('',#4677,1.0);
#3835=CARTESIAN_POINT('',(8.5725,8.89,1.42875));
#3836=CARTESIAN_POINT('',(8.5725,8.89,1.42875));
#3837=VECTOR('',#4678,1.0);
#3838=CARTESIAN_POINT('',(8.5725,8.70080911717567,1.5875));
#3839=VECTOR('',#4679,1.0);
#3840=CARTESIAN_POINT('',(7.14375,2.54,0.9525));
#3841=VECTOR('',#4680,1.0);
#3842=CARTESIAN_POINT('',(8.5725,8.70080911717567,0.9525));
#3843=VECTOR('',#4681,1.0);
#3844=CARTESIAN_POINT('',(8.5725,8.89,1.11125));
#3845=VECTOR('',#4682,1.0);
#3846=CARTESIAN_POINT('',(8.5725,8.89,1.42875));
#3847=VECTOR('',#4683,1.0);
#3848=CARTESIAN_POINT('',(5.3975,1.66533453693773E-16,1.5875));
#3849=CARTESIAN_POINT('',(6.0325,1.66533453693773E-16,1.5875));
#3850=CARTESIAN_POINT('',(5.87375,4.44089209850063E-16,1.5875));
#3851=VECTOR('',#4684,1.0);
#3852=CARTESIAN_POINT('',(5.3975,-0.317500000000001,1.5875));
#3853=CARTESIAN_POINT('',(5.3975,-0.317500000000001,1.5875));
#3854=VECTOR('',#4685,1.0);
#3855=CARTESIAN_POINT('',(6.0325,-0.317500000000001,1.5875));
#3856=CARTESIAN_POINT('',(6.0325,-0.317500000000001,1.5875));
#3857=VECTOR('',#4686,1.0);
#3858=CARTESIAN_POINT('',(6.0325,-0.317500000000001,1.5875));
#3859=VECTOR('',#4687,1.0);
#3860=CARTESIAN_POINT('',(5.3975,0.0,0.9525));
#3861=CARTESIAN_POINT('',(5.3975,2.22044604925031E-16,0.940066602961834));
#3862=VECTOR('',#4688,1.0);
#3863=CARTESIAN_POINT('',(5.3975,-0.317500000000001,0.9525));
#3864=CARTESIAN_POINT('',(5.3975,8.70080911717567,0.9525));
#3865=VECTOR('',#4689,1.0);
#3866=CARTESIAN_POINT('',(5.3975,-1.27,1.905));
#3867=AXIS2_PLACEMENT_3D('',#4690,#4691,#4692);
#3868=CARTESIAN_POINT('',(5.3975,-1.27,5.39880911717567));
#3869=CARTESIAN_POINT('',(5.3975,-1.27,1.905));
#3870=VECTOR('',#4693,1.0);
#3871=CARTESIAN_POINT('',(5.3975,-1.11125,5.588));
#3872=CARTESIAN_POINT('',(5.3975,-1.27,5.39880911717567));
#3873=VECTOR('',#4694,1.0);
#3874=CARTESIAN_POINT('',(5.3975,-0.793750000000001,5.588));
#3875=CARTESIAN_POINT('',(5.3975,-1.11125,5.588));
#3876=VECTOR('',#4695,1.0);
#3877=CARTESIAN_POINT('',(5.3975,-0.635000000000001,5.39880911717567));
#3878=CARTESIAN_POINT('',(5.3975,-0.793750000000001,5.588));
#3879=VECTOR('',#4696,1.0);
#3880=CARTESIAN_POINT('',(5.3975,-0.635000000000001,1.905));
#3881=CARTESIAN_POINT('',(5.3975,-0.635000000000001,5.39880911717567));
#3882=VECTOR('',#4697,1.0);
#3883=AXIS2_PLACEMENT_3D('',#4698,#4699,#4700);
#3884=CARTESIAN_POINT('',(5.3975,2.54,1.5875));
#3885=CARTESIAN_POINT('',(5.3975,2.54,0.9525));
#3886=CARTESIAN_POINT('',(5.3975,2.54,-1.79050854496716));
#3887=VECTOR('',#4701,1.0);
#3888=CARTESIAN_POINT('',(5.3975,8.70080911717567,1.5875));
#3889=CARTESIAN_POINT('',(5.3975,-0.317500000000001,1.5875));
#3890=VECTOR('',#4702,1.0);
#3891=CARTESIAN_POINT('',(5.3975,8.89,1.42875));
#3892=CARTESIAN_POINT('',(5.3975,8.70080911717567,1.5875));
#3893=VECTOR('',#4703,1.0);
#3894=CARTESIAN_POINT('',(5.3975,8.89,1.11125));
#3895=CARTESIAN_POINT('',(5.3975,8.89,1.42875));
#3896=VECTOR('',#4704,1.0);
#3897=CARTESIAN_POINT('',(5.3975,8.70080911717567,0.9525));
#3898=CARTESIAN_POINT('',(5.3975,8.89,1.11125));
#3899=VECTOR('',#4705,1.0);
#3900=CARTESIAN_POINT('',(5.3975,8.70080911717567,0.9525));
#3901=VECTOR('',#4706,1.0);
#3902=CARTESIAN_POINT('',(6.0325,2.54,1.5875));
#3903=CARTESIAN_POINT('',(5.87375,2.54,1.5875));
#3904=VECTOR('',#4707,1.0);
#3905=CARTESIAN_POINT('',(6.0325,8.70080911717567,1.5875));
#3906=CARTESIAN_POINT('',(6.0325,-0.317500000000001,1.5875));
#3907=VECTOR('',#4708,1.0);
#3908=CARTESIAN_POINT('',(6.0325,8.70080911717567,1.5875));
#3909=VECTOR('',#4709,1.0);
#3910=CARTESIAN_POINT('',(6.0325,0.0,0.9525));
#3911=CARTESIAN_POINT('',(5.87375,4.44089209850063E-16,0.9525));
#3912=VECTOR('',#4710,1.0);
#3913=CARTESIAN_POINT('',(6.0325,-0.317500000000001,0.9525));
#3914=CARTESIAN_POINT('',(6.0325,8.70080911717567,0.9525));
#3915=VECTOR('',#4711,1.0);
#3916=CARTESIAN_POINT('',(6.0325,-0.317500000000001,0.9525));
#3917=VECTOR('',#4712,1.0);
#3918=CARTESIAN_POINT('',(6.0325,2.22044604925031E-16,0.940066602961834));
#3919=VECTOR('',#4713,1.0);
#3920=CARTESIAN_POINT('',(6.0325,-0.635000000000001,1.905));
#3921=AXIS2_PLACEMENT_3D('',#4714,#4715,#4716);
#3922=CARTESIAN_POINT('',(6.0325,-0.635000000000001,5.39880911717567));
#3923=CARTESIAN_POINT('',(6.0325,-0.635000000000001,5.39880911717567));
#3924=VECTOR('',#4717,1.0);
#3925=CARTESIAN_POINT('',(6.0325,-0.793750000000001,5.588));
#3926=CARTESIAN_POINT('',(6.0325,-0.793750000000001,5.588));
#3927=VECTOR('',#4718,1.0);
#3928=CARTESIAN_POINT('',(6.0325,-1.11125,5.588));
#3929=CARTESIAN_POINT('',(6.0325,-1.11125,5.588));
#3930=VECTOR('',#4719,1.0);
#3931=CARTESIAN_POINT('',(6.0325,-1.27,5.39880911717567));
#3932=CARTESIAN_POINT('',(6.0325,-1.27,5.39880911717567));
#3933=VECTOR('',#4720,1.0);
#3934=CARTESIAN_POINT('',(6.0325,-1.27,1.905));
#3935=CARTESIAN_POINT('',(6.0325,-1.27,1.905));
#3936=VECTOR('',#4721,1.0);
#3937=AXIS2_PLACEMENT_3D('',#4722,#4723,#4724);
#3938=CARTESIAN_POINT('',(6.0325,-0.793750000000001,5.588));
#3939=VECTOR('',#4725,1.0);
#3940=CARTESIAN_POINT('',(6.0325,-0.635000000000001,5.39880911717567));
#3941=VECTOR('',#4726,1.0);
#3942=CARTESIAN_POINT('',(6.0325,-1.11125,5.588));
#3943=VECTOR('',#4727,1.0);
#3944=CARTESIAN_POINT('',(6.0325,-1.27,5.39880911717567));
#3945=VECTOR('',#4728,1.0);
#3946=CARTESIAN_POINT('',(6.0325,-1.27,1.905));
#3947=VECTOR('',#4729,1.0);
#3948=CARTESIAN_POINT('',(6.0325,-0.635000000000001,1.905));
#3949=VECTOR('',#4730,1.0);
#3950=CARTESIAN_POINT('',(6.0325,2.54,0.9525));
#3951=CARTESIAN_POINT('',(6.0325,2.54,-1.79050854496716));
#3952=VECTOR('',#4731,1.0);
#3953=CARTESIAN_POINT('',(6.0325,8.70080911717567,0.9525));
#3954=CARTESIAN_POINT('',(6.0325,8.70080911717567,0.9525));
#3955=VECTOR('',#4732,1.0);
#3956=CARTESIAN_POINT('',(6.0325,8.89,1.11125));
#3957=CARTESIAN_POINT('',(6.0325,8.89,1.11125));
#3958=VECTOR('',#4733,1.0);
#3959=CARTESIAN_POINT('',(6.0325,8.89,1.42875));
#3960=CARTESIAN_POINT('',(6.0325,8.89,1.42875));
#3961=VECTOR('',#4734,1.0);
#3962=CARTESIAN_POINT('',(6.0325,8.70080911717567,1.5875));
#3963=VECTOR('',#4735,1.0);
#3964=CARTESIAN_POINT('',(5.87375,2.54,0.9525));
#3965=VECTOR('',#4736,1.0);
#3966=CARTESIAN_POINT('',(6.0325,8.70080911717567,0.9525));
#3967=VECTOR('',#4737,1.0);
#3968=CARTESIAN_POINT('',(6.0325,8.89,1.11125));
#3969=VECTOR('',#4738,1.0);
#3970=CARTESIAN_POINT('',(6.0325,8.89,1.42875));
#3971=VECTOR('',#4739,1.0);
#3972=CARTESIAN_POINT('',(2.8575,1.66533453693773E-16,1.5875));
#3973=CARTESIAN_POINT('',(3.4925,1.66533453693773E-16,1.5875));
#3974=CARTESIAN_POINT('',(4.60375,4.44089209850063E-16,1.5875));
#3975=VECTOR('',#4740,1.0);
#3976=CARTESIAN_POINT('',(2.8575,-0.317500000000001,1.5875));
#3977=CARTESIAN_POINT('',(2.8575,-0.317500000000001,1.5875));
#3978=VECTOR('',#4741,1.0);
#3979=CARTESIAN_POINT('',(3.4925,-0.317500000000001,1.5875));
#3980=CARTESIAN_POINT('',(3.4925,-0.317500000000001,1.5875));
#3981=VECTOR('',#4742,1.0);
#3982=CARTESIAN_POINT('',(3.4925,-0.317500000000001,1.5875));
#3983=VECTOR('',#4743,1.0);
#3984=CARTESIAN_POINT('',(2.8575,0.0,0.9525));
#3985=CARTESIAN_POINT('',(2.8575,2.22044604925031E-16,0.940066602961834));
#3986=VECTOR('',#4744,1.0);
#3987=CARTESIAN_POINT('',(2.8575,-0.317500000000001,0.9525));
#3988=CARTESIAN_POINT('',(2.8575,8.70080911717567,0.9525));
#3989=VECTOR('',#4745,1.0);
#3990=CARTESIAN_POINT('',(2.8575,-1.27,1.905));
#3991=AXIS2_PLACEMENT_3D('',#4746,#4747,#4748);
#3992=CARTESIAN_POINT('',(2.8575,-1.27,5.39880911717567));
#3993=CARTESIAN_POINT('',(2.8575,-1.27,1.905));
#3994=VECTOR('',#4749,1.0);
#3995=CARTESIAN_POINT('',(2.8575,-1.11125,5.588));
#3996=CARTESIAN_POINT('',(2.8575,-1.27,5.39880911717567));
#3997=VECTOR('',#4750,1.0);
#3998=CARTESIAN_POINT('',(2.8575,-0.793750000000001,5.588));
#3999=CARTESIAN_POINT('',(2.8575,-1.11125,5.588));
#4000=VECTOR('',#4751,1.0);
#4001=CARTESIAN_POINT('',(2.8575,-0.635000000000001,5.39880911717567));
#4002=CARTESIAN_POINT('',(2.8575,-0.793750000000001,5.588));
#4003=VECTOR('',#4752,1.0);
#4004=CARTESIAN_POINT('',(2.8575,-0.635000000000001,1.905));
#4005=CARTESIAN_POINT('',(2.8575,-0.635000000000001,5.39880911717567));
#4006=VECTOR('',#4753,1.0);
#4007=AXIS2_PLACEMENT_3D('',#4754,#4755,#4756);
#4008=CARTESIAN_POINT('',(2.8575,2.54,1.5875));
#4009=CARTESIAN_POINT('',(2.8575,2.54,0.9525));
#4010=CARTESIAN_POINT('',(2.8575,2.54,-1.79050854496716));
#4011=VECTOR('',#4757,1.0);
#4012=CARTESIAN_POINT('',(2.8575,8.70080911717567,1.5875));
#4013=CARTESIAN_POINT('',(2.8575,-0.317500000000001,1.5875));
#4014=VECTOR('',#4758,1.0);
#4015=CARTESIAN_POINT('',(2.8575,8.89,1.42875));
#4016=CARTESIAN_POINT('',(2.8575,8.70080911717567,1.5875));
#4017=VECTOR('',#4759,1.0);
#4018=CARTESIAN_POINT('',(2.8575,8.89,1.11125));
#4019=CARTESIAN_POINT('',(2.8575,8.89,1.42875));
#4020=VECTOR('',#4760,1.0);
#4021=CARTESIAN_POINT('',(2.8575,8.70080911717567,0.9525));
#4022=CARTESIAN_POINT('',(2.8575,8.89,1.11125));
#4023=VECTOR('',#4761,1.0);
#4024=CARTESIAN_POINT('',(2.8575,8.70080911717567,0.9525));
#4025=VECTOR('',#4762,1.0);
#4026=CARTESIAN_POINT('',(3.4925,2.54,1.5875));
#4027=CARTESIAN_POINT('',(4.60375,2.54,1.5875));
#4028=VECTOR('',#4763,1.0);
#4029=CARTESIAN_POINT('',(3.4925,8.70080911717567,1.5875));
#4030=CARTESIAN_POINT('',(3.4925,-0.317500000000001,1.5875));
#4031=VECTOR('',#4764,1.0);
#4032=CARTESIAN_POINT('',(3.4925,8.70080911717567,1.5875));
#4033=VECTOR('',#4765,1.0);
#4034=CARTESIAN_POINT('',(3.4925,0.0,0.9525));
#4035=CARTESIAN_POINT('',(4.60375,4.44089209850063E-16,0.9525));
#4036=VECTOR('',#4766,1.0);
#4037=CARTESIAN_POINT('',(3.4925,-0.317500000000001,0.9525));
#4038=CARTESIAN_POINT('',(3.4925,8.70080911717567,0.9525));
#4039=VECTOR('',#4767,1.0);
#4040=CARTESIAN_POINT('',(3.4925,-0.317500000000001,0.9525));
#4041=VECTOR('',#4768,1.0);
#4042=CARTESIAN_POINT('',(3.4925,2.22044604925031E-16,0.940066602961834));
#4043=VECTOR('',#4769,1.0);
#4044=CARTESIAN_POINT('',(3.4925,-0.635000000000001,1.905));
#4045=AXIS2_PLACEMENT_3D('',#4770,#4771,#4772);
#4046=CARTESIAN_POINT('',(3.4925,-0.635000000000001,5.39880911717567));
#4047=CARTESIAN_POINT('',(3.4925,-0.635000000000001,5.39880911717567));
#4048=VECTOR('',#4773,1.0);
#4049=CARTESIAN_POINT('',(3.4925,-0.793750000000001,5.588));
#4050=CARTESIAN_POINT('',(3.4925,-0.793750000000001,5.588));
#4051=VECTOR('',#4774,1.0);
#4052=CARTESIAN_POINT('',(3.4925,-1.11125,5.588));
#4053=CARTESIAN_POINT('',(3.4925,-1.11125,5.588));
#4054=VECTOR('',#4775,1.0);
#4055=CARTESIAN_POINT('',(3.4925,-1.27,5.39880911717567));
#4056=CARTESIAN_POINT('',(3.4925,-1.27,5.39880911717567));
#4057=VECTOR('',#4776,1.0);
#4058=CARTESIAN_POINT('',(3.4925,-1.27,1.905));
#4059=CARTESIAN_POINT('',(3.4925,-1.27,1.905));
#4060=VECTOR('',#4777,1.0);
#4061=AXIS2_PLACEMENT_3D('',#4778,#4779,#4780);
#4062=CARTESIAN_POINT('',(3.4925,-0.793750000000001,5.588));
#4063=VECTOR('',#4781,1.0);
#4064=CARTESIAN_POINT('',(3.4925,-0.635000000000001,5.39880911717567));
#4065=VECTOR('',#4782,1.0);
#4066=CARTESIAN_POINT('',(3.4925,-1.11125,5.588));
#4067=VECTOR('',#4783,1.0);
#4068=CARTESIAN_POINT('',(3.4925,-1.27,5.39880911717567));
#4069=VECTOR('',#4784,1.0);
#4070=CARTESIAN_POINT('',(3.4925,-1.27,1.905));
#4071=VECTOR('',#4785,1.0);
#4072=CARTESIAN_POINT('',(3.4925,-0.635000000000001,1.905));
#4073=VECTOR('',#4786,1.0);
#4074=CARTESIAN_POINT('',(3.4925,2.54,0.9525));
#4075=CARTESIAN_POINT('',(3.4925,2.54,-1.79050854496716));
#4076=VECTOR('',#4787,1.0);
#4077=CARTESIAN_POINT('',(3.4925,8.70080911717567,0.9525));
#4078=CARTESIAN_POINT('',(3.4925,8.70080911717567,0.9525));
#4079=VECTOR('',#4788,1.0);
#4080=CARTESIAN_POINT('',(3.4925,8.89,1.11125));
#4081=CARTESIAN_POINT('',(3.4925,8.89,1.11125));
#4082=VECTOR('',#4789,1.0);
#4083=CARTESIAN_POINT('',(3.4925,8.89,1.42875));
#4084=CARTESIAN_POINT('',(3.4925,8.89,1.42875));
#4085=VECTOR('',#4790,1.0);
#4086=CARTESIAN_POINT('',(3.4925,8.70080911717567,1.5875));
#4087=VECTOR('',#4791,1.0);
#4088=CARTESIAN_POINT('',(4.60375,2.54,0.9525));
#4089=VECTOR('',#4792,1.0);
#4090=CARTESIAN_POINT('',(3.4925,8.70080911717567,0.9525));
#4091=VECTOR('',#4793,1.0);
#4092=CARTESIAN_POINT('',(3.4925,8.89,1.11125));
#4093=VECTOR('',#4794,1.0);
#4094=CARTESIAN_POINT('',(3.4925,8.89,1.42875));
#4095=VECTOR('',#4795,1.0);
#4096=CARTESIAN_POINT('',(1.5875,5.856208734813,4.6355));
#4097=CARTESIAN_POINT('',(0.7811556626168,8.88,4.6355));
#4098=CARTESIAN_POINT('',(2.25191500297532,3.36465247365555,4.6355));
#4099=VECTOR('',#4796,1.0);
#4100=CARTESIAN_POINT('',(1.5875,5.856208734813,4.7625));
#4101=CARTESIAN_POINT('',(1.5875,5.856208734813,4.5085));
#4102=VECTOR('',#4797,1.0);
#4103=CARTESIAN_POINT('',(0.7811556626168,8.88,4.7625));
#4104=CARTESIAN_POINT('',(0.7811556626168,8.88,4.7625));
#4105=VECTOR('',#4798,1.0);
#4106=CARTESIAN_POINT('',(0.7811556626168,8.88,4.5085));
#4107=VECTOR('',#4799,1.0);
#4108=CARTESIAN_POINT('',(2.3938443373832,8.88,4.6355));
#4109=CARTESIAN_POINT('',(1.19710989329024,4.3922458346514,4.6355));
#4110=VECTOR('',#4800,1.0);
#4111=CARTESIAN_POINT('',(2.3938443373832,8.88,4.7625));
#4112=CARTESIAN_POINT('',(2.3938443373832,8.88,4.5085));
#4113=VECTOR('',#4801,1.0);
#4114=CARTESIAN_POINT('',(1.5875,5.856208734813,4.7625));
#4115=VECTOR('',#4802,1.0);
#4116=CARTESIAN_POINT('',(3.65125,8.88,4.6355));
#4117=VECTOR('',#4803,1.0);
#4118=CARTESIAN_POINT('',(0.7811556626168,8.88,4.7625));
#4119=VECTOR('',#4804,1.0);
#4120=CARTESIAN_POINT('',(11.43,6.35,-1.651));
#4121=CARTESIAN_POINT('',(11.43,3.84937105141992E-16,-1.651));
#4122=CARTESIAN_POINT('',(11.43,1.27,-1.651));
#4123=VECTOR('',#4805,1.0);
#4124=CARTESIAN_POINT('',(10.16,6.35,-1.651));
#4125=CARTESIAN_POINT('',(11.159,6.35,-1.651));
#4126=VECTOR('',#4806,1.0);
#4127=CARTESIAN_POINT('',(10.16,2.54,-1.651));
#4128=CARTESIAN_POINT('',(10.16,4.0005,-1.651));
#4129=VECTOR('',#4807,1.0);
#4130=CARTESIAN_POINT('',(10.159,2.54,-1.651));
#4131=CARTESIAN_POINT('',(8.437,2.54,-1.651));
#4132=VECTOR('',#4808,1.0);
#4133=CARTESIAN_POINT('',(10.159,4.44089209850063E-16,-1.651));
#4134=CARTESIAN_POINT('',(10.159,2.54,-1.651));
#4135=VECTOR('',#4809,1.0);
#4136=CARTESIAN_POINT('',(8.437,2.22044604925031E-16,-1.651));
#4137=VECTOR('',#4810,1.0);
#4138=CARTESIAN_POINT('',(10.159,4.44089209850063E-16,1.651));
#4139=CARTESIAN_POINT('',(10.159,2.22044604925031E-16,-0.0507248520710055));
#4140=VECTOR('',#4811,1.0);
#4141=CARTESIAN_POINT('',(10.159,2.54,1.651));
#4142=CARTESIAN_POINT('',(10.159,2.54,-2.7813));
#4143=VECTOR('',#4812,1.0);
#4144=CARTESIAN_POINT('',(10.159,2.54,1.651));
#4145=VECTOR('',#4813,1.0);
#4146=CARTESIAN_POINT('',(11.43,1.82747918602764E-16,1.651));
#4147=CARTESIAN_POINT('',(11.43,6.35,1.651));
#4148=CARTESIAN_POINT('',(11.43,1.27,1.651));
#4149=VECTOR('',#4814,1.0);
#4150=CARTESIAN_POINT('',(8.437,2.22044604925031E-16,1.651));
#4151=VECTOR('',#4815,1.0);
#4152=CARTESIAN_POINT('',(10.16,2.54,1.651));
#4153=CARTESIAN_POINT('',(8.437,2.54,1.651));
#4154=VECTOR('',#4816,1.0);
#4155=CARTESIAN_POINT('',(10.16,6.35,1.651));
#4156=CARTESIAN_POINT('',(10.16,4.0005,1.651));
#4157=VECTOR('',#4817,1.0);
#4158=CARTESIAN_POINT('',(11.159,6.35,1.651));
#4159=VECTOR('',#4818,1.0);
#4160=CARTESIAN_POINT('',(11.43,6.35,3.33348858727909E-16));
#4161=VECTOR('',#4819,1.0);
#4162=CARTESIAN_POINT('',(10.16,6.35,-2.7813));
#4163=VECTOR('',#4820,1.0);
#4164=CARTESIAN_POINT('',(11.43,0.0,4.6355));
#4165=CARTESIAN_POINT('',(11.43,0.0,4.6355));
#4166=VECTOR('',#4821,1.0);
#4167=CARTESIAN_POINT('',(0.0,0.0,4.6355));
#4168=CARTESIAN_POINT('',(0.0,0.0,4.6355));
#4169=VECTOR('',#4822,1.0);
#4170=CARTESIAN_POINT('',(5.48225649447433E-16,1.82747918602764E-16,1.651));
#4171=CARTESIAN_POINT('',(1.70299882594309E-15,5.67685023744755E-16,-4.6355));
#4172=VECTOR('',#4823,1.0);
#4173=CARTESIAN_POINT('',(1.271,4.44089209850063E-16,1.651));
#4174=CARTESIAN_POINT('',(2.993,2.22044604925031E-16,1.651));
#4175=VECTOR('',#4824,1.0);
#4176=CARTESIAN_POINT('',(1.271,4.44089209850063E-16,-1.651));
#4177=CARTESIAN_POINT('',(1.271,2.22044604925031E-16,-0.050724852071006));
#4178=VECTOR('',#4825,1.0);
#4179=CARTESIAN_POINT('',(1.15477317649566E-15,3.84937105141992E-16,-1.651));
#4180=CARTESIAN_POINT('',(2.993,2.22044604925031E-16,-1.651));
#4181=VECTOR('',#4826,1.0);
#4182=CARTESIAN_POINT('',(1.77635683940025E-15,5.67685023744755E-16,-4.6355));
#4183=CARTESIAN_POINT('',(1.70299882594309E-15,5.67685023744755E-16,-4.6355));
#4184=VECTOR('',#4827,1.0);
#4185=CARTESIAN_POINT('',(1.27,5.67685023744755E-16,-4.6355));
#4186=CARTESIAN_POINT('',(1.27,5.67685023744755E-16,-4.6355));
#4187=VECTOR('',#4828,1.0);
#4188=CARTESIAN_POINT('',(1.27,5.44355502220998E-16,-4.2545));
#4189=CARTESIAN_POINT('',(1.27,5.44355502220998E-16,-4.2545));
#4190=VECTOR('',#4829,1.0);
#4191=CARTESIAN_POINT('',(2.159,5.44355502220998E-16,-4.2545));
#4192=CARTESIAN_POINT('',(4.445,5.44355502220998E-16,-4.2545));
#4193=VECTOR('',#4830,1.0);
#4194=CARTESIAN_POINT('',(2.159,4.44089209850063E-16,-2.3495));
#4195=CARTESIAN_POINT('',(2.159,4.02455846426619E-16,-1.89863332412902));
#4196=VECTOR('',#4831,1.0);
#4197=CARTESIAN_POINT('',(9.271,4.44089209850063E-16,-2.3495));
#4198=CARTESIAN_POINT('',(3.937,3.88578058618805E-16,-2.3495));
#4199=VECTOR('',#4832,1.0);
#4200=CARTESIAN_POINT('',(9.271,5.44355502220998E-16,-4.2545));
#4201=CARTESIAN_POINT('',(9.271,4.02455846426619E-16,-1.89863332412902));
#4202=VECTOR('',#4833,1.0);
#4203=CARTESIAN_POINT('',(10.16,5.44355502220998E-16,-4.2545));
#4204=CARTESIAN_POINT('',(10.16,5.44355502220998E-16,-4.2545));
#4205=VECTOR('',#4834,1.0);
#4206=CARTESIAN_POINT('',(10.16,5.67685023744755E-16,-4.6355));
#4207=CARTESIAN_POINT('',(10.16,5.67685023744755E-16,-4.6355));
#4208=VECTOR('',#4835,1.0);
#4209=CARTESIAN_POINT('',(11.43,5.67685023744755E-16,-4.6355));
#4210=CARTESIAN_POINT('',(11.43,5.67685023744755E-16,-4.6355));
#4211=VECTOR('',#4836,1.0);
#4212=CARTESIAN_POINT('',(11.43,0.0,4.6355));
#4213=VECTOR('',#4837,1.0);
#4214=CARTESIAN_POINT('',(10.033,1.39977129142542E-16,2.3495));
#4215=CARTESIAN_POINT('',(10.033,0.0,3.1115));
#4216=AXIS2_PLACEMENT_3D('',#4838,#4839,#4840);
#4217=AXIS2_PLACEMENT_3D('',#4841,#4842,#4843);
#4218=CARTESIAN_POINT('',(1.397,1.39977129142542E-16,2.3495));
#4219=CARTESIAN_POINT('',(1.397,0.0,3.1115));
#4220=AXIS2_PLACEMENT_3D('',#4844,#4845,#4846);
#4221=AXIS2_PLACEMENT_3D('',#4847,#4848,#4849);
#4222=CARTESIAN_POINT('',(10.033,4.74366937649727E-16,-3.1115));
#4223=CARTESIAN_POINT('',(10.033,0.0,-2.3495));
#4224=AXIS2_PLACEMENT_3D('',#4850,#4851,#4852);
#4225=AXIS2_PLACEMENT_3D('',#4853,#4854,#4855);
#4226=CARTESIAN_POINT('',(1.397,4.74366937649727E-16,-3.1115));
#4227=CARTESIAN_POINT('',(1.397,0.0,-2.3495));
#4228=AXIS2_PLACEMENT_3D('',#4856,#4857,#4858);
#4229=AXIS2_PLACEMENT_3D('',#4859,#4860,#4861);
#4230=CARTESIAN_POINT('',(10.16,2.54,3.175));
#4231=CARTESIAN_POINT('',(10.16,2.54,-5.5626));
#4232=VECTOR('',#4862,1.0);
#4233=CARTESIAN_POINT('',(10.16,8.382,3.175));
#4234=CARTESIAN_POINT('',(10.16,5.461,3.175));
#4235=VECTOR('',#4863,1.0);
#4236=CARTESIAN_POINT('',(10.16,8.382,-3.175));
#4237=CARTESIAN_POINT('',(10.16,8.382,-5.5626));
#4238=VECTOR('',#4864,1.0);
#4239=CARTESIAN_POINT('',(10.16,2.54,-3.175));
#4240=CARTESIAN_POINT('',(10.16,5.461,-3.175));
#4241=VECTOR('',#4865,1.0);
#4242=CARTESIAN_POINT('',(10.16,2.54,-5.5626));
#4243=VECTOR('',#4866,1.0);
#4244=CARTESIAN_POINT('',(1.27,6.35,1.651));
#4245=CARTESIAN_POINT('',(1.27,6.35,-1.651));
#4246=CARTESIAN_POINT('',(1.27,6.35,-2.7813));
#4247=VECTOR('',#4867,1.0);
#4248=CARTESIAN_POINT('',(5.55111512312578E-16,6.35,1.651));
#4249=CARTESIAN_POINT('',(0.270999999999999,6.35,1.651));
#4250=VECTOR('',#4868,1.0);
#4251=CARTESIAN_POINT('',(1.11022302462516E-15,6.35,-1.651));
#4252=CARTESIAN_POINT('',(8.60422844084496E-16,6.35,-2.48901241414397E-17));
#4253=VECTOR('',#4869,1.0);
#4254=CARTESIAN_POINT('',(0.270999999999999,6.35,-1.651));
#4255=VECTOR('',#4870,1.0);
#4256=CARTESIAN_POINT('',(1.27,2.54,-1.651));
#4257=CARTESIAN_POINT('',(1.27,4.0005,-1.651));
#4258=VECTOR('',#4871,1.0);
#4259=CARTESIAN_POINT('',(1.16573417585641E-15,1.27,-1.651));
#4260=VECTOR('',#4872,1.0);
#4261=CARTESIAN_POINT('',(1.271,2.54,-1.651));
#4262=CARTESIAN_POINT('',(1.271,2.54,-1.651));
#4263=VECTOR('',#4873,1.0);
#4264=CARTESIAN_POINT('',(2.993,2.54,-1.651));
#4265=VECTOR('',#4874,1.0);
#4266=CARTESIAN_POINT('',(1.27,2.54,1.651));
#4267=CARTESIAN_POINT('',(1.27,4.0005,1.651));
#4268=VECTOR('',#4875,1.0);
#4269=CARTESIAN_POINT('',(1.271,2.54,1.651));
#4270=CARTESIAN_POINT('',(2.993,2.54,1.651));
#4271=VECTOR('',#4876,1.0);
#4272=CARTESIAN_POINT('',(1.271,2.54,1.651));
#4273=VECTOR('',#4877,1.0);
#4274=CARTESIAN_POINT('',(5.55111512312578E-16,1.27,1.651));
#4275=VECTOR('',#4878,1.0);
#4276=CARTESIAN_POINT('',(1.271,2.54,-2.7813));
#4277=VECTOR('',#4879,1.0);
#4278=CARTESIAN_POINT('',(1.27,2.54,-3.175));
#4279=CARTESIAN_POINT('',(1.27,2.54,-5.5626));
#4280=VECTOR('',#4880,1.0);
#4281=CARTESIAN_POINT('',(1.27,8.382,-3.175));
#4282=CARTESIAN_POINT('',(1.27,5.461,-3.175));
#4283=VECTOR('',#4881,1.0);
#4284=CARTESIAN_POINT('',(1.27,8.382,3.175));
#4285=CARTESIAN_POINT('',(1.27,8.382,-5.5626));
#4286=VECTOR('',#4882,1.0);
#4287=CARTESIAN_POINT('',(1.27,2.54,3.175));
#4288=CARTESIAN_POINT('',(1.27,5.461,3.175));
#4289=VECTOR('',#4883,1.0);
#4290=CARTESIAN_POINT('',(1.27,2.54,-5.5626));
#4291=VECTOR('',#4884,1.0);
#4292=CARTESIAN_POINT('',(3.683,1.27,4.6355));
#4293=CARTESIAN_POINT('',(3.683,8.89,4.6355));
#4294=CARTESIAN_POINT('',(3.683,2.8575,4.6355));
#4295=VECTOR('',#4885,1.0);
#4296=CARTESIAN_POINT('',(3.683,1.27,3.174));
#4297=CARTESIAN_POINT('',(3.683,1.27,4.7615));
#4298=VECTOR('',#4886,1.0);
#4299=CARTESIAN_POINT('',(3.683,2.54,3.174));
#4300=CARTESIAN_POINT('',(3.683,5.715,3.174));
#4301=VECTOR('',#4887,1.0);
#4302=CARTESIAN_POINT('',(3.683,2.54,3.175));
#4303=CARTESIAN_POINT('',(3.683,2.54,-0.40055));
#4304=VECTOR('',#4888,1.0);
#4305=CARTESIAN_POINT('',(3.683,8.382,3.175));
#4306=CARTESIAN_POINT('',(3.683,5.588,3.175));
#4307=VECTOR('',#4889,1.0);
#4308=CARTESIAN_POINT('',(3.683,8.89,3.60126261263806));
#4309=CARTESIAN_POINT('',(3.683,9.00206945257904,3.69530004896337));
#4310=VECTOR('',#4890,1.0);
#4311=CARTESIAN_POINT('',(3.683,8.89,2.33002514792899));
#4312=VECTOR('',#4891,1.0);
#4313=CARTESIAN_POINT('',(7.747,2.54,3.174));
#4314=CARTESIAN_POINT('',(5.715,2.54,3.174));
#4315=VECTOR('',#4892,1.0);
#4316=CARTESIAN_POINT('',(7.747,1.27,3.174));
#4317=CARTESIAN_POINT('',(5.715,1.27,3.174));
#4318=VECTOR('',#4893,1.0);
#4319=CARTESIAN_POINT('',(7.747,5.715,3.174));
#4320=VECTOR('',#4894,1.0);
#4321=CARTESIAN_POINT('',(7.747,1.27,4.6355));
#4322=CARTESIAN_POINT('',(5.715,1.27,4.6355));
#4323=VECTOR('',#4895,1.0);
#4324=CARTESIAN_POINT('',(7.747,1.27,4.7615));
#4325=VECTOR('',#4896,1.0);
#4326=CARTESIAN_POINT('',(7.747,8.89,4.6355));
#4327=CARTESIAN_POINT('',(7.747,2.8575,4.6355));
#4328=VECTOR('',#4897,1.0);
#4329=CARTESIAN_POINT('',(7.747,8.89,3.60126261263806));
#4330=CARTESIAN_POINT('',(7.747,8.89,2.33002514792899));
#4331=VECTOR('',#4898,1.0);
#4332=CARTESIAN_POINT('',(7.747,8.382,3.175));
#4333=CARTESIAN_POINT('',(7.747,9.00206945257904,3.69530004896337));
#4334=VECTOR('',#4899,1.0);
#4335=CARTESIAN_POINT('',(7.747,2.54,3.175));
#4336=CARTESIAN_POINT('',(7.747,5.588,3.175));
#4337=VECTOR('',#4900,1.0);
#4338=CARTESIAN_POINT('',(7.747,2.54,-0.40055));
#4339=VECTOR('',#4901,1.0);
#4340=CARTESIAN_POINT('',(2.286,2.54,-3.175));
#4341=VECTOR('',#4902,1.0);
#4342=CARTESIAN_POINT('',(2.286,2.54,3.175));
#4343=VECTOR('',#4903,1.0);
#4344=CARTESIAN_POINT('',(2.286,2.54,3.175));
#4345=VECTOR('',#4904,1.0);
#4346=CARTESIAN_POINT('',(-1.143,8.382,3.175));
#4347=VECTOR('',#4905,1.0);
#4348=CARTESIAN_POINT('',(-1.143,8.382,3.175));
#4349=VECTOR('',#4906,1.0);
#4350=CARTESIAN_POINT('',(10.5862626126381,8.89,3.60126261263806));
#4351=CARTESIAN_POINT('',(2.286,8.89,3.60126261263806));
#4352=VECTOR('',#4907,1.0);
#4353=CARTESIAN_POINT('',(8.28367036828081,6.14587742050768,1.29867036828081));
#4354=VECTOR('',#4908,1.0);
#4355=CARTESIAN_POINT('',(0.843737387361942,8.89,3.60126261263806));
#4356=CARTESIAN_POINT('',(1.14122865569061,8.5354637122039,3.30377134430939));
#4357=VECTOR('',#4909,1.0);
#4358=CARTESIAN_POINT('',(2.286,8.89,3.60126261263806));
#4359=VECTOR('',#4910,1.0);
#4360=CARTESIAN_POINT('',(2.159,1.10066666666667,-4.2545));
#4361=CARTESIAN_POINT('',(2.159,0.0844175963180536,-4.2545));
#4362=VECTOR('',#4911,1.0);
#4363=CARTESIAN_POINT('',(2.159,-0.5,-1.48411538461538));
#4364=VECTOR('',#4912,1.0);
#4365=CARTESIAN_POINT('',(9.271,1.10066666666667,-4.2545));
#4366=CARTESIAN_POINT('',(6.985,1.10066666666667,-4.2545));
#4367=CARTESIAN_POINT('',(5.36575,1.10066666666667,-4.2545));
#4368=VECTOR('',#4913,1.0);
#4369=CARTESIAN_POINT('',(9.271,-0.5,-1.48411538461538));
#4370=VECTOR('',#4914,1.0);
#4371=CARTESIAN_POINT('',(4.445,1.10066666666667,-4.2545));
#4372=CARTESIAN_POINT('',(2.50825,1.10066666666667,-4.2545));
#4373=VECTOR('',#4915,1.0);
#4374=CARTESIAN_POINT('',(4.445,1.3208,-4.6355));
#4375=CARTESIAN_POINT('',(4.445,0.731279127072277,-3.61517541224048));
#4376=VECTOR('',#4916,1.0);
#4377=CARTESIAN_POINT('',(6.985,1.3208,-4.6355));
#4378=CARTESIAN_POINT('',(3.937,1.3208,-4.6355));
#4379=VECTOR('',#4917,1.0);
#4380=CARTESIAN_POINT('',(6.985,0.731279127072278,-3.61517541224048));
#4381=VECTOR('',#4918,1.0);
#4382=CARTESIAN_POINT('',(9.271,0.0844175963180536,-4.2545));
#4383=VECTOR('',#4919,1.0);
#4384=CARTESIAN_POINT('',(4.445,8.89,-4.6355));
#4385=CARTESIAN_POINT('',(4.445,5.67685023744755E-16,-4.6355));
#4386=VECTOR('',#4920,1.0);
#4387=CARTESIAN_POINT('',(6.985,8.89,-4.6355));
#4388=CARTESIAN_POINT('',(6.985,8.89,-4.6355));
#4389=VECTOR('',#4921,1.0);
#4390=CARTESIAN_POINT('',(6.985,5.67685023744755E-16,-4.6355));
#4391=VECTOR('',#4922,1.0);
#4392=CARTESIAN_POINT('',(4.445,8.89,-4.2545));
#4393=CARTESIAN_POINT('',(4.445,5.44355502220998E-16,-4.2545));
#4394=VECTOR('',#4923,1.0);
#4395=CARTESIAN_POINT('',(4.445,8.89,-4.6355));
#4396=VECTOR('',#4924,1.0);
#4397=CARTESIAN_POINT('',(1.27,8.89,-4.2545));
#4398=CARTESIAN_POINT('',(1.27,5.44355502220998E-16,-4.2545));
#4399=VECTOR('',#4925,1.0);
#4400=CARTESIAN_POINT('',(4.445,8.89,-4.2545));
#4401=VECTOR('',#4926,1.0);
#4402=CARTESIAN_POINT('',(0.843737387361942,8.89,-3.60126261263806));
#4403=CARTESIAN_POINT('',(0.843737387361944,8.89,-2.832024852071));
#4404=VECTOR('',#4927,1.0);
#4405=CARTESIAN_POINT('',(-0.485131024865904,10.4736837043575,-4.9301310248659));
#4406=VECTOR('',#4928,1.0);
#4407=CARTESIAN_POINT('',(-1.143,8.382,-3.175));
#4408=VECTOR('',#4929,1.0);
#4409=CARTESIAN_POINT('',(10.5862626126381,8.89,-3.60126261263806));
#4410=CARTESIAN_POINT('',(2.286,8.89,-3.60126261263806));
#4411=VECTOR('',#4930,1.0);
#4412=CARTESIAN_POINT('',(9.91003004883732,8.08409741266128,-2.92503004883732));
#4413=VECTOR('',#4931,1.0);
#4414=CARTESIAN_POINT('',(10.5862626126381,8.89,-2.832024852071));
#4415=VECTOR('',#4932,1.0);
#4416=CARTESIAN_POINT('',(0.0,8.89,4.6355));
#4417=CARTESIAN_POINT('',(0.0,0.0,4.6355));
#4418=VECTOR('',#4933,1.0);
#4419=CARTESIAN_POINT('',(1.77635683940025E-15,8.89,-4.6355));
#4420=CARTESIAN_POINT('',(1.70299882594309E-15,8.89,-4.6355));
#4421=VECTOR('',#4934,1.0);
#4422=CARTESIAN_POINT('',(1.77635683940025E-15,5.67685023744755E-16,-4.6355));
#4423=VECTOR('',#4935,1.0);
#4424=CARTESIAN_POINT('',(1.27,8.89,-4.6355));
#4425=CARTESIAN_POINT('',(1.27,8.89,-4.6355));
#4426=VECTOR('',#4936,1.0);
#4427=CARTESIAN_POINT('',(1.27,5.67685023744755E-16,-4.6355));
#4428=VECTOR('',#4937,1.0);
#4429=CARTESIAN_POINT('',(1.27,8.89,-4.2545));
#4430=VECTOR('',#4938,1.0);
#4431=CARTESIAN_POINT('',(6.985,8.89,-4.2545));
#4432=CARTESIAN_POINT('',(6.985,8.89,-4.2545));
#4433=VECTOR('',#4939,1.0);
#4434=CARTESIAN_POINT('',(6.985,5.44355502220998E-16,-4.2545));
#4435=VECTOR('',#4940,1.0);
#4436=CARTESIAN_POINT('',(10.16,8.89,-4.2545));
#4437=CARTESIAN_POINT('',(10.16,8.89,-4.2545));
#4438=VECTOR('',#4941,1.0);
#4439=CARTESIAN_POINT('',(10.16,5.44355502220998E-16,-4.2545));
#4440=VECTOR('',#4942,1.0);
#4441=CARTESIAN_POINT('',(10.16,8.89,-4.6355));
#4442=CARTESIAN_POINT('',(10.16,8.89,-4.6355));
#4443=VECTOR('',#4943,1.0);
#4444=CARTESIAN_POINT('',(10.16,5.67685023744755E-16,-4.6355));
#4445=VECTOR('',#4944,1.0);
#4446=CARTESIAN_POINT('',(11.43,8.89,-4.6355));
#4447=CARTESIAN_POINT('',(11.43,8.89,-4.6355));
#4448=VECTOR('',#4945,1.0);
#4449=CARTESIAN_POINT('',(11.43,5.67685023744755E-16,-4.6355));
#4450=VECTOR('',#4946,1.0);
#4451=CARTESIAN_POINT('',(11.43,8.89,4.6355));
#4452=CARTESIAN_POINT('',(11.43,8.89,4.6355));
#4453=VECTOR('',#4947,1.0);
#4454=CARTESIAN_POINT('',(11.43,0.0,4.6355));
#4455=VECTOR('',#4948,1.0);
#4456=CARTESIAN_POINT('',(0.0,8.89,4.6355));
#4457=VECTOR('',#4949,1.0);
#4458=CARTESIAN_POINT('',(0.0,8.89,4.6355));
#4459=VECTOR('',#4950,1.0);
#4460=DIRECTION('',(-1.0,3.74939945665464E-33,-6.12323399573676E-17));
#4461=DIRECTION('',(3.76908535674783E-34,-1.0,-6.15538351036726E-18));
#4462=DIRECTION('',(1.0,0.0,6.12323399573676E-17));
#4463=DIRECTION('',(-3.76908535674783E-34,1.0,6.15538351036726E-18));
#4464=DIRECTION('',(6.12323399573676E-17,6.12323399573676E-17,-1.0));
#4465=DIRECTION('',(0.0,1.0,0.0));
#4466=CARTESIAN_POINT('',(8.5725,-0.317500000000001,-1.905));
#4467=DIRECTION('',(-1.0,0.0,-6.12323399573676E-17));
#4468=DIRECTION('',(6.12323399573676E-17,0.0,-1.0));
#4469=DIRECTION('',(-6.12323399573676E-17,-6.35537310362645E-17,1.0));
#4470=DIRECTION('',(-4.69066937635138E-17,-0.642787609686537,0.76604444311898));
#4471=DIRECTION('',(0.0,-1.0,0.0));
#4472=DIRECTION('',(4.69066937635137E-17,-0.642787609686539,-0.766044443118978));
#4473=DIRECTION('',(6.12323399573676E-17,3.17768655181323E-17,-1.0));
#4474=CARTESIAN_POINT('',(8.5725,-0.317500000000001,-1.905));
#4475=DIRECTION('',(1.0,0.0,6.12323399573676E-17));
#4476=DIRECTION('',(6.12323399573676E-17,0.0,-1.0));
#4477=DIRECTION('',(-6.12323399573676E-17,0.0,1.0));
#4478=DIRECTION('',(3.76908535674783E-34,-1.0,-6.15538351036726E-18));
#4479=DIRECTION('',(3.93593894367096E-17,-0.766044443118982,-0.642787609686534));
#4480=DIRECTION('',(6.12323399573676E-17,0.0,-1.0));
#4481=DIRECTION('',(3.935938943671E-17,0.766044443118977,-0.64278760968654));
#4482=DIRECTION('',(0.0,1.0,0.0));
#4483=DIRECTION('',(1.0,0.0,6.12323399573676E-17));
#4484=DIRECTION('',(-3.76908535674783E-34,1.0,6.15538351036726E-18));
#4485=DIRECTION('',(1.0,0.0,6.12323399573676E-17));
#4486=DIRECTION('',(1.0,-3.74939945665464E-33,6.12323399573676E-17));
#4487=DIRECTION('',(0.0,-1.0,0.0));
#4488=DIRECTION('',(1.0,0.0,6.12323399573676E-17));
#4489=DIRECTION('',(-6.12323399573676E-17,-6.12323399573676E-17,1.0));
#4490=CARTESIAN_POINT('',(7.9375,-0.317500000000001,-1.905));
#4491=DIRECTION('',(1.0,0.0,6.12323399573676E-17));
#4492=DIRECTION('',(6.12323399573676E-17,0.0,-1.0));
#4493=DIRECTION('',(-6.12323399573676E-17,-3.17768655181323E-17,1.0));
#4494=DIRECTION('',(-4.69066937635137E-17,0.642787609686539,0.766044443118978));
#4495=DIRECTION('',(0.0,1.0,0.0));
#4496=DIRECTION('',(4.69066937635138E-17,0.642787609686537,-0.76604444311898));
#4497=DIRECTION('',(6.12323399573676E-17,6.35537310362645E-17,-1.0));
#4498=CARTESIAN_POINT('',(7.9375,-0.317500000000001,-1.905));
#4499=DIRECTION('',(1.0,0.0,6.12323399573676E-17));
#4500=DIRECTION('',(6.12323399573676E-17,0.0,-1.0));
#4501=DIRECTION('',(1.0,0.0,6.12323399573676E-17));
#4502=DIRECTION('',(1.0,0.0,6.12323399573676E-17));
#4503=DIRECTION('',(1.0,0.0,6.12323399573676E-17));
#4504=DIRECTION('',(1.0,0.0,6.12323399573676E-17));
#4505=DIRECTION('',(1.0,0.0,6.12323399573676E-17));
#4506=DIRECTION('',(1.0,0.0,6.12323399573676E-17));
#4507=DIRECTION('',(6.12323399573676E-17,0.0,-1.0));
#4508=DIRECTION('',(0.0,-1.0,0.0));
#4509=DIRECTION('',(-3.935938943671E-17,-0.766044443118977,0.64278760968654));
#4510=DIRECTION('',(-6.12323399573676E-17,0.0,1.0));
#4511=DIRECTION('',(-3.93593894367096E-17,0.766044443118982,0.642787609686534));
#4512=DIRECTION('',(-1.0,-0.0,-6.12323399573676E-17));
#4513=DIRECTION('',(1.0,0.0,6.12323399573676E-17));
#4514=DIRECTION('',(1.0,0.0,6.12323399573676E-17));
#4515=DIRECTION('',(1.0,0.0,6.12323399573676E-17));
#4516=DIRECTION('',(-1.0,3.74939945665464E-33,-6.12323399573676E-17));
#4517=DIRECTION('',(3.76908535674783E-34,-1.0,-6.15538351036726E-18));
#4518=DIRECTION('',(1.0,0.0,6.12323399573676E-17));
#4519=DIRECTION('',(-3.76908535674783E-34,1.0,6.15538351036726E-18));
#4520=DIRECTION('',(6.12323399573676E-17,6.12323399573676E-17,-1.0));
#4521=DIRECTION('',(0.0,1.0,0.0));
#4522=CARTESIAN_POINT('',(6.0325,-0.317500000000001,-1.905));
#4523=DIRECTION('',(-1.0,0.0,-6.12323399573676E-17));
#4524=DIRECTION('',(6.12323399573676E-17,0.0,-1.0));
#4525=DIRECTION('',(-6.12323399573676E-17,-6.35537310362645E-17,1.0));
#4526=DIRECTION('',(-4.69066937635138E-17,-0.642787609686537,0.76604444311898));
#4527=DIRECTION('',(0.0,-1.0,0.0));
#4528=DIRECTION('',(4.69066937635137E-17,-0.642787609686539,-0.766044443118978));
#4529=DIRECTION('',(6.12323399573676E-17,3.17768655181323E-17,-1.0));
#4530=CARTESIAN_POINT('',(6.0325,-0.317500000000001,-1.905));
#4531=DIRECTION('',(1.0,0.0,6.12323399573676E-17));
#4532=DIRECTION('',(6.12323399573676E-17,0.0,-1.0));
#4533=DIRECTION('',(-6.12323399573676E-17,0.0,1.0));
#4534=DIRECTION('',(3.76908535674783E-34,-1.0,-6.15538351036726E-18));
#4535=DIRECTION('',(3.93593894367096E-17,-0.766044443118982,-0.642787609686534));
#4536=DIRECTION('',(6.12323399573676E-17,0.0,-1.0));
#4537=DIRECTION('',(3.935938943671E-17,0.766044443118977,-0.64278760968654));
#4538=DIRECTION('',(0.0,1.0,0.0));
#4539=DIRECTION('',(1.0,0.0,6.12323399573676E-17));
#4540=DIRECTION('',(-3.76908535674783E-34,1.0,6.15538351036726E-18));
#4541=DIRECTION('',(1.0,0.0,6.12323399573676E-17));
#4542=DIRECTION('',(1.0,-3.74939945665464E-33,6.12323399573676E-17));
#4543=DIRECTION('',(0.0,-1.0,0.0));
#4544=DIRECTION('',(1.0,0.0,6.12323399573676E-17));
#4545=DIRECTION('',(-6.12323399573676E-17,-6.12323399573676E-17,1.0));
#4546=CARTESIAN_POINT('',(5.3975,-0.317500000000001,-1.905));
#4547=DIRECTION('',(1.0,0.0,6.12323399573676E-17));
#4548=DIRECTION('',(6.12323399573676E-17,0.0,-1.0));
#4549=DIRECTION('',(-6.12323399573676E-17,-3.17768655181323E-17,1.0));
#4550=DIRECTION('',(-4.69066937635137E-17,0.642787609686539,0.766044443118978));
#4551=DIRECTION('',(0.0,1.0,0.0));
#4552=DIRECTION('',(4.69066937635138E-17,0.642787609686537,-0.76604444311898));
#4553=DIRECTION('',(6.12323399573676E-17,6.35537310362645E-17,-1.0));
#4554=CARTESIAN_POINT('',(5.3975,-0.317500000000001,-1.905));
#4555=DIRECTION('',(1.0,0.0,6.12323399573676E-17));
#4556=DIRECTION('',(6.12323399573676E-17,0.0,-1.0));
#4557=DIRECTION('',(1.0,0.0,6.12323399573676E-17));
#4558=DIRECTION('',(1.0,0.0,6.12323399573676E-17));
#4559=DIRECTION('',(1.0,0.0,6.12323399573676E-17));
#4560=DIRECTION('',(1.0,0.0,6.12323399573676E-17));
#4561=DIRECTION('',(1.0,0.0,6.12323399573676E-17));
#4562=DIRECTION('',(1.0,0.0,6.12323399573676E-17));
#4563=DIRECTION('',(6.12323399573676E-17,0.0,-1.0));
#4564=DIRECTION('',(0.0,-1.0,0.0));
#4565=DIRECTION('',(-3.935938943671E-17,-0.766044443118977,0.64278760968654));
#4566=DIRECTION('',(-6.12323399573676E-17,0.0,1.0));
#4567=DIRECTION('',(-3.93593894367096E-17,0.766044443118982,0.642787609686534));
#4568=DIRECTION('',(-1.0,-0.0,-6.12323399573676E-17));
#4569=DIRECTION('',(1.0,0.0,6.12323399573676E-17));
#4570=DIRECTION('',(1.0,0.0,6.12323399573676E-17));
#4571=DIRECTION('',(1.0,0.0,6.12323399573676E-17));
#4572=DIRECTION('',(-1.0,3.74939945665464E-33,-6.12323399573676E-17));
#4573=DIRECTION('',(3.76908535674783E-34,-1.0,-6.15538351036726E-18));
#4574=DIRECTION('',(1.0,0.0,6.12323399573676E-17));
#4575=DIRECTION('',(-3.76908535674783E-34,1.0,6.15538351036726E-18));
#4576=DIRECTION('',(6.12323399573676E-17,6.12323399573676E-17,-1.0));
#4577=DIRECTION('',(0.0,1.0,0.0));
#4578=CARTESIAN_POINT('',(3.4925,-0.317500000000001,-1.905));
#4579=DIRECTION('',(-1.0,0.0,-6.12323399573676E-17));
#4580=DIRECTION('',(6.12323399573676E-17,0.0,-1.0));
#4581=DIRECTION('',(-6.12323399573676E-17,-6.35537310362645E-17,1.0));
#4582=DIRECTION('',(-4.69066937635138E-17,-0.642787609686537,0.76604444311898));
#4583=DIRECTION('',(0.0,-1.0,-0.0));
#4584=DIRECTION('',(4.69066937635137E-17,-0.642787609686539,-0.766044443118978));
#4585=DIRECTION('',(6.12323399573676E-17,3.17768655181323E-17,-1.0));
#4586=CARTESIAN_POINT('',(3.4925,-0.317500000000001,-1.905));
#4587=DIRECTION('',(1.0,0.0,6.12323399573676E-17));
#4588=DIRECTION('',(6.12323399573676E-17,0.0,-1.0));
#4589=DIRECTION('',(-6.12323399573676E-17,0.0,1.0));
#4590=DIRECTION('',(3.76908535674783E-34,-1.0,-6.15538351036726E-18));
#4591=DIRECTION('',(3.93593894367096E-17,-0.766044443118982,-0.642787609686534));
#4592=DIRECTION('',(6.12323399573676E-17,0.0,-1.0));
#4593=DIRECTION('',(3.935938943671E-17,0.766044443118977,-0.64278760968654));
#4594=DIRECTION('',(0.0,1.0,0.0));
#4595=DIRECTION('',(1.0,0.0,6.12323399573676E-17));
#4596=DIRECTION('',(-3.76908535674783E-34,1.0,6.15538351036726E-18));
#4597=DIRECTION('',(1.0,0.0,6.12323399573676E-17));
#4598=DIRECTION('',(1.0,-3.74939945665464E-33,6.12323399573676E-17));
#4599=DIRECTION('',(0.0,-1.0,-0.0));
#4600=DIRECTION('',(1.0,0.0,6.12323399573676E-17));
#4601=DIRECTION('',(-6.12323399573676E-17,-6.12323399573676E-17,1.0));
#4602=CARTESIAN_POINT('',(2.8575,-0.317500000000001,-1.905));
#4603=DIRECTION('',(1.0,0.0,6.12323399573676E-17));
#4604=DIRECTION('',(6.12323399573676E-17,0.0,-1.0));
#4605=DIRECTION('',(-6.12323399573676E-17,-3.17768655181323E-17,1.0));
#4606=DIRECTION('',(-4.69066937635137E-17,0.642787609686539,0.766044443118978));
#4607=DIRECTION('',(0.0,1.0,0.0));
#4608=DIRECTION('',(4.69066937635138E-17,0.642787609686537,-0.76604444311898));
#4609=DIRECTION('',(6.12323399573676E-17,6.35537310362645E-17,-1.0));
#4610=CARTESIAN_POINT('',(2.8575,-0.317500000000001,-1.905));
#4611=DIRECTION('',(1.0,0.0,6.12323399573676E-17));
#4612=DIRECTION('',(6.12323399573676E-17,0.0,-1.0));
#4613=DIRECTION('',(1.0,0.0,6.12323399573676E-17));
#4614=DIRECTION('',(1.0,0.0,6.12323399573676E-17));
#4615=DIRECTION('',(1.0,0.0,6.12323399573676E-17));
#4616=DIRECTION('',(1.0,0.0,6.12323399573676E-17));
#4617=DIRECTION('',(1.0,0.0,6.12323399573676E-17));
#4618=DIRECTION('',(1.0,0.0,6.12323399573676E-17));
#4619=DIRECTION('',(6.12323399573676E-17,0.0,-1.0));
#4620=DIRECTION('',(0.0,-1.0,-0.0));
#4621=DIRECTION('',(-3.935938943671E-17,-0.766044443118977,0.64278760968654));
#4622=DIRECTION('',(-6.12323399573676E-17,0.0,1.0));
#4623=DIRECTION('',(-3.93593894367096E-17,0.766044443118982,0.642787609686534));
#4624=DIRECTION('',(-1.0,-0.0,-6.12323399573676E-17));
#4625=DIRECTION('',(1.0,0.0,6.12323399573676E-17));
#4626=DIRECTION('',(1.0,0.0,6.12323399573676E-17));
#4627=DIRECTION('',(1.0,0.0,6.12323399573676E-17));
#4628=DIRECTION('',(1.0,3.74939945665464E-33,-6.12323399573676E-17));
#4629=DIRECTION('',(3.76908535674783E-34,-1.0,6.15538351036726E-18));
#4630=DIRECTION('',(-1.0,0.0,6.12323399573676E-17));
#4631=DIRECTION('',(-3.76908535674783E-34,1.0,-6.15538351036726E-18));
#4632=DIRECTION('',(6.12323399573676E-17,-6.12323399573676E-17,1.0));
#4633=DIRECTION('',(0.0,1.0,0.0));
#4634=CARTESIAN_POINT('',(7.9375,-0.317500000000001,1.905));
#4635=DIRECTION('',(1.0,0.0,-6.12323399573676E-17));
#4636=DIRECTION('',(6.12323399573676E-17,0.0,1.0));
#4637=DIRECTION('',(-6.12323399573676E-17,-6.35537310362645E-17,-1.0));
#4638=DIRECTION('',(-4.69066937635138E-17,-0.642787609686537,-0.76604444311898));
#4639=DIRECTION('',(0.0,-1.0,0.0));
#4640=DIRECTION('',(4.69066937635137E-17,-0.642787609686539,0.766044443118978));
#4641=DIRECTION('',(6.12323399573676E-17,3.17768655181323E-17,1.0));
#4642=CARTESIAN_POINT('',(7.9375,-0.317500000000001,1.905));
#4643=DIRECTION('',(-1.0,0.0,6.12323399573676E-17));
#4644=DIRECTION('',(6.12323399573676E-17,0.0,1.0));
#4645=DIRECTION('',(-6.12323399573676E-17,-0.0,-1.0));
#4646=DIRECTION('',(3.76908535674783E-34,-1.0,6.15538351036726E-18));
#4647=DIRECTION('',(3.93593894367096E-17,-0.766044443118982,0.642787609686534));
#4648=DIRECTION('',(6.12323399573676E-17,0.0,1.0));
#4649=DIRECTION('',(3.935938943671E-17,0.766044443118977,0.64278760968654));
#4650=DIRECTION('',(0.0,1.0,0.0));
#4651=DIRECTION('',(-1.0,0.0,6.12323399573676E-17));
#4652=DIRECTION('',(-3.76908535674783E-34,1.0,-6.15538351036726E-18));
#4653=DIRECTION('',(-1.0,0.0,6.12323399573676E-17));
#4654=DIRECTION('',(-1.0,-3.74939945665464E-33,6.12323399573676E-17));
#4655=DIRECTION('',(0.0,-1.0,0.0));
#4656=DIRECTION('',(-1.0,0.0,6.12323399573676E-17));
#4657=DIRECTION('',(-6.12323399573676E-17,6.12323399573676E-17,-1.0));
#4658=CARTESIAN_POINT('',(8.5725,-0.317500000000001,1.905));
#4659=DIRECTION('',(-1.0,0.0,6.12323399573676E-17));
#4660=DIRECTION('',(6.12323399573676E-17,0.0,1.0));
#4661=DIRECTION('',(-6.12323399573676E-17,-3.17768655181323E-17,-1.0));
#4662=DIRECTION('',(-4.69066937635137E-17,0.642787609686539,-0.766044443118978));
#4663=DIRECTION('',(0.0,1.0,0.0));
#4664=DIRECTION('',(4.69066937635138E-17,0.642787609686537,0.76604444311898));
#4665=DIRECTION('',(6.12323399573676E-17,6.35537310362645E-17,1.0));
#4666=CARTESIAN_POINT('',(8.5725,-0.317500000000001,1.905));
#4667=DIRECTION('',(-1.0,0.0,6.12323399573676E-17));
#4668=DIRECTION('',(6.12323399573676E-17,0.0,1.0));
#4669=DIRECTION('',(-1.0,0.0,6.12323399573676E-17));
#4670=DIRECTION('',(-1.0,0.0,6.12323399573676E-17));
#4671=DIRECTION('',(-1.0,0.0,6.12323399573676E-17));
#4672=DIRECTION('',(-1.0,0.0,6.12323399573676E-17));
#4673=DIRECTION('',(-1.0,0.0,6.12323399573676E-17));
#4674=DIRECTION('',(-1.0,0.0,6.12323399573676E-17));
#4675=DIRECTION('',(6.12323399573676E-17,0.0,1.0));
#4676=DIRECTION('',(0.0,-1.0,0.0));
#4677=DIRECTION('',(-3.935938943671E-17,-0.766044443118977,-0.64278760968654));
#4678=DIRECTION('',(-6.12323399573676E-17,0.0,-1.0));
#4679=DIRECTION('',(-3.93593894367096E-17,0.766044443118982,-0.642787609686534));
#4680=DIRECTION('',(1.0,0.0,-6.12323399573676E-17));
#4681=DIRECTION('',(-1.0,0.0,6.12323399573676E-17));
#4682=DIRECTION('',(-1.0,0.0,6.12323399573676E-17));
#4683=DIRECTION('',(-1.0,0.0,6.12323399573676E-17));
#4684=DIRECTION('',(1.0,3.74939945665464E-33,-6.12323399573676E-17));
#4685=DIRECTION('',(3.76908535674783E-34,-1.0,6.15538351036726E-18));
#4686=DIRECTION('',(-1.0,0.0,6.12323399573676E-17));
#4687=DIRECTION('',(-3.76908535674783E-34,1.0,-6.15538351036726E-18));
#4688=DIRECTION('',(6.12323399573676E-17,-6.12323399573676E-17,1.0));
#4689=DIRECTION('',(0.0,1.0,0.0));
#4690=CARTESIAN_POINT('',(5.3975,-0.317500000000001,1.905));
#4691=DIRECTION('',(1.0,0.0,-6.12323399573676E-17));
#4692=DIRECTION('',(6.12323399573676E-17,0.0,1.0));
#4693=DIRECTION('',(-6.12323399573676E-17,-6.35537310362645E-17,-1.0));
#4694=DIRECTION('',(-4.69066937635138E-17,-0.642787609686537,-0.76604444311898));
#4695=DIRECTION('',(0.0,-1.0,0.0));
#4696=DIRECTION('',(4.69066937635137E-17,-0.642787609686539,0.766044443118978));
#4697=DIRECTION('',(6.12323399573676E-17,3.17768655181323E-17,1.0));
#4698=CARTESIAN_POINT('',(5.3975,-0.317500000000001,1.905));
#4699=DIRECTION('',(-1.0,0.0,6.12323399573676E-17));
#4700=DIRECTION('',(6.12323399573676E-17,0.0,1.0));
#4701=DIRECTION('',(-6.12323399573676E-17,-0.0,-1.0));
#4702=DIRECTION('',(3.76908535674783E-34,-1.0,6.15538351036726E-18));
#4703=DIRECTION('',(3.93593894367096E-17,-0.766044443118982,0.642787609686534));
#4704=DIRECTION('',(6.12323399573676E-17,0.0,1.0));
#4705=DIRECTION('',(3.935938943671E-17,0.766044443118977,0.64278760968654));
#4706=DIRECTION('',(0.0,1.0,0.0));
#4707=DIRECTION('',(-1.0,0.0,6.12323399573676E-17));
#4708=DIRECTION('',(-3.76908535674783E-34,1.0,-6.15538351036726E-18));
#4709=DIRECTION('',(-1.0,0.0,6.12323399573676E-17));
#4710=DIRECTION('',(-1.0,-3.74939945665464E-33,6.12323399573676E-17));
#4711=DIRECTION('',(0.0,-1.0,0.0));
#4712=DIRECTION('',(-1.0,0.0,6.12323399573676E-17));
#4713=DIRECTION('',(-6.12323399573676E-17,6.12323399573676E-17,-1.0));
#4714=CARTESIAN_POINT('',(6.0325,-0.317500000000001,1.905));
#4715=DIRECTION('',(-1.0,0.0,6.12323399573676E-17));
#4716=DIRECTION('',(6.12323399573676E-17,0.0,1.0));
#4717=DIRECTION('',(-6.12323399573676E-17,-3.17768655181323E-17,-1.0));
#4718=DIRECTION('',(-4.69066937635137E-17,0.642787609686539,-0.766044443118978));
#4719=DIRECTION('',(0.0,1.0,0.0));
#4720=DIRECTION('',(4.69066937635138E-17,0.642787609686537,0.76604444311898));
#4721=DIRECTION('',(6.12323399573676E-17,6.35537310362645E-17,1.0));
#4722=CARTESIAN_POINT('',(6.0325,-0.317500000000001,1.905));
#4723=DIRECTION('',(-1.0,0.0,6.12323399573676E-17));
#4724=DIRECTION('',(6.12323399573676E-17,0.0,1.0));
#4725=DIRECTION('',(-1.0,0.0,6.12323399573676E-17));
#4726=DIRECTION('',(-1.0,0.0,6.12323399573676E-17));
#4727=DIRECTION('',(-1.0,0.0,6.12323399573676E-17));
#4728=DIRECTION('',(-1.0,0.0,6.12323399573676E-17));
#4729=DIRECTION('',(-1.0,0.0,6.12323399573676E-17));
#4730=DIRECTION('',(-1.0,0.0,6.12323399573676E-17));
#4731=DIRECTION('',(6.12323399573676E-17,0.0,1.0));
#4732=DIRECTION('',(0.0,-1.0,0.0));
#4733=DIRECTION('',(-3.935938943671E-17,-0.766044443118977,-0.64278760968654));
#4734=DIRECTION('',(-6.12323399573676E-17,0.0,-1.0));
#4735=DIRECTION('',(-3.93593894367096E-17,0.766044443118982,-0.642787609686534));
#4736=DIRECTION('',(1.0,0.0,-6.12323399573676E-17));
#4737=DIRECTION('',(-1.0,0.0,6.12323399573676E-17));
#4738=DIRECTION('',(-1.0,0.0,6.12323399573676E-17));
#4739=DIRECTION('',(-1.0,0.0,6.12323399573676E-17));
#4740=DIRECTION('',(1.0,3.74939945665464E-33,-6.12323399573676E-17));
#4741=DIRECTION('',(3.76908535674783E-34,-1.0,6.15538351036726E-18));
#4742=DIRECTION('',(-1.0,0.0,6.12323399573676E-17));
#4743=DIRECTION('',(-3.76908535674783E-34,1.0,-6.15538351036726E-18));
#4744=DIRECTION('',(6.12323399573676E-17,-6.12323399573676E-17,1.0));
#4745=DIRECTION('',(0.0,1.0,0.0));
#4746=CARTESIAN_POINT('',(2.8575,-0.317500000000001,1.905));
#4747=DIRECTION('',(1.0,0.0,-6.12323399573676E-17));
#4748=DIRECTION('',(6.12323399573676E-17,0.0,1.0));
#4749=DIRECTION('',(-6.12323399573676E-17,-6.35537310362645E-17,-1.0));
#4750=DIRECTION('',(-4.69066937635138E-17,-0.642787609686537,-0.76604444311898));
#4751=DIRECTION('',(0.0,-1.0,0.0));
#4752=DIRECTION('',(4.69066937635137E-17,-0.642787609686539,0.766044443118978));
#4753=DIRECTION('',(6.12323399573676E-17,3.17768655181323E-17,1.0));
#4754=CARTESIAN_POINT('',(2.8575,-0.317500000000001,1.905));
#4755=DIRECTION('',(-1.0,0.0,6.12323399573676E-17));
#4756=DIRECTION('',(6.12323399573676E-17,0.0,1.0));
#4757=DIRECTION('',(-6.12323399573676E-17,-0.0,-1.0));
#4758=DIRECTION('',(3.76908535674783E-34,-1.0,6.15538351036726E-18));
#4759=DIRECTION('',(3.93593894367096E-17,-0.766044443118982,0.642787609686534));
#4760=DIRECTION('',(6.12323399573676E-17,0.0,1.0));
#4761=DIRECTION('',(3.935938943671E-17,0.766044443118977,0.64278760968654));
#4762=DIRECTION('',(0.0,1.0,0.0));
#4763=DIRECTION('',(-1.0,0.0,6.12323399573676E-17));
#4764=DIRECTION('',(-3.76908535674783E-34,1.0,-6.15538351036726E-18));
#4765=DIRECTION('',(-1.0,0.0,6.12323399573676E-17));
#4766=DIRECTION('',(-1.0,-3.74939945665464E-33,6.12323399573676E-17));
#4767=DIRECTION('',(0.0,-1.0,0.0));
#4768=DIRECTION('',(-1.0,0.0,6.12323399573676E-17));
#4769=DIRECTION('',(-6.12323399573676E-17,6.12323399573676E-17,-1.0));
#4770=CARTESIAN_POINT('',(3.4925,-0.317500000000001,1.905));
#4771=DIRECTION('',(-1.0,0.0,6.12323399573676E-17));
#4772=DIRECTION('',(6.12323399573676E-17,0.0,1.0));
#4773=DIRECTION('',(-6.12323399573676E-17,-3.17768655181323E-17,-1.0));
#4774=DIRECTION('',(-4.69066937635137E-17,0.642787609686539,-0.766044443118978));
#4775=DIRECTION('',(0.0,1.0,0.0));
#4776=DIRECTION('',(4.69066937635138E-17,0.642787609686537,0.76604444311898));
#4777=DIRECTION('',(6.12323399573676E-17,6.35537310362645E-17,1.0));
#4778=CARTESIAN_POINT('',(3.4925,-0.317500000000001,1.905));
#4779=DIRECTION('',(-1.0,0.0,6.12323399573676E-17));
#4780=DIRECTION('',(6.12323399573676E-17,0.0,1.0));
#4781=DIRECTION('',(-1.0,0.0,6.12323399573676E-17));
#4782=DIRECTION('',(-1.0,0.0,6.12323399573676E-17));
#4783=DIRECTION('',(-1.0,0.0,6.12323399573676E-17));
#4784=DIRECTION('',(-1.0,0.0,6.12323399573676E-17));
#4785=DIRECTION('',(-1.0,0.0,6.12323399573676E-17));
#4786=DIRECTION('',(-1.0,0.0,6.12323399573676E-17));
#4787=DIRECTION('',(6.12323399573676E-17,0.0,1.0));
#4788=DIRECTION('',(0.0,-1.0,0.0));
#4789=DIRECTION('',(-3.935938943671E-17,-0.766044443118977,-0.64278760968654));
#4790=DIRECTION('',(-6.12323399573676E-17,0.0,-1.0));
#4791=DIRECTION('',(-3.93593894367096E-17,0.766044443118982,-0.642787609686534));
#4792=DIRECTION('',(1.0,0.0,-6.12323399573676E-17));
#4793=DIRECTION('',(-1.0,0.0,6.12323399573676E-17));
#4794=DIRECTION('',(-1.0,0.0,6.12323399573676E-17));
#4795=DIRECTION('',(-1.0,0.0,6.12323399573676E-17));
#4796=DIRECTION('',(-0.257662650560332,0.966234939601246,5.91648263003501E-17));
#4797=DIRECTION('',(0.0,0.0,1.0));
#4798=DIRECTION('',(-0.257662650560332,0.966234939601246,0.0));
#4799=DIRECTION('',(0.0,0.0,1.0));
#4800=DIRECTION('',(-0.257662650560332,-0.966234939601246,-5.91648263003501E-17));
#4801=DIRECTION('',(0.0,0.0,1.0));
#4802=DIRECTION('',(-0.257662650560332,-0.966234939601246,-0.0));
#4803=DIRECTION('',(1.0,1.2908059712602E-16,7.90390700512048E-33));
#4804=DIRECTION('',(1.0,1.2908059712602E-16,0.0));
#4805=DIRECTION('',(0.0,-1.0,0.0));
#4806=DIRECTION('',(1.0,0.0,1.22464679914735E-16));
#4807=DIRECTION('',(-0.0,1.0,0.0));
#4808=DIRECTION('',(1.0,0.0,1.22464679914735E-16));
#4809=DIRECTION('',(0.0,1.0,0.0));
#4810=DIRECTION('',(-1.0,7.49879891330929E-33,-1.22464679914735E-16));
#4811=DIRECTION('',(-1.22464679914735E-16,-6.12323399573676E-17,1.0));
#4812=DIRECTION('',(1.22464679914735E-16,0.0,-1.0));
#4813=DIRECTION('',(0.0,-1.0,-0.0));
#4814=DIRECTION('',(-0.0,1.0,0.0));
#4815=DIRECTION('',(1.0,-7.49879891330929E-33,1.22464679914735E-16));
#4816=DIRECTION('',(-1.0,-0.0,-1.22464679914735E-16));
#4817=DIRECTION('',(0.0,-1.0,0.0));
#4818=DIRECTION('',(-1.0,0.0,-1.22464679914735E-16));
#4819=DIRECTION('',(0.0,0.0,-1.0));
#4820=DIRECTION('',(0.0,-0.0,1.0));
#4821=DIRECTION('',(0.0,6.12323399573676E-17,-1.0));
#4822=DIRECTION('',(1.0,0.0,0.0));
#4823=DIRECTION('',(-1.83690953073357E-16,-6.12323399573676E-17,1.0));
#4824=DIRECTION('',(1.0,0.0,0.0));
#4825=DIRECTION('',(0.0,6.12323399573676E-17,-1.0));
#4826=DIRECTION('',(-1.0,0.0,0.0));
#4827=DIRECTION('',(-1.83690953073357E-16,-6.12323399573676E-17,1.0));
#4828=DIRECTION('',(-1.0,0.0,0.0));
#4829=DIRECTION('',(0.0,6.12323399573676E-17,-1.0));
#4830=DIRECTION('',(-1.0,0.0,0.0));
#4831=DIRECTION('',(-6.12323399573676E-17,-6.12323399573676E-17,1.0));
#4832=DIRECTION('',(1.0,-3.74939945665464E-33,6.12323399573676E-17));
#4833=DIRECTION('',(6.12323399573676E-17,6.12323399573676E-17,-1.0));
#4834=DIRECTION('',(-1.0,0.0,0.0));
#4835=DIRECTION('',(0.0,-6.12323399573676E-17,1.0));
#4836=DIRECTION('',(-1.0,0.0,0.0));
#4837=DIRECTION('',(0.0,6.12323399573676E-17,-1.0));
#4838=CARTESIAN_POINT('',(10.033,1.16647607618785E-16,2.7305));
#4839=DIRECTION('',(0.0,1.0,6.12323399573676E-17));
#4840=DIRECTION('',(0.0,-6.12323399573676E-17,1.0));
#4841=CARTESIAN_POINT('',(10.033,1.16647607618785E-16,2.7305));
#4842=DIRECTION('',(0.0,1.0,6.12323399573676E-17));
#4843=DIRECTION('',(0.0,-6.12323399573676E-17,1.0));
#4844=CARTESIAN_POINT('',(1.397,1.16647607618785E-16,2.7305));
#4845=DIRECTION('',(0.0,1.0,6.12323399573676E-17));
#4846=DIRECTION('',(0.0,-6.12323399573676E-17,1.0));
#4847=CARTESIAN_POINT('',(1.397,1.16647607618785E-16,2.7305));
#4848=DIRECTION('',(0.0,1.0,6.12323399573676E-17));
#4849=DIRECTION('',(0.0,-6.12323399573676E-17,1.0));
#4850=CARTESIAN_POINT('',(10.033,4.5103741612597E-16,-2.7305));
#4851=DIRECTION('',(0.0,1.0,6.12323399573676E-17));
#4852=DIRECTION('',(0.0,-6.12323399573676E-17,1.0));
#4853=CARTESIAN_POINT('',(10.033,4.5103741612597E-16,-2.7305));
#4854=DIRECTION('',(0.0,1.0,6.12323399573676E-17));
#4855=DIRECTION('',(0.0,-6.12323399573676E-17,1.0));
#4856=CARTESIAN_POINT('',(1.397,4.5103741612597E-16,-2.7305));
#4857=DIRECTION('',(0.0,1.0,6.12323399573676E-17));
#4858=DIRECTION('',(0.0,-6.12323399573676E-17,1.0));
#4859=CARTESIAN_POINT('',(1.397,4.5103741612597E-16,-2.7305));
#4860=DIRECTION('',(0.0,1.0,6.12323399573676E-17));
#4861=DIRECTION('',(0.0,-6.12323399573676E-17,1.0));
#4862=DIRECTION('',(0.0,0.0,1.0));
#4863=DIRECTION('',(0.0,1.0,7.60166398237012E-17));
#4864=DIRECTION('',(0.0,0.0,1.0));
#4865=DIRECTION('',(0.0,-1.0,7.60166398237012E-17));
#4866=DIRECTION('',(0.0,0.0,1.0));
#4867=DIRECTION('',(-0.0,-0.0,-1.0));
#4868=DIRECTION('',(-1.0,0.0,0.0));
#4869=DIRECTION('',(-1.83690953073357E-16,0.0,1.0));
#4870=DIRECTION('',(1.0,0.0,0.0));
#4871=DIRECTION('',(0.0,-1.0,0.0));
#4872=DIRECTION('',(1.12478268856806E-32,1.0,-0.0));
#4873=DIRECTION('',(0.0,-1.0,0.0));
#4874=DIRECTION('',(1.0,0.0,-0.0));
#4875=DIRECTION('',(0.0,1.0,-0.0));
#4876=DIRECTION('',(-1.0,0.0,0.0));
#4877=DIRECTION('',(0.0,1.0,0.0));
#4878=DIRECTION('',(-1.12478268856806E-32,-1.0,0.0));
#4879=DIRECTION('',(0.0,0.0,1.0));
#4880=DIRECTION('',(0.0,0.0,1.0));
#4881=DIRECTION('',(0.0,1.0,-7.60166398237012E-17));
#4882=DIRECTION('',(0.0,0.0,1.0));
#4883=DIRECTION('',(-0.0,-1.0,-7.60166398237012E-17));
#4884=DIRECTION('',(0.0,0.0,1.0));
#4885=DIRECTION('',(-0.0,1.0,6.12323399573676E-17));
#4886=DIRECTION('',(0.0,0.0,-1.0));
#4887=DIRECTION('',(0.0,1.0,0.0));
#4888=DIRECTION('',(0.0,0.0,-1.0));
#4889=DIRECTION('',(0.0,-1.0,-7.60166398237012E-17));
#4890=DIRECTION('',(0.0,-0.766044443118978,-0.642787609686539));
#4891=DIRECTION('',(0.0,6.12323399573676E-17,-1.0));
#4892=DIRECTION('',(1.0,0.0,-0.0));
#4893=DIRECTION('',(-1.0,0.0,0.0));
#4894=DIRECTION('',(0.0,-1.0,0.0));
#4895=DIRECTION('',(-1.0,0.0,0.0));
#4896=DIRECTION('',(0.0,0.0,-1.0));
#4897=DIRECTION('',(-0.0,-1.0,-6.12323399573676E-17));
#4898=DIRECTION('',(0.0,-6.12323399573676E-17,1.0));
#4899=DIRECTION('',(0.0,0.766044443118978,0.642787609686539));
#4900=DIRECTION('',(0.0,1.0,7.60166398237012E-17));
#4901=DIRECTION('',(0.0,0.0,1.0));
#4902=DIRECTION('',(-1.0,-0.0,-6.12323399573676E-17));
#4903=DIRECTION('',(1.0,0.0,6.12323399573676E-17));
#4904=DIRECTION('',(1.0,0.0,6.12323399573676E-17));
#4905=DIRECTION('',(1.0,0.0,6.12323399573676E-17));
#4906=DIRECTION('',(1.0,0.0,6.12323399573676E-17));
#4907=DIRECTION('',(-1.0,3.74939945665464E-33,-6.12323399573676E-17));
#4908=DIRECTION('',(0.540716203060937,0.644400477571772,0.540716203060937));
#4909=DIRECTION('',(0.540716203060937,-0.644400477571772,-0.540716203060937));
#4910=DIRECTION('',(-1.0,3.74939945665464E-33,-6.12323399573676E-17));
#4911=DIRECTION('',(3.74939945665464E-33,-1.0,-6.12323399573676E-17));
#4912=DIRECTION('',(5.30189445221214E-17,0.500277597874629,-0.865865073244551));
#4913=DIRECTION('',(-1.0,-3.53786853087013E-17,-2.16631968606713E-33));
#4914=DIRECTION('',(5.30189445221214E-17,0.500277597874629,-0.865865073244551));
#4915=DIRECTION('',(-1.0,-3.53786853087013E-17,-2.16631968606713E-33));
#4916=DIRECTION('',(0.0,-0.500277597874629,0.865865073244551));
#4917=DIRECTION('',(-1.0,-3.53786853087013E-17,-2.16631968606713E-33));
#4918=DIRECTION('',(0.0,0.500277597874629,-0.865865073244551));
#4919=DIRECTION('',(-3.74939945665464E-33,1.0,6.12323399573676E-17));
#4920=DIRECTION('',(0.0,1.0,6.12323399573676E-17));
#4921=DIRECTION('',(1.0,0.0,0.0));
#4922=DIRECTION('',(0.0,1.0,6.12323399573676E-17));
#4923=DIRECTION('',(0.0,1.0,6.12323399573676E-17));
#4924=DIRECTION('',(0.0,6.12323399573676E-17,-1.0));
#4925=DIRECTION('',(0.0,1.0,6.12323399573676E-17));
#4926=DIRECTION('',(1.0,0.0,0.0));
#4927=DIRECTION('',(-5.1380033874349E-17,6.12323399573676E-17,-1.0));
#4928=DIRECTION('',(-0.540716203060937,0.644400477571772,-0.540716203060937));
#4929=DIRECTION('',(1.0,0.0,6.12323399573676E-17));
#4930=DIRECTION('',(1.0,-3.74939945665464E-33,6.12323399573676E-17));
#4931=DIRECTION('',(-0.540716203060937,-0.644400477571772,0.540716203060937));
#4932=DIRECTION('',(-5.1380033874349E-17,-6.12323399573676E-17,1.0));
#4933=DIRECTION('',(0.0,1.0,6.12323399573676E-17));
#4934=DIRECTION('',(1.83690953073357E-16,6.12323399573676E-17,-1.0));
#4935=DIRECTION('',(0.0,1.0,6.12323399573676E-17));
#4936=DIRECTION('',(1.0,0.0,0.0));
#4937=DIRECTION('',(0.0,1.0,6.12323399573676E-17));
#4938=DIRECTION('',(0.0,-6.12323399573676E-17,1.0));
#4939=DIRECTION('',(0.0,-6.12323399573676E-17,1.0));
#4940=DIRECTION('',(0.0,1.0,6.12323399573676E-17));
#4941=DIRECTION('',(1.0,0.0,0.0));
#4942=DIRECTION('',(0.0,1.0,6.12323399573676E-17));
#4943=DIRECTION('',(0.0,6.12323399573676E-17,-1.0));
#4944=DIRECTION('',(0.0,1.0,6.12323399573676E-17));
#4945=DIRECTION('',(1.0,0.0,0.0));
#4946=DIRECTION('',(0.0,1.0,6.12323399573676E-17));
#4947=DIRECTION('',(0.0,-6.12323399573676E-17,1.0));
#4948=DIRECTION('',(0.0,1.0,6.12323399573676E-17));
#4949=DIRECTION('',(-1.0,0.0,0.0));
#4950=DIRECTION('',(-1.0,0.0,0.0));
ENDSEC;
END-ISO-10303-21;
